environment,method,seed,regime,weight_type,head_id,mean_gate_weight,std_gate_weight,dominant_fraction,dominant_tie_fraction,entropy,normalized_entropy,effective_heads,mean_max_weight,mean_head_output,std_head_output,n_observations,n_total_observations,invalid_gate_rows
Crop,Anchored,11,time_early,effective_gate,0,0.29111140857785356,0.06655388519838976,0.0,0.0,1.041895932362868,0.9483745476996244,2.880681555308704,0.41777519285678866,-70.53189653442055,19.227818816388204,40,40,0
Crop,Anchored,11,time_early,effective_gate,1,0.291113423587376,0.0665520706059259,0.0,0.0,1.041895932362868,0.9483745476996244,2.880681555308704,0.41777519285678866,-50.83546338162571,15.4485847744216,40,40,0
Crop,Anchored,11,time_early,effective_gate,2,0.41777519285678866,0.13310594938781245,1.0,0.0,1.041895932362868,0.9483745476996244,2.880681555308704,0.41777519285678866,-60.051647559236734,16.39785255173446,40,40,0
Crop,Anchored,11,time_early,raw_router,0,8.183405952877692e-07,5.175640365774599e-06,0.0,0.0,7.750995350656421e-05,7.055260013569713e-05,1.0000776302336376,0.9999916940927506,-70.53189653442055,19.227818816388204,40,40,0
Crop,Anchored,11,time_early,raw_router,1,7.488242410546353e-06,4.7359803365777675e-05,0.0,0.0,7.750995350656421e-05,7.055260013569713e-05,1.0000776302336376,0.9999916940927506,-50.83546338162571,15.4485847744216,40,40,0
Crop,Anchored,11,time_early,raw_router,2,0.9999916940927506,5.253116988473697e-05,1.0,0.0,7.750995350656421e-05,7.055260013569713e-05,1.0000776302336376,0.9999916940927506,-60.051647559236734,16.39785255173446,40,40,0
Crop,Anchored,11,time_late,effective_gate,0,0.28707323856651784,0.01932094622471329,0.0,0.0,1.0771113489457769,0.9804290012553935,2.936744467705489,0.4258535660803318,-46.48210959836096,11.511314921411358,40,40,0
Crop,Anchored,11,time_late,effective_gate,1,0.28707323856651784,0.01932094622471329,0.0,0.0,1.0771113489457769,0.9804290012553935,2.936744467705489,0.4258535660803318,-27.14672155210376,8.366333552781965,40,40,0
Crop,Anchored,11,time_late,effective_gate,2,0.4258535660803318,0.03864189948487274,1.0,0.0,1.0771113489457769,0.9804290012553935,2.936744467705489,0.4258535660803318,-36.19990390208364,7.36061688475464,40,40,0
Crop,Anchored,11,time_late,raw_router,0,1.0193591349991762e-30,6.446993240592916e-30,0.0,0.0,2.8196718108633265e-29,2.5665758884617286e-29,1.0,1.0,-46.48210959836096,11.511314921411358,40,40,0
Crop,Anchored,11,time_late,raw_router,1,1.1141218642342527e-33,7.046325363946251e-33,0.0,0.0,2.8196718108633265e-29,2.5665758884617286e-29,1.0,1.0,-27.14672155210376,8.366333552781965,40,40,0
Crop,Anchored,11,time_late,raw_router,2,1.0,0.0,1.0,0.0,2.8196718108633265e-29,2.5665758884617286e-29,1.0,1.0,-36.19990390208364,7.36061688475464,40,40,0
Crop,Anchored,11,time_mid,effective_gate,0,0.2932162396609783,0.01311249879095482,0.0,0.0,1.0832365944139786,0.9860044399532691,2.9543879217043063,0.4135675482451916,-45.260477096203715,12.49037944562891,40,40,0
Crop,Anchored,11,time_mid,effective_gate,1,0.2932162396609783,0.01311249879095482,0.0,0.0,1.0832365944139786,0.9860044399532691,2.9543879217043063,0.4135675482451916,-24.480074114620685,8.784160303231074,40,40,0
Crop,Anchored,11,time_mid,effective_gate,2,0.4135675482451916,0.026224991066520997,1.0,0.0,1.0832365944139786,0.9860044399532691,2.9543879217043063,0.4135675482451916,-37.25502614542842,9.221009708088065,40,40,0
Crop,Anchored,11,time_mid,raw_router,0,1.7290173865714844e-32,9.607637580938841e-32,0.0,0.0,4.777629564985848e-31,4.348785840342231e-31,1.0,1.0,-45.260477096203715,12.49037944562891,40,40,0
Crop,Anchored,11,time_mid,raw_router,1,6.4410637837996725e-37,3.6949319794324146e-36,0.0,0.0,4.777629564985848e-31,4.348785840342231e-31,1.0,1.0,-24.480074114620685,8.784160303231074,40,40,0
Crop,Anchored,11,time_mid,raw_router,2,1.0,0.0,1.0,0.0,4.777629564985848e-31,4.348785840342231e-31,1.0,1.0,-37.25502614542842,9.221009708088065,40,40,0
Crop,Anchored,22,time_early,effective_gate,0,0.37110209837555885,0.1426171467617805,1.0,0.0,1.048436762100933,0.9543282675018988,2.902398536167314,0.37110209837555885,-25.877849102675917,10.967773866923324,40,40,0
Crop,Anchored,22,time_early,effective_gate,1,0.31444875026791125,0.07130879087918449,0.0,0.0,1.048436762100933,0.9543282675018988,2.902398536167314,0.37110209837555885,22.965204386353495,10.85000954133545,40,40,0
Crop,Anchored,22,time_early,effective_gate,2,0.3144491805389407,0.07130836155212186,0.0,0.0,1.048436762100933,0.9543282675018988,2.902398536167314,0.37110209837555885,-27.27639796857536,12.866758368068686,40,40,0
Crop,Anchored,22,time_early,raw_router,0,0.9999983698129654,1.031020808288484e-05,1.0,0.0,1.7361489550655712e-05,1.580310882167877e-05,1.0000173675193729,0.9999983698129654,-25.877849102675917,10.967773866923324,40,40,0
Crop,Anchored,22,time_early,raw_router,1,2.1963039387173925e-09,1.389064576069166e-08,0.0,0.0,1.7361489550655712e-05,1.580310882167877e-05,1.0000173675193729,0.9999983698129654,22.965204386353495,10.85000954133545,40,40,0
Crop,Anchored,22,time_early,raw_router,2,1.628338577583026e-06,1.029851741411058e-05,0.0,0.0,1.7361489550655712e-05,1.580310882167877e-05,1.0000173675193729,0.9999983698129654,-27.27639796857536,12.866758368068686,40,40,0
Crop,Anchored,22,time_late,effective_gate,0,0.336297033727169,0.003565625642908503,0.975,0.0,1.0985644710554365,0.999956474533221,2.99985657233038,0.33640857934951784,6.575922430485488,3.5410586663451165,40,40,0
Crop,Anchored,22,time_late,effective_gate,1,0.33179184794425964,0.0017477889186389007,0.0,0.0,1.0985644710554365,0.999956474533221,2.99985657233038,0.33640857934951784,54.64106847899408,12.891813945108318,40,40,0
Crop,Anchored,22,time_late,effective_gate,2,0.33191114142537115,0.0018938626095158899,0.025,0.0,1.0985644710554365,0.999956474533221,2.99985657233038,0.33640857934951784,8.563115927182139,4.007013313208054,40,40,0
Crop,Anchored,22,time_late,raw_router,0,0.9765246414579452,0.14847120376396625,0.975,0.0,0.005741774894330532,0.005226388739280814,1.0064546498328073,0.9984753593802452,6.575922430485488,3.5410586663451165,40,40,0
Crop,Anchored,22,time_late,raw_router,1,2.639095048046066e-16,1.6691102626994143e-15,0.0,0.0,0.005741774894330532,0.005226388739280814,1.0064546498328073,0.9984753593802452,54.64106847899408,12.891813945108318,40,40,0
Crop,Anchored,22,time_late,raw_router,2,0.023475359380260772,0.14847120906514474,0.025,0.0,0.005741774894330532,0.005226388739280814,1.0064546498328073,0.9984753593802452,8.563115927182139,4.007013313208054,40,40,0
Crop,Anchored,22,time_mid,effective_gate,0,0.3340433187782764,0.001110273559652453,1.0,0.0,1.0986084597394956,0.9999965147589794,2.999988513371176,0.3340433187782764,0.3773778122663499,4.336487753320738,40,40,0
Crop,Anchored,22,time_mid,effective_gate,1,0.33297835737466813,0.0005551354335711305,0.0,0.0,1.0986084597394956,0.9999965147589794,2.999988513371176,0.3340433187782764,53.46060345306993,8.54694778660557,40,40,0
Crop,Anchored,22,time_mid,effective_gate,2,0.33297835737466813,0.0005551354335711305,0.0,0.0,1.0986084597394956,0.9999965147589794,2.999988513371176,0.3340433187782764,-0.08808287799358375,4.0874496245955925,40,40,0
Crop,Anchored,22,time_mid,raw_router,0,1.0,0.0,1.0,0.0,0.0,0.0,1.0,1.0,0.3773778122663499,4.336487753320738,40,40,0
Crop,Anchored,22,time_mid,raw_router,1,0.0,0.0,0.0,0.0,0.0,0.0,1.0,1.0,53.46060345306993,8.54694778660557,40,40,0
Crop,Anchored,22,time_mid,raw_router,2,0.0,0.0,0.0,0.0,0.0,0.0,1.0,1.0,-0.08808287799358375,4.0874496245955925,40,40,0
Crop,Anchored,33,time_early,effective_gate,0,0.3276756785809994,0.014788427661784677,0.0,0.0,1.0878939474876799,0.9902437454132027,2.9704835611805174,0.3552179723978043,-36.58371770316362,10.358318166101196,40,40,0
Crop,Anchored,33,time_early,effective_gate,1,0.3550636261701584,0.05921443679749829,0.925,0.0,1.0878939474876799,0.9902437454132027,2.9704835611805174,0.3552179723978043,-36.54397836649418,9.952624715603884,40,40,0
Crop,Anchored,33,time_early,effective_gate,2,0.317260717228055,0.05034946935851305,0.075,0.0,1.0878939474876799,0.9902437454132027,2.9704835611805174,0.3552179723978043,-95.35855026082695,23.358475101799456,40,40,0
Crop,Anchored,33,time_early,raw_router,0,0.020158665279999308,0.0737129952653844,0.0,0.0,0.0727871418147641,0.06625371167384882,1.0980908189890257,0.9666130766272545,-36.58371770316362,10.358318166101196,40,40,0
Crop,Anchored,33,time_early,raw_router,1,0.9082999193096442,0.2464389629189188,0.925,0.0,0.0727871418147641,0.06625371167384882,1.0980908189890257,0.9666130766272545,-36.54397836649418,9.952624715603884,40,40,0
Crop,Anchored,33,time_early,raw_router,2,0.07154141569571922,0.24130827942873884,0.075,0.0,0.0727871418147641,0.06625371167384882,1.0980908189890257,0.9666130766272545,-95.35855026082695,23.358475101799456,40,40,0
Crop,Anchored,33,time_late,effective_gate,0,0.34936626702547074,0.02026932537726026,0.8,0.0,1.09716964990143,0.9986868536047154,2.9956914714349994,0.3493667259812355,-18.914864729076623,6.405391305865965,40,40,0
Crop,Anchored,33,time_late,effective_gate,1,0.32531710937619207,0.010134849715111709,0.2,0.0,1.09716964990143,0.9986868536047154,2.9956914714349994,0.3493667259812355,-14.16557171846926,3.688448972525652,40,40,0
Crop,Anchored,33,time_late,effective_gate,2,0.32531665042042734,0.010134477280536467,0.0,0.0,1.09716964990143,0.9986868536047154,2.9956914714349994,0.3493667259812355,-79.06096635693311,13.355615917810013,40,40,0
Crop,Anchored,33,time_late,raw_router,0,0.8,0.4050957468334667,0.8,0.0,4.4106135892054096e-11,4.014713502388151e-11,1.0000000000441063,1.0,-18.914864729076623,6.405391305865965,40,40,0
Crop,Anchored,33,time_late,raw_router,1,0.20000000000189103,0.40509574683250915,0.2,0.0,4.4106135892054096e-11,4.014713502388151e-11,1.0000000000441063,1.0,-14.16557171846926,3.688448972525652,40,40,0
Crop,Anchored,33,time_late,raw_router,2,1.5624545041331305e-25,9.862119549337385e-25,0.0,0.0,4.4106135892054096e-11,4.014713502388151e-11,1.0000000000441063,1.0,-79.06096635693311,13.355615917810013,40,40,0
Crop,Anchored,33,time_mid,effective_gate,0,0.3333263099193573,1.4915566328486724e-05,0.0,0.0,1.0986122889214687,1.0000000002306173,3.000000000760078,0.3333473101258278,-9.151223808377981,7.693699452922708,40,40,0
Crop,Anchored,33,time_mid,effective_gate,1,0.3333423681557178,3.098902518465452e-05,0.75,0.0,1.0986122889214687,1.0000000002306173,3.000000000760078,0.3333473101258278,-7.580041261155159,7.420247814348677,40,40,0
Crop,Anchored,33,time_mid,effective_gate,2,0.333331348747015,1.7727665076987205e-05,0.25,0.0,1.0986122889214687,1.0000000002306173,3.000000000760078,0.3333473101258278,-71.32557879525423,13.020951162765893,40,40,0
Crop,Anchored,33,time_mid,raw_router,0,6.470331326209733e-07,3.881353608300992e-06,0.0,0.0,0.0359139782205334,0.032690311760551406,1.0418819264603396,0.9894262924790382,-9.151223808377981,7.693699452922708,40,40,0
Crop,Anchored,33,time_mid,raw_router,1,0.7538144399275961,0.4250647419987909,0.75,0.0,0.0359139782205334,0.032690311760551406,1.0418819264603396,0.9894262924790382,-7.580041261155159,7.420247814348677,40,40,0
Crop,Anchored,33,time_mid,raw_router,2,0.24618489961058163,0.42506385647939693,0.25,0.0,0.0359139782205334,0.032690311760551406,1.0418819264603396,0.9894262924790382,-71.32557879525423,13.020951162765893,40,40,0
Crop,Anchored,44,time_early,effective_gate,0,0.3713349260389805,0.11045879641632506,1.0,0.0,1.0671146286813329,0.971329594333081,2.9363994239896183,0.3713349260389805,4.606300026088954,13.738671057237939,40,40,0
Crop,Anchored,44,time_early,effective_gate,1,0.31431285043945534,0.055241332623671105,0.0,0.0,1.0671146286813329,0.971329594333081,2.9363994239896183,0.3713349260389805,-2.853162085443735,12.254055559687867,40,40,0
Crop,Anchored,44,time_early,effective_gate,2,0.31435224910965187,0.055217749644036154,0.0,0.0,1.0671146286813329,0.971329594333081,2.9363994239896183,0.3713349260389805,-14.537148879386484,9.765704858572587,40,40,0
Crop,Anchored,44,time_early,raw_router,0,0.9996677413582802,0.0021013881602169582,1.0,0.0,0.001888833387017955,0.001719290241426173,1.0019620186857103,0.9996677413582802,4.606300026088954,13.738671057237939,40,40,0
Crop,Anchored,44,time_early,raw_router,1,4.051725278688173e-05,0.0002562536057069312,0.0,0.0,0.001888833387017955,0.001719290241426173,1.0019620186857103,0.9996677413582802,-2.853162085443735,12.254055559687867,40,40,0
Crop,Anchored,44,time_early,raw_router,2,0.0002917417329272171,0.001845136726429378,0.0,0.0,0.001888833387017955,0.001719290241426173,1.0019620186857103,0.9996677413582802,-14.537148879386484,9.765704858572587,40,40,0
Crop,Anchored,44,time_late,effective_gate,0,0.3378283940255642,0.010829692612472226,0.325,0.0,1.0982694271864273,0.9996879140300733,2.998972062811333,0.3423035852611065,19.99426355468901,6.578003769270054,40,40,0
Crop,Anchored,44,time_late,effective_gate,1,0.33333591669797896,0.00769321997051718,0.675,0.0,1.0982694271864273,0.9996879140300733,2.998972062811333,0.3423035852611065,7.090227966129779,4.549435359064246,40,40,0
Crop,Anchored,44,time_late,effective_gate,2,0.3288357175886631,0.004358969180936055,0.0,0.0,1.0982694271864273,0.9996879140300733,2.998972062811333,0.3423035852611065,-6.022682037875056,3.7186135935361944,40,40,0
Crop,Anchored,44,time_late,raw_router,0,0.3241979599000555,0.47319680226213606,0.325,0.0,0.0035476313629872517,0.0032291932282026295,1.0038116863064377,0.9991979598999023,19.99426355468901,6.578003769270054,40,40,0
Crop,Anchored,44,time_late,raw_router,1,0.6758020407520234,0.47319680135264663,0.675,0.0,0.0035476313629872517,0.0032291932282026295,1.0038116863064377,0.9991979598999023,7.090227966129779,4.549435359064246,40,40,0
Crop,Anchored,44,time_late,raw_router,2,6.569671342875933e-21,4.1550249842920545e-20,0.0,0.0,0.0035476313629872517,0.0032291932282026295,1.0038116863064377,0.9991979598999023,-6.022682037875056,3.7186135935361944,40,40,0
Crop,Anchored,44,time_mid,effective_gate,0,0.3594828017055988,0.019207360619641074,1.0,0.0,1.0963199638697971,0.9979134360484064,2.9931486312144635,0.3594828017055988,29.206820044770836,9.322143803367116,40,40,0
Crop,Anchored,44,time_mid,effective_gate,1,0.3202586129307747,0.009603679847628208,0.0,0.0,1.0963199638697971,0.9979134360484064,2.9931486312144635,0.3594828017055988,16.26306201414764,6.2742646855941695,40,40,0
Crop,Anchored,44,time_mid,effective_gate,2,0.3202586129307747,0.009603679847628208,0.0,0.0,1.0963199638697971,0.9979134360484064,2.9931486312144635,0.3594828017055988,1.5031346810525281,4.948274030415487,40,40,0
Crop,Anchored,44,time_mid,raw_router,0,1.0,0.0,1.0,0.0,1.6014039996589833e-16,1.457660738166717e-16,1.0000000000000002,1.0,29.206820044770836,9.322143803367116,40,40,0
Crop,Anchored,44,time_mid,raw_router,1,4.1173187043884724e-18,2.602852116188057e-17,0.0,0.0,1.6014039996589833e-16,1.457660738166717e-16,1.0000000000000002,1.0,16.26306201414764,6.2742646855941695,40,40,0
Crop,Anchored,44,time_mid,raw_router,2,1.6783556318589735e-18,1.0613607959362423e-17,0.0,0.0,1.6014039996589833e-16,1.457660738166717e-16,1.0000000000000002,1.0,1.5031346810525281,4.948274030415487,40,40,0
Crop,Anchored,55,time_early,effective_gate,0,0.3026733048271126,0.07147307817889537,0.0,0.0,1.0407799321693352,0.9473587205465479,2.8905064324378906,0.3946531943976879,15.915285900980233,11.289342221187919,40,40,0
Crop,Anchored,55,time_early,effective_gate,1,0.3026735320698208,0.07147295893276155,0.0,0.0,1.0407799321693352,0.9473587205465479,2.8905064324378906,0.3946531943976879,-28.916979153059422,14.910336228451708,40,40,0
Crop,Anchored,55,time_early,effective_gate,2,0.3946531943976879,0.14294602912083756,1.0,0.0,1.0407799321693352,0.9473587205465479,2.8905064324378906,0.3946531943976879,-71.21813495430723,23.147404813581065,40,40,0
Crop,Anchored,55,time_early,raw_router,0,4.249725407135312e-07,2.687762343366575e-06,0.0,0.0,2.1688376936605877e-05,1.9741611449567468e-05,1.0000216977873717,0.9999980211257935,15.915285900980233,11.289342221187919,40,40,0
Crop,Anchored,55,time_early,raw_router,1,1.55292327691133e-06,9.82154917301705e-06,0.0,0.0,2.1688376936605877e-05,1.9741611449567468e-05,1.0000216977873717,0.9999980211257935,-28.916979153059422,14.910336228451708,40,40,0
Crop,Anchored,55,time_early,raw_router,2,0.9999980211257935,1.2515499391250962e-05,1.0,0.0,2.1688376936605877e-05,1.9741611449567468e-05,1.0000216977873717,0.9999980211257935,-71.21813495430723,23.147404813581065,40,40,0
Crop,Anchored,55,time_late,effective_gate,0,0.3008977323770523,0.01172623810842702,0.0,0.0,1.088291418610207,0.9906055392203784,2.9692648912376023,0.3982045665383339,27.663444022655483,8.67171600126433,40,40,0
Crop,Anchored,55,time_late,effective_gate,1,0.3008977323770523,0.01172623810842702,0.0,0.0,1.088291418610207,0.9906055392203784,2.9692648912376023,0.3982045665383339,-15.897794157639145,7.649049423672348,40,40,0
Crop,Anchored,55,time_late,effective_gate,2,0.3982045665383339,0.023452476676439106,1.0,0.0,1.088291418610207,0.9906055392203784,2.9692648912376023,0.3982045665383339,-52.80257190674543,14.501564958378792,40,40,0
Crop,Anchored,55,time_late,raw_router,0,1.5160893053549262e-34,9.588469972048237e-34,0.0,0.0,7.977866211710509e-27,7.261766770679749e-27,1.0,1.0,27.663444022655483,8.67171600126433,40,40,0
Crop,Anchored,55,time_late,raw_router,1,2.887284544834256e-28,1.825236932272702e-27,0.0,0.0,7.977866211710509e-27,7.261766770679749e-27,1.0,1.0,-15.897794157639145,7.649049423672348,40,40,0
Crop,Anchored,55,time_late,raw_router,2,1.0,0.0,1.0,0.0,7.977866211710509e-27,7.261766770679749e-27,1.0,1.0,-52.80257190674543,14.501564958378792,40,40,0
Crop,Anchored,55,time_mid,effective_gate,0,0.31502940207719804,0.006940152852474199,0.0,0.0,1.0952457437915608,0.9969356387951656,2.98992624501583,0.3699412278831005,42.59808455561474,8.310643622339175,40,40,0
Crop,Anchored,55,time_mid,effective_gate,1,0.31502940207719804,0.006940152852474199,0.0,0.0,1.0952457437915608,0.9969356387951656,2.98992624501583,0.3699412278831005,-7.30887387311086,4.2508390829257054,40,40,0
Crop,Anchored,55,time_mid,effective_gate,2,0.3699412278831005,0.013880300377387658,1.0,0.0,1.0952457437915608,0.9969356387951656,2.98992624501583,0.3699412278831005,-52.24923625403642,7.439130964846655,40,40,0
Crop,Anchored,55,time_mid,raw_router,0,0.0,0.0,0.0,0.0,0.0,0.0,1.0,1.0,42.59808455561474,8.310643622339175,40,40,0
Crop,Anchored,55,time_mid,raw_router,1,0.0,0.0,0.0,0.0,0.0,0.0,1.0,1.0,-7.30887387311086,4.2508390829257054,40,40,0
Crop,Anchored,55,time_mid,raw_router,2,1.0,0.0,1.0,0.0,0.0,0.0,1.0,1.0,-52.24923625403642,7.439130964846655,40,40,0
Crop,Naive,11,time_early,effective_gate,0,6.605808266614736e-07,4.177879981773259e-06,0.0,0.0,6.699946131208216e-05,6.098553784912436e-05,1.0000670893201236,0.9999929323792458,-51.545575417459006,13.603905735043808,40,40,0
Crop,Naive,11,time_early,effective_gate,1,6.405412570966695e-06,4.0511386140020816e-05,0.0,0.0,6.699946131208216e-05,6.098553784912436e-05,1.0000670893201236,0.9999929323792458,-34.43271512015165,9.946961298737984,40,40,0
Crop,Naive,11,time_early,effective_gate,2,0.9999929323792458,4.469955844334581e-05,1.0,0.0,6.699946131208216e-05,6.098553784912436e-05,1.0000670893201236,0.9999929323792458,-52.039825312219556,13.25830994564593,40,40,0
Crop,Naive,11,time_late,effective_gate,0,0.0,0.0,0.0,0.0,0.0,0.0,1.0,1.0,-52.937135358691215,9.730997054509924,40,40,0
Crop,Naive,11,time_late,effective_gate,1,0.0,0.0,0.0,0.0,0.0,0.0,1.0,1.0,-33.2334006925784,6.84066310639932,40,40,0
Crop,Naive,11,time_late,effective_gate,2,1.0,0.0,1.0,0.0,0.0,0.0,1.0,1.0,-36.70621912601963,5.73596571518363,40,40,0
Crop,Naive,11,time_mid,effective_gate,0,1.447090943047335e-35,9.152206722861159e-35,0.0,0.0,1.0624160866538447e-31,9.670527970717065e-32,1.0,1.0,-55.64071790781618,9.993487027648582,40,40,0
Crop,Naive,11,time_mid,effective_gate,1,3.830541123227959e-33,2.422646924068013e-32,0.0,0.0,1.0624160866538447e-31,9.670527970717065e-32,1.0,1.0,-35.78172828728706,7.167193676793207,40,40,0
Crop,Naive,11,time_mid,effective_gate,2,1.0,0.0,1.0,0.0,1.0624160866538447e-31,9.670527970717065e-32,1.0,1.0,-33.09079152072966,6.9989029912316845,40,40,0
Crop,Naive,22,time_early,effective_gate,0,0.9999997794628144,1.3947996309546236e-06,1.0,0.0,2.8018589237774013e-06,2.5503618998966442e-06,1.000002802015938,0.9999997794628144,-15.89864505891875,13.842560681304677,40,40,0
Crop,Naive,22,time_early,effective_gate,1,4.824690869043024e-10,3.051402430478624e-09,0.0,0.0,2.8018589237774013e-06,2.5503618998966442e-06,1.000002802015938,0.9999997794628144,39.69371865023301,10.931153009233704,40,40,0
Crop,Naive,22,time_early,effective_gate,2,2.2110784811977927e-07,1.3984088171928221e-06,0.0,0.0,2.8018589237774013e-06,2.5503618998966442e-06,1.000002802015938,0.9999997794628144,-16.623133320212364,4.812299369732436,40,40,0
Crop,Naive,22,time_late,effective_gate,0,1.0,0.0,1.0,0.0,5.80789611862159e-45,5.286574871343126e-45,1.0,1.0,23.053077535972,5.871191062455406,40,40,0
Crop,Naive,22,time_late,effective_gate,1,0.0,0.0,0.0,0.0,5.80789611862159e-45,5.286574871343126e-45,1.0,1.0,42.227982296712696,8.15536185377106,40,40,0
Crop,Naive,22,time_late,effective_gate,2,2.1019476964872255e-46,1.3293884486887877e-45,0.0,0.0,5.80789611862159e-45,5.286574871343126e-45,1.0,1.0,-18.283910540521145,4.014356127467376,40,40,0
Crop,Naive,22,time_mid,effective_gate,0,1.0,0.0,1.0,0.0,0.0,0.0,1.0,1.0,21.200027917005123,8.190191291441268,40,40,0
Crop,Naive,22,time_mid,effective_gate,1,0.0,0.0,0.0,0.0,0.0,0.0,1.0,1.0,43.26744852954149,8.972479815289715,40,40,0
Crop,Naive,22,time_mid,effective_gate,2,0.0,0.0,0.0,0.0,0.0,0.0,1.0,1.0,-17.956924652159213,4.483911583560126,40,40,0
Crop,Naive,33,time_early,effective_gate,0,0.764054134907201,0.2457300945200682,0.875,0.0,0.3899815889223934,0.35497653989942457,1.5125153149859418,0.8357222527265549,-46.97162878581137,14.04548306662922,40,40,0
Crop,Naive,33,time_early,effective_gate,1,0.0977099961642218,0.2662823546767227,0.1,0.0,0.3899815889223934,0.35497653989942457,1.5125153149859418,0.8357222527265549,-267.9148272058516,161.93145340276968,40,40,0
Crop,Naive,33,time_early,effective_gate,2,0.1382358795316449,0.1273382296766305,0.025,0.0,0.3899815889223934,0.35497653989942457,1.5125153149859418,0.8357222527265549,-95.67088223989307,27.123687148379503,40,40,0
Crop,Naive,33,time_late,effective_gate,0,0.8040541679598391,0.26152054703827604,0.9,0.0,0.3717294855159813,0.3383627594104589,1.5384306510702697,0.86619573533535,-99.20328597578407,36.88049900672225,40,40,0
Crop,Naive,33,time_late,effective_gate,1,0.054429307419468345,0.0783653761529965,0.0,0.0,0.3717294855159813,0.3383627594104589,1.5384306510702697,0.86619573533535,-662.1912898216249,247.6677343995303,40,40,0
Crop,Naive,33,time_late,effective_gate,2,0.14151654454472004,0.24150132999683882,0.1,0.0,0.3717294855159813,0.3383627594104589,1.5384306510702697,0.86619573533535,-316.57812515233456,120.00203853522244,40,40,0
Crop,Naive,33,time_mid,effective_gate,0,0.9484423935413361,0.08861946145818929,1.0,0.0,0.16443816719064325,0.1496780701315457,1.210273367992541,0.9484423935413361,-77.35230032977461,18.26350066068759,40,40,0
Crop,Naive,33,time_mid,effective_gate,1,0.021229555577347237,0.042324378006175445,0.0,0.0,0.16443816719064325,0.1496780701315457,1.210273367992541,0.9484423935413361,-694.6071007080078,149.61281843440574,40,40,0
Crop,Naive,33,time_mid,effective_gate,2,0.03032803528678296,0.06615209560296405,0.0,0.0,0.16443816719064325,0.1496780701315457,1.210273367992541,0.9484423935413361,-189.00259156632424,68.97106624422484,40,40,0
Crop,Naive,44,time_early,effective_gate,0,0.9500082969665528,0.08578706951691263,1.0,0.0,0.1391498458157991,0.12665964804061663,1.1721345296461407,0.9500082969665528,-27.619617510810496,7.5747630796388075,40,40,0
Crop,Naive,44,time_early,effective_gate,1,0.00014317586170936778,0.0009055235920406305,0.0,0.0,0.1391498458157991,0.12665964804061663,1.1721345296461407,0.9500082969665528,-24.686332208469512,6.466573243291822,40,40,0
Crop,Naive,44,time_early,effective_gate,2,0.04984852650734654,0.08580137482555304,0.0,0.0,0.1391498458157991,0.12665964804061663,1.1721345296461407,0.9500082969665528,-56.809204414281986,26.412611965069306,40,40,0
Crop,Naive,44,time_late,effective_gate,0,0.8731893133372068,0.21706389917062097,0.925,0.0,0.20900874836779076,0.19024796147254108,1.2693672475785798,0.9117149204015732,-89.9944788732361,32.100864479734064,40,40,0
Crop,Naive,44,time_late,effective_gate,1,3.6602765065747452e-09,1.8892641878097196e-08,0.0,0.0,0.20900874836779076,0.19024796147254108,1.2693672475785798,0.9117149204015732,-39.4095793383643,20.277853680236102,40,40,0
Crop,Naive,44,time_late,effective_gate,2,0.12681068138386498,0.21706390507801623,0.075,0.0,0.20900874836779076,0.19024796147254108,1.2693672475785798,0.9117149204015732,-332.6797654154747,113.71786933433569,40,40,0
Crop,Naive,44,time_mid,effective_gate,0,0.9320897101424634,0.18115183335352208,0.95,0.0,0.10836971428463697,0.09864236492021927,1.1337368292009173,0.9611254408955574,-43.35256465272233,21.27563761406423,40,40,0
Crop,Naive,44,time_mid,effective_gate,1,1.3524967490293369e-09,8.553938990325473e-09,0.0,0.0,0.10836971428463697,0.09864236492021927,1.1337368292009173,0.9611254408955574,-23.93461239680648,6.800531446647014,40,40,0
Crop,Naive,44,time_mid,effective_gate,2,0.06791029612777774,0.18115183929636394,0.05,0.0,0.10836971428463697,0.09864236492021927,1.1337368292009173,0.9611254408955574,-282.57884362542626,131.58178489521154,40,40,0
Crop,Naive,55,time_early,effective_gate,0,3.2974542730376934e-07,2.085488585890322e-06,0.0,0.0,1.7335033878382524e-05,1.5779027831008934e-05,1.0000173410453237,0.9999984532594681,-103.7492699919641,85.52007834632519,40,40,0
Crop,Naive,55,time_early,effective_gate,1,1.2167967725066874e-06,7.695698501258446e-06,0.0,0.0,1.7335033878382524e-05,1.5779027831008934e-05,1.0000173410453237,0.9999984532594681,-39.923395983606575,11.568604741485288,40,40,0
Crop,Naive,55,time_early,effective_gate,2,0.9999984532594681,9.782446060343914e-06,1.0,0.0,1.7335033878382524e-05,1.5779027831008934e-05,1.0000173410453237,0.9999984532594681,-56.31441434794665,22.11295752167429,40,40,0
Crop,Naive,55,time_late,effective_gate,0,0.04969731489533248,0.2143389398446397,0.05,0.0,0.03237565637344068,0.02946959241889688,1.034693438502978,0.9929743766784668,-78.99077672372758,31.23897684233741,40,40,0
Crop,Naive,55,time_late,effective_gate,1,0.004464994417050593,0.010232676425573272,0.0,0.0,0.03237565637344068,0.02946959241889688,1.034693438502978,0.9929743766784668,-30.648364669172093,19.166000025583045,40,40,0
Crop,Naive,55,time_late,effective_gate,2,0.9458376901094198,0.2135225428216506,0.95,0.0,0.03237565637344068,0.02946959241889688,1.034693438502978,0.9929743766784668,-61.705580153398216,21.381404950887962,40,40,0
Crop,Naive,55,time_mid,effective_gate,0,0.05195838033016259,0.16998588073981058,0.05,0.0,0.07100468826544033,0.06463125253361408,1.0891146285626558,0.9737468615174294,-164.03888909853623,40.54923347875611,40,40,0
Crop,Naive,55,time_mid,effective_gate,1,1.7613694721536607e-17,1.1139714301348864e-16,0.0,0.0,0.07100468826544033,0.06463125253361408,1.0891146285626558,0.9737468615174294,-42.90346122461557,11.499650460555994,40,40,0
Crop,Naive,55,time_mid,effective_gate,2,0.9480416268110275,0.16998587409813531,0.95,0.0,0.07100468826544033,0.06463125253361408,1.0891146285626558,0.9737468615174294,-29.484748297601936,15.219024107719354,40,40,0
Crop,Uniform,11,time_early,effective_gate,0,0.3333333432674408,0.0,0.0,1.0,1.0986122916069845,1.000000002675079,3.0000000088166243,0.3333333432674408,-79.11455194327048,22.325111431166185,40,40,0
Crop,Uniform,11,time_early,effective_gate,1,0.3333333432674408,0.0,0.0,1.0,1.0986122916069845,1.000000002675079,3.0000000088166243,0.3333333432674408,-61.701829743504526,19.3227910124411,40,40,0
Crop,Uniform,11,time_early,effective_gate,2,0.3333333432674408,0.0,0.0,1.0,1.0986122916069845,1.000000002675079,3.0000000088166243,0.3333333432674408,-61.466036598443985,17.411280101012263,40,40,0
Crop,Uniform,11,time_late,effective_gate,0,0.3333333432674408,0.0,0.0,1.0,1.0986122916069845,1.000000002675079,3.0000000088166243,0.3333333432674408,-70.61575608620048,17.330388469713487,40,40,0
Crop,Uniform,11,time_late,effective_gate,1,0.3333333432674408,0.0,0.0,1.0,1.0986122916069845,1.000000002675079,3.0000000088166243,0.3333333432674408,-51.17901544052363,13.987470042641077,40,40,0
Crop,Uniform,11,time_late,effective_gate,2,0.3333333432674408,0.0,0.0,1.0,1.0986122916069845,1.000000002675079,3.0000000088166243,0.3333333432674408,-53.45541617682949,13.298349040929084,40,40,0
Crop,Uniform,11,time_mid,effective_gate,0,0.3333333432674408,0.0,0.0,1.0,1.0986122916069845,1.000000002675079,3.0000000088166243,0.3333333432674408,-61.100479815170175,13.511163583283231,40,40,0
Crop,Uniform,11,time_mid,effective_gate,1,0.3333333432674408,0.0,0.0,1.0,1.0986122916069845,1.000000002675079,3.0000000088166243,0.3333333432674408,-41.748168554365634,10.782944277403253,40,40,0
Crop,Uniform,11,time_mid,effective_gate,2,0.3333333432674408,0.0,0.0,1.0,1.0986122916069845,1.000000002675079,3.0000000088166243,0.3333333432674408,-42.9534351744093,8.938005018427198,40,40,0
Crop,Uniform,22,time_early,effective_gate,0,0.3333333432674408,0.0,0.0,1.0,1.0986122916069845,1.000000002675079,3.0000000088166243,0.3333333432674408,-1.4988038682937623,12.488091565860023,40,40,0
Crop,Uniform,22,time_early,effective_gate,1,0.3333333432674408,0.0,0.0,1.0,1.0986122916069845,1.000000002675079,3.0000000088166243,0.3333333432674408,38.79395465692505,16.57384929739845,40,40,0
Crop,Uniform,22,time_early,effective_gate,2,0.3333333432674408,0.0,0.0,1.0,1.0986122916069845,1.000000002675079,3.0000000088166243,0.3333333432674408,-21.94659421852231,14.292806948303532,40,40,0
Crop,Uniform,22,time_late,effective_gate,0,0.3333333432674408,0.0,0.0,1.0,1.0986122916069845,1.000000002675079,3.0000000088166243,0.3333333432674408,20.91771056233346,6.868098556049275,40,40,0
Crop,Uniform,22,time_late,effective_gate,1,0.3333333432674408,0.0,0.0,1.0,1.0986122916069845,1.000000002675079,3.0000000088166243,0.3333333432674408,62.4394535452202,12.31114559521892,40,40,0
Crop,Uniform,22,time_late,effective_gate,2,0.3333333432674408,0.0,0.0,1.0,1.0986122916069845,1.000000002675079,3.0000000088166243,0.3333333432674408,3.661123065922409,4.338582252440568,40,40,0
Crop,Uniform,22,time_mid,effective_gate,0,0.3333333432674408,0.0,0.0,1.0,1.0986122916069845,1.000000002675079,3.0000000088166243,0.3333333432674408,26.127197552118446,7.61148870732867,40,40,0
Crop,Uniform,22,time_mid,effective_gate,1,0.3333333432674408,0.0,0.0,1.0,1.0986122916069845,1.000000002675079,3.0000000088166243,0.3333333432674408,66.95153825411201,14.135511413649903,40,40,0
Crop,Uniform,22,time_mid,effective_gate,2,0.3333333432674408,0.0,0.0,1.0,1.0986122916069845,1.000000002675079,3.0000000088166243,0.3333333432674408,6.184305732190609,5.909882121287405,40,40,0
Crop,Uniform,33,time_early,effective_gate,0,0.3333333432674408,0.0,0.0,1.0,1.0986122916069845,1.000000002675079,3.0000000088166243,0.3333333432674408,-33.65114680742472,13.912105589417347,40,40,0
Crop,Uniform,33,time_early,effective_gate,1,0.3333333432674408,0.0,0.0,1.0,1.0986122916069845,1.000000002675079,3.0000000088166243,0.3333333432674408,-36.40097780288756,13.644120667354635,40,40,0
Crop,Uniform,33,time_early,effective_gate,2,0.3333333432674408,0.0,0.0,1.0,1.0986122916069845,1.000000002675079,3.0000000088166243,0.3333333432674408,-94.05332101833821,26.35358489266374,40,40,0
Crop,Uniform,33,time_late,effective_gate,0,0.3333333432674408,0.0,0.0,1.0,1.0986122916069845,1.000000002675079,3.0000000088166243,0.3333333432674408,10.137082786828278,2.659212316850215,40,40,0
Crop,Uniform,33,time_late,effective_gate,1,0.3333333432674408,0.0,0.0,1.0,1.0986122916069845,1.000000002675079,3.0000000088166243,0.3333333432674408,8.64826333808154,2.6765072312407643,40,40,0
Crop,Uniform,33,time_late,effective_gate,2,0.3333333432674408,0.0,0.0,1.0,1.0986122916069845,1.000000002675079,3.0000000088166243,0.3333333432674408,-56.61555891472101,6.774410263066752,40,40,0
Crop,Uniform,33,time_mid,effective_gate,0,0.3333333432674408,0.0,0.0,1.0,1.0986122916069845,1.000000002675079,3.0000000088166243,0.3333333432674408,4.184720193549991,6.944221494910769,40,40,0
Crop,Uniform,33,time_mid,effective_gate,1,0.3333333432674408,0.0,0.0,1.0,1.0986122916069845,1.000000002675079,3.0000000088166243,0.3333333432674408,4.268517008572816,7.051808580661184,40,40,0
Crop,Uniform,33,time_mid,effective_gate,2,0.3333333432674408,0.0,0.0,1.0,1.0986122916069845,1.000000002675079,3.0000000088166243,0.3333333432674408,-61.42254611578583,13.31159056259807,40,40,0
Crop,Uniform,44,time_early,effective_gate,0,0.3333333432674408,0.0,0.0,1.0,1.0986122916069845,1.000000002675079,3.0000000088166243,0.3333333432674408,-6.725086447276174,14.303276723429041,40,40,0
Crop,Uniform,44,time_early,effective_gate,1,0.3333333432674408,0.0,0.0,1.0,1.0986122916069845,1.000000002675079,3.0000000088166243,0.3333333432674408,-16.014670203834775,12.495112498058775,40,40,0
Crop,Uniform,44,time_early,effective_gate,2,0.3333333432674408,0.0,0.0,1.0,1.0986122916069845,1.000000002675079,3.0000000088166243,0.3333333432674408,-11.968147328495979,12.310533908054568,40,40,0
Crop,Uniform,44,time_late,effective_gate,0,0.3333333432674408,0.0,0.0,1.0,1.0986122916069845,1.000000002675079,3.0000000088166243,0.3333333432674408,28.668723388135437,8.07314610620062,40,40,0
Crop,Uniform,44,time_late,effective_gate,1,0.3333333432674408,0.0,0.0,1.0,1.0986122916069845,1.000000002675079,3.0000000088166243,0.3333333432674408,16.577916820317505,6.014891432938914,40,40,0
Crop,Uniform,44,time_late,effective_gate,2,0.3333333432674408,0.0,0.0,1.0,1.0986122916069845,1.000000002675079,3.0000000088166243,0.3333333432674408,18.65374434952438,7.049082728693888,40,40,0
Crop,Uniform,44,time_mid,effective_gate,0,0.3333333432674408,0.0,0.0,1.0,1.0986122916069845,1.000000002675079,3.0000000088166243,0.3333333432674408,27.323203496098518,9.685203920895297,40,40,0
Crop,Uniform,44,time_mid,effective_gate,1,0.3333333432674408,0.0,0.0,1.0,1.0986122916069845,1.000000002675079,3.0000000088166243,0.3333333432674408,14.113903443276882,7.231964040156181,40,40,0
Crop,Uniform,44,time_mid,effective_gate,2,0.3333333432674408,0.0,0.0,1.0,1.0986122916069845,1.000000002675079,3.0000000088166243,0.3333333432674408,18.193039958529177,8.239409608843177,40,40,0
Crop,Uniform,55,time_early,effective_gate,0,0.3333333432674408,0.0,0.0,1.0,1.0986122916069845,1.000000002675079,3.0000000088166243,0.3333333432674408,-0.8694067904297265,4.197251217993486,40,40,0
Crop,Uniform,55,time_early,effective_gate,1,0.3333333432674408,0.0,0.0,1.0,1.0986122916069845,1.000000002675079,3.0000000088166243,0.3333333432674408,-41.53835011611134,14.620527511922557,40,40,0
Crop,Uniform,55,time_early,effective_gate,2,0.3333333432674408,0.0,0.0,1.0,1.0986122916069845,1.000000002675079,3.0000000088166243,0.3333333432674408,-75.68459246249498,21.913728299268065,40,40,0
Crop,Uniform,55,time_late,effective_gate,0,0.3333333432674408,0.0,0.0,1.0,1.0986122916069845,1.000000002675079,3.0000000088166243,0.3333333432674408,21.300193883717064,6.459634934481803,40,40,0
Crop,Uniform,55,time_late,effective_gate,1,0.3333333432674408,0.0,0.0,1.0,1.0986122916069845,1.000000002675079,3.0000000088166243,0.3333333432674408,-15.984528505895288,5.4307106539124135,40,40,0
Crop,Uniform,55,time_late,effective_gate,2,0.3333333432674408,0.0,0.0,1.0,1.0986122916069845,1.000000002675079,3.0000000088166243,0.3333333432674408,-50.38942008715868,12.206862963901683,40,40,0
Crop,Uniform,55,time_mid,effective_gate,0,0.3333333432674408,0.0,0.0,1.0,1.0986122916069845,1.000000002675079,3.0000000088166243,0.3333333432674408,24.749356213107706,9.467972351259991,40,40,0
Crop,Uniform,55,time_mid,effective_gate,1,0.3333333432674408,0.0,0.0,1.0,1.0986122916069845,1.000000002675079,3.0000000088166243,0.3333333432674408,-13.894892702326178,5.885997316306723,40,40,0
Crop,Uniform,55,time_mid,effective_gate,2,0.3333333432674408,0.0,0.0,1.0,1.0986122916069845,1.000000002675079,3.0000000088166243,0.3333333432674408,-50.798263332337136,11.068370813638342,40,40,0
HalfCheetah,AMAF,11,time_early,effective_gate,0,0.4442046367845882,0.43572665401810134,0.44,0.04,0.42934628883641196,0.3097078808641861,1.6711552697565109,0.8170247590541839,0.03383192408829928,0.0976255798312577,50,50,0
HalfCheetah,AMAF,11,time_early,effective_gate,1,0.20544563335966365,0.3394451590061693,0.2,0.04,0.42934628883641196,0.3097078808641861,1.6711552697565109,0.8170247590541839,0.028217397192493065,0.1349974611398327,50,50,0
HalfCheetah,AMAF,11,time_early,effective_gate,2,0.16060998609312344,0.26070924259067707,0.14,0.04,0.42934628883641196,0.3097078808641861,1.6711552697565109,0.8170247590541839,-0.04239988725632429,0.5443406995731068,50,50,0
HalfCheetah,AMAF,11,time_early,effective_gate,3,0.18973970391574768,0.2990582038028463,0.18,0.04,0.42934628883641196,0.3097078808641861,1.6711552697565109,0.8170247590541839,-0.007388140913099052,0.4566425623675776,50,50,0
HalfCheetah,AMAF,11,time_late,effective_gate,0,0.701327560875446,0.4040031359081246,0.7291666666666666,0.0,0.16530908922098628,0.11924530161649403,1.2195696995951215,0.9292533720533053,0.03441614905993142,0.12831528427373406,48,50,2
HalfCheetah,AMAF,11,time_late,effective_gate,1,0.2949197217390008,0.4046457315930328,0.2708333333333333,0.0,0.16530908922098628,0.11924530161649403,1.2195696995951215,0.9292533720533053,0.05204188078641891,0.14338734829695104,48,50,2
HalfCheetah,AMAF,11,time_late,effective_gate,2,0.00015890952438227934,0.000719715263377614,0.0,0.0,0.16530908922098628,0.11924530161649403,1.2195696995951215,0.9292533720533053,1.3480757077534993,3.238784257765435,48,50,2
HalfCheetah,AMAF,11,time_late,effective_gate,3,0.0035938029071934927,0.02177411218958161,0.0,0.0,0.16530908922098628,0.11924530161649403,1.2195696995951215,0.9292533720533053,1.070322036743164,2.9178434629984906,48,50,2
HalfCheetah,AMAF,11,time_mid,effective_gate,0,0.6184400321763693,0.40437366890812826,0.6122448979591837,0.0,0.3409078598049416,0.2459130393703296,1.4905516640367131,0.8638604733408713,0.05601731125189332,0.09392779912583281,49,50,1
HalfCheetah,AMAF,11,time_mid,effective_gate,1,0.2791986724999987,0.38460337032428027,0.30612244897959184,0.0,0.3409078598049416,0.2459130393703296,1.4905516640367131,0.8638604733408713,0.05438646491692989,0.14544482767173803,49,50,1
HalfCheetah,AMAF,11,time_mid,effective_gate,2,0.07829808002891958,0.1829087573068725,0.08163265306122448,0.0,0.3409078598049416,0.2459130393703296,1.4905516640367131,0.8638604733408713,0.3822513502471301,1.490460325793915,49,50,1
HalfCheetah,AMAF,11,time_mid,effective_gate,3,0.024063238697292853,0.059575821235595364,0.0,0.0,0.3409078598049416,0.2459130393703296,1.4905516640367131,0.8638604733408713,0.48113398649254624,1.1494171257920067,49,50,1
HalfCheetah,AMAF,22,time_early,effective_gate,0,0.09099584390974483,0.23616854002155435,0.1,0.04,0.31687886169734364,0.22857978116664868,1.478332582579989,0.8591039019823075,-0.0197189486399293,0.32598008509953635,50,50,0
HalfCheetah,AMAF,22,time_early,effective_gate,1,0.41291307926527226,0.4103633501520624,0.38,0.04,0.31687886169734364,0.22857978116664868,1.478332582579989,0.8591039019823075,0.03179230174049735,0.36261555504815385,50,50,0
HalfCheetah,AMAF,22,time_early,effective_gate,2,0.30627920251276963,0.4257296188957907,0.28,0.04,0.31687886169734364,0.22857978116664868,1.478332582579989,0.8591039019823075,0.03289855327457189,0.14707811533718515,50,50,0
HalfCheetah,AMAF,22,time_early,effective_gate,3,0.1898117857554123,0.336050346200314,0.2,0.04,0.31687886169734364,0.22857978116664868,1.478332582579989,0.8591039019823075,-0.004682746743783355,0.17113308531812926,50,50,0
HalfCheetah,AMAF,22,time_late,effective_gate,0,0.04949636779215133,0.19501541695324515,0.04081632653061224,0.0,0.09748804803958584,0.07032276172632776,1.1254210300451164,0.9636197929479637,0.0378544281940071,0.3258795848290977,49,50,1
HalfCheetah,AMAF,22,time_late,effective_gate,1,0.1549714062210536,0.33915448938874054,0.14285714285714285,0.0,0.09748804803958584,0.07032276172632776,1.1254210300451164,0.9636197929479637,0.03537290923449458,0.5646311360783205,49,50,1
HalfCheetah,AMAF,22,time_late,effective_gate,2,0.4379304582611456,0.4854458533873401,0.4489795918367347,0.0,0.09748804803958584,0.07032276172632776,1.1254210300451164,0.9636197929479637,0.047045493612484036,0.11477928151077497,49,50,1
HalfCheetah,AMAF,22,time_late,effective_gate,3,0.3576017689476694,0.4714078069103082,0.3673469387755102,0.0,0.09748804803958584,0.07032276172632776,1.1254210300451164,0.9636197929479637,0.004139209280208656,0.22099657070186754,49,50,1
HalfCheetah,AMAF,22,time_mid,effective_gate,0,0.015044655387618115,0.07970867236083166,0.02,0.0,0.1832773947616106,0.13220669426481227,1.2481538093407043,0.9268119490146637,0.012957038879394532,0.418370360125758,50,50,0
HalfCheetah,AMAF,22,time_mid,effective_gate,1,0.153993717598081,0.2883912310383177,0.14,0.0,0.1832773947616106,0.13220669426481227,1.2481538093407043,0.9268119490146637,-0.03383258819580078,0.4337708693974948,50,50,0
HalfCheetah,AMAF,22,time_mid,effective_gate,2,0.5095497642575737,0.49303509355167113,0.52,0.0,0.1832773947616106,0.13220669426481227,1.2481538093407043,0.9268119490146637,0.013162183761596669,0.11988191557149425,50,50,0
HalfCheetah,AMAF,22,time_mid,effective_gate,3,0.32141185714525217,0.4281141984350856,0.32,0.0,0.1832773947616106,0.13220669426481227,1.2481538093407043,0.9268119490146637,0.02510215759277342,0.20320763174686285,50,50,0
HalfCheetah,AMAF,33,time_early,effective_gate,0,0.07184138932788316,0.1725695061661337,0.041666666666666664,0.041666666666666664,0.3531714518243399,0.2547593510652653,1.5320594897184272,0.8601753730326891,0.007702864599802221,0.2883748715518214,48,50,2
HalfCheetah,AMAF,33,time_early,effective_gate,1,0.16989905578536502,0.3248179136837846,0.16666666666666666,0.041666666666666664,0.3531714518243399,0.2547593510652653,1.5320594897184272,0.8601753730326891,0.028752208027678236,0.28590234100842876,48,50,2
HalfCheetah,AMAF,33,time_early,effective_gate,2,0.4189370072336105,0.4477959318971328,0.4166666666666667,0.041666666666666664,0.3531714518243399,0.2547593510652653,1.5320594897184272,0.8601753730326891,0.03581721673253924,0.15836440818558772,48,50,2
HalfCheetah,AMAF,33,time_early,effective_gate,3,0.33932352141118827,0.39200510123603355,0.3333333333333333,0.041666666666666664,0.3531714518243399,0.2547593510652653,1.5320594897184272,0.8601753730326891,-0.0040221492527052856,0.39237212623321677,48,50,2
HalfCheetah,AMAF,33,time_late,effective_gate,0,0.005983183559686612,0.029517916869801573,0.0,0.0,0.14427630195809082,0.10407335267636815,1.1976003288641288,0.9408320679384119,0.12734469245461857,0.27288055822198903,34,50,16
HalfCheetah,AMAF,33,time_late,effective_gate,1,0.0002213127624062612,0.0008425514025057431,0.0,0.0,0.14427630195809082,0.10407335267636815,1.1976003288641288,0.9408320679384119,-0.13532784405876608,0.46716753347975637,34,50,16
HalfCheetah,AMAF,33,time_late,effective_gate,2,0.8909239059807185,0.24041984806761654,0.9411764705882353,0.0,0.14427630195809082,0.10407335267636815,1.1976003288641288,0.9408320679384119,-0.018982354332419012,0.1849139123050582,34,50,16
HalfCheetah,AMAF,33,time_late,effective_gate,3,0.10287205243800353,0.231752298845251,0.058823529411764705,0.0,0.14427630195809082,0.10407335267636815,1.1976003288641288,0.9408320679384119,-0.022368543288286996,0.6356949801357482,34,50,16
HalfCheetah,AMAF,33,time_mid,effective_gate,0,0.06082536006106868,0.19256079338738877,0.046511627906976744,0.0,0.29440529209687677,0.21236852745981544,1.4182942969391614,0.8756248770758163,0.01689258841581123,0.27919494285368057,43,50,7
HalfCheetah,AMAF,33,time_mid,effective_gate,1,0.028917107611302416,0.14167830841573226,0.023255813953488372,0.0,0.29440529209687677,0.21236852745981544,1.4182942969391614,0.8756248770758163,-0.0928221857824991,0.28338995537062467,43,50,7
HalfCheetah,AMAF,33,time_mid,effective_gate,2,0.7120667419648122,0.36052482476582054,0.7209302325581395,0.0,0.29440529209687677,0.21236852745981544,1.4182942969391614,0.8756248770758163,0.03336166781048441,0.1569881362422801,43,50,7
HalfCheetah,AMAF,33,time_mid,effective_gate,3,0.19819144032995545,0.3041067420697399,0.20930232558139536,0.0,0.29440529209687677,0.21236852745981544,1.4182942969391614,0.8756248770758163,0.019584478333938952,0.5075003417723438,43,50,7
HalfCheetah,AMAF,44,time_early,effective_gate,0,0.402265418831415,0.44353800896540224,0.40816326530612246,0.04081632653061224,0.32983670360473294,0.23792688829685554,1.515548071766794,0.8675018907809744,-0.021900918272951132,0.12720806912171967,49,50,1
HalfCheetah,AMAF,44,time_early,effective_gate,1,0.2266547814879152,0.3839285044528267,0.20408163265306123,0.04081632653061224,0.32983670360473294,0.23792688829685554,1.515548071766794,0.8675018907809744,0.09576998000764954,0.9302293034269411,49,50,1
HalfCheetah,AMAF,44,time_early,effective_gate,2,0.2860932210701345,0.37463515832126687,0.2653061224489796,0.04081632653061224,0.32983670360473294,0.23792688829685554,1.515548071766794,0.8675018907809744,0.004292724834641022,0.19977828638467118,49,50,1
HalfCheetah,AMAF,44,time_early,effective_gate,3,0.0849864616136785,0.21682130703395172,0.08163265306122448,0.04081632653061224,0.32983670360473294,0.23792688829685554,1.515548071766794,0.8675018907809744,-0.10708479991904934,0.4144806915457093,49,50,1
HalfCheetah,AMAF,44,time_late,effective_gate,0,0.6586194215103679,0.4581514557504725,0.6739130434782609,0.0,0.07404202536403424,0.05341003140503354,1.0920186844008086,0.9734832748122837,0.01695953763049582,0.12471081273109585,46,50,4
HalfCheetah,AMAF,44,time_late,effective_gate,1,0.010969682436380314,0.05001685024637573,0.0,0.0,0.07404202536403424,0.05341003140503354,1.0920186844008086,0.9734832748122837,1.99243338211723,5.094139950815892,46,50,4
HalfCheetah,AMAF,44,time_late,effective_gate,2,0.3303082508027774,0.45988725508972955,0.32608695652173914,0.0,0.07404202536403424,0.05341003140503354,1.0920186844008086,0.9734832748122837,0.11151267134624979,0.3736684135843065,46,50,4
HalfCheetah,AMAF,44,time_late,effective_gate,3,0.00010262593783894119,0.00048416584401522994,0.0,0.0,0.07404202536403424,0.05341003140503354,1.0920186844008086,0.9734832748122837,0.06521996207859206,1.1728644159342323,46,50,4
HalfCheetah,AMAF,44,time_mid,effective_gate,0,0.4779899989271435,0.4557722935226399,0.5,0.0,0.23762487494412166,0.17141011433687223,1.3008935026220758,0.9131113129357497,-0.003431777159372968,0.1105046961257968,48,50,2
HalfCheetah,AMAF,44,time_mid,effective_gate,1,0.05662383110069826,0.1535580291192557,0.041666666666666664,0.0,0.23762487494412166,0.17141011433687223,1.3008935026220758,0.9131113129357497,0.25921154022216797,1.7017466778649726,48,50,2
HalfCheetah,AMAF,44,time_mid,effective_gate,2,0.46392423625622775,0.44145842245564154,0.4583333333333333,0.0,0.23762487494412166,0.17141011433687223,1.3008935026220758,0.9131113129357497,0.02617788314819336,0.2532964527477136,48,50,2
HalfCheetah,AMAF,44,time_mid,effective_gate,3,0.0014619303265483031,0.006063731867835742,0.0,0.0,0.23762487494412166,0.17141011433687223,1.3008935026220758,0.9131113129357497,-0.11998172601064046,1.2569621752403595,48,50,2
HalfCheetah,AMAF,55,time_early,effective_gate,0,0.252240805356856,0.337558364546079,0.28,0.04,0.44013914795245873,0.317493283026053,1.6643447881742572,0.8090194880962371,0.025950565803796052,0.16174660779745328,50,50,0
HalfCheetah,AMAF,55,time_early,effective_gate,1,0.5291217343302839,0.3843876708527931,0.48,0.04,0.44013914795245873,0.317493283026053,1.6643447881742572,0.8090194880962371,0.04304849984124302,0.17801413226530155,50,50,0
HalfCheetah,AMAF,55,time_early,effective_gate,2,0.16383305095456308,0.291610519554874,0.16,0.04,0.44013914795245873,0.317493283026053,1.6643447881742572,0.8090194880962371,0.18659778209403158,0.7463369101003595,50,50,0
HalfCheetah,AMAF,55,time_early,effective_gate,3,0.05480435044926286,0.1750249325028317,0.04,0.04,0.44013914795245873,0.317493283026053,1.6643447881742572,0.8090194880962371,-0.050344728799536824,0.7055109919969348,50,50,0
HalfCheetah,AMAF,55,time_late,effective_gate,0,0.07940595107651674,0.24474893840882145,0.061224489795918366,0.0,0.07585292258705996,0.05471631762664292,1.098605786561728,0.9717901580187739,0.1148156146613919,0.7849242567208434,49,50,1
HalfCheetah,AMAF,55,time_late,effective_gate,1,0.9105981254695655,0.24777839361466458,0.9387755102040817,0.0,0.07585292258705996,0.05471631762664292,1.098605786561728,0.9717901580187739,0.05632452088959361,0.124419999019417,49,50,1
HalfCheetah,AMAF,55,time_late,effective_gate,2,0.008908949964680467,0.04993319335138431,0.0,0.0,0.07585292258705996,0.05471631762664292,1.098605786561728,0.9717901580187739,0.6899974589445153,3.0878826113763225,49,50,1
HalfCheetah,AMAF,55,time_late,effective_gate,3,0.0010869795848822816,0.007561855358967396,0.0,0.0,0.07585292258705996,0.05471631762664292,1.098605786561728,0.9717901580187739,-0.0024626984888193467,1.0576504474442654,49,50,1
HalfCheetah,AMAF,55,time_mid,effective_gate,0,0.19066720678592983,0.2817601611522876,0.14285714285714285,0.0,0.3076782466886954,0.22194294034359605,1.425386379636494,0.8643773429247797,-0.0003259717201699982,0.20397708133926368,49,50,1
HalfCheetah,AMAF,55,time_mid,effective_gate,1,0.7860022260408316,0.2814663450341351,0.8571428571428571,0.0,0.3076782466886954,0.22194294034359605,1.425386379636494,0.8643773429247797,0.01555121674829599,0.1045758160812136,49,50,1
HalfCheetah,AMAF,55,time_mid,effective_gate,2,0.022443213896559257,0.055791929977751197,0.0,0.0,0.3076782466886954,0.22194294034359605,1.425386379636494,0.8643773429247797,0.19862128277214205,0.9528203951671456,49,50,1
HalfCheetah,AMAF,55,time_mid,effective_gate,3,0.0008873523247910542,0.004279732199323299,0.0,0.0,0.3076782466886954,0.22194294034359605,1.425386379636494,0.8643773429247797,0.09346638893594547,0.6023444008581547,49,50,1
HalfCheetah,AMAF,66,time_early,effective_gate,0,0.27067316451294854,0.3678834563109218,0.26,0.04,0.3811750921908071,0.2749597076070355,1.5921243777788143,0.847286149263382,-0.015352550707757474,0.11086085501018611,50,50,0
HalfCheetah,AMAF,66,time_early,effective_gate,1,0.5468069774525793,0.41761964323790934,0.56,0.04,0.3811750921908071,0.2749597076070355,1.5921243777788143,0.847286149263382,0.08342601966112852,1.0105123195113135,50,50,0
HalfCheetah,AMAF,66,time_early,effective_gate,2,0.11329842084201917,0.23529916576247184,0.1,0.04,0.3811750921908071,0.2749597076070355,1.5921243777788143,0.847286149263382,-0.006418387163430453,0.2318810396081246,50,50,0
HalfCheetah,AMAF,66,time_early,effective_gate,3,0.06922138890484644,0.19707723989472062,0.04,0.04,0.3811750921908071,0.2749597076070355,1.5921243777788143,0.847286149263382,-0.033340458795428275,0.40791670347283143,50,50,0
HalfCheetah,AMAF,66,time_late,effective_gate,0,0.4794878023280376,0.4692776506503168,0.4888888888888889,0.0,0.18062619359674567,0.13029425687833743,1.2481185569589985,0.9271146827273898,-0.009107965893215598,0.14211545952807292,45,50,5
HalfCheetah,AMAF,66,time_late,effective_gate,1,0.1715349295769493,0.3331696077758473,0.15555555555555556,0.0,0.18062619359674567,0.13029425687833743,1.2481185569589985,0.9271146827273898,-0.11933678521050343,2.677325935193669,45,50,5
HalfCheetah,AMAF,66,time_late,effective_gate,2,0.2620693274274542,0.40792502741862013,0.26666666666666666,0.0,0.18062619359674567,0.13029425687833743,1.2481185569589985,0.9271146827273898,0.050463856591118704,0.3049717054653695,45,50,5
HalfCheetah,AMAF,66,time_late,effective_gate,3,0.08690626207677421,0.27588748505603067,0.08888888888888889,0.0,0.18062619359674567,0.13029425687833743,1.2481185569589985,0.9271146827273898,-0.016894128587510854,0.5123388020667243,45,50,5
HalfCheetah,AMAF,66,time_mid,effective_gate,0,0.4964383862073972,0.46344720638444364,0.5,0.0,0.2074224035834355,0.14962363650954583,1.2780353125478834,0.9117749655246734,0.02512202739715576,0.11141789795077352,50,50,0
HalfCheetah,AMAF,66,time_mid,effective_gate,1,0.2072743091962297,0.35286926147991104,0.22,0.0,0.2074224035834355,0.14962363650954583,1.2780353125478834,0.9117749655246734,0.14060592651367188,1.6974364804994417,50,50,0
HalfCheetah,AMAF,66,time_mid,effective_gate,2,0.23756349158218826,0.3798749124698189,0.22,0.0,0.2074224035834355,0.14962363650954583,1.2780353125478834,0.9117749655246734,-0.03522117614746094,0.3181396044009354,50,50,0
HalfCheetah,AMAF,66,time_mid,effective_gate,3,0.05872411098715521,0.2340401019479551,0.06,0.0,0.2074224035834355,0.14962363650954583,1.2780353125478834,0.9117749655246734,-0.04125511169433594,0.3933110972514944,50,50,0
HalfCheetah,AMAF,77,time_early,effective_gate,0,0.03952934570548739,0.12831502827813457,0.02,0.04,0.2450483798773273,0.17676504121344747,1.3612156776948123,0.9057442438602448,-0.005220588799566031,0.30644385834155113,50,50,0
HalfCheetah,AMAF,77,time_early,effective_gate,1,0.28159980590295164,0.41076131382107767,0.26,0.04,0.2450483798773273,0.17676504121344747,1.3612156776948123,0.9057442438602448,0.15969755388330667,0.4068860919580411,50,50,0
HalfCheetah,AMAF,77,time_early,effective_gate,2,0.653810834657811,0.42069530424295926,0.66,0.04,0.2450483798773273,0.17676504121344747,1.3612156776948123,0.9057442438602448,-0.016288022575899955,0.09903385604836809,50,50,0
HalfCheetah,AMAF,77,time_early,effective_gate,3,0.02506001525280328,0.08526735089029094,0.02,0.04,0.2450483798773273,0.17676504121344747,1.3612156776948123,0.9057442438602448,0.0433190788514912,0.21234450430969862,50,50,0
HalfCheetah,AMAF,77,time_late,effective_gate,0,0.0005148670636282678,0.0011807215456725616,0.0,0.0,0.10162138308572338,0.07330433271302535,1.132536576526901,0.9674533795226704,0.10025220567529852,0.5658950349096461,44,50,6
HalfCheetah,AMAF,77,time_late,effective_gate,1,0.014831196663471734,0.03898640675366743,0.0,0.0,0.10162138308572338,0.07330433271302535,1.132536576526901,0.9674533795226704,0.23434465581720526,1.202358976124156,44,50,6
HalfCheetah,AMAF,77,time_late,effective_gate,2,0.9522159864956682,0.14579847747303074,0.9772727272727273,0.0,0.10162138308572338,0.07330433271302535,1.132536576526901,0.9674533795226704,0.02562674609097566,0.05571827179915434,44,50,6
HalfCheetah,AMAF,77,time_late,effective_gate,3,0.03243837167842332,0.12954369393395987,0.022727272727272728,0.0,0.10162138308572338,0.07330433271302535,1.132536576526901,0.9674533795226704,0.07858651334589178,0.35715721307402604,44,50,6
HalfCheetah,AMAF,77,time_mid,effective_gate,0,0.04832603220470831,0.14177275146195734,0.04081632653061224,0.0,0.2504476653324671,0.18065980238868454,1.339511250660706,0.9056395012505201,0.06712280974096181,0.4163202375605812,49,50,1
HalfCheetah,AMAF,77,time_mid,effective_gate,1,0.03870690854002565,0.08805239811308878,0.02040816326530612,0.0,0.2504476653324671,0.18065980238868454,1.339511250660706,0.9056395012505201,0.15015068832708864,0.5339346155642436,49,50,1
HalfCheetah,AMAF,77,time_mid,effective_gate,2,0.8746131728498303,0.21254499686258044,0.8979591836734694,0.0,0.2504476653324671,0.18065980238868454,1.339511250660706,0.9056395012505201,0.011619796558302259,0.043474467268370724,49,50,1
HalfCheetah,AMAF,77,time_mid,effective_gate,3,0.03835388232139623,0.14534437703181632,0.04081632653061224,0.0,0.2504476653324671,0.18065980238868454,1.339511250660706,0.9056395012505201,-0.05243310149835081,0.24975226918165067,49,50,1
HalfCheetah,AMAF,88,time_early,effective_gate,0,0.2540481461941066,0.354250935743674,0.2708333333333333,0.041666666666666664,0.3539073941826065,0.25529022126059103,1.5367372868118814,0.8530592291305462,-0.02247564136632718,0.5447873409351313,48,50,2
HalfCheetah,AMAF,88,time_early,effective_gate,1,0.03775269723511178,0.1289036517474458,0.020833333333333332,0.041666666666666664,0.3539073941826065,0.25529022126059103,1.5367372868118814,0.8530592291305462,0.0026286422895888534,0.21818557469545954,48,50,2
HalfCheetah,AMAF,88,time_early,effective_gate,2,0.14573088379507224,0.28859431199684055,0.125,0.041666666666666664,0.3539073941826065,0.25529022126059103,1.5367372868118814,0.8530592291305462,0.10948381067525285,0.6874201014612416,48,50,2
HalfCheetah,AMAF,88,time_early,effective_gate,3,0.5624682755896955,0.4251043099452829,0.5416666666666666,0.041666666666666664,0.3539073941826065,0.25529022126059103,1.5367372868118814,0.8530592291305462,0.044395633842214004,0.127018275094636,48,50,2
HalfCheetah,AMAF,88,time_late,effective_gate,0,0.0023966767907766017,0.010982796666353245,0.0,0.0,0.014603705548966386,0.01053434678704822,1.0158573262059667,0.9968057125806808,0.24385285377502441,0.7835163917639836,48,50,2
HalfCheetah,AMAF,88,time_late,effective_gate,1,2.2026005410513095e-06,9.54088800174562e-06,0.0,0.0,0.014603705548966386,0.01053434678704822,1.0158573262059667,0.9968057125806808,0.06919526060422261,0.3807338201870258,48,50,2
HalfCheetah,AMAF,88,time_late,effective_gate,2,0.0007954100689743572,0.004387809540293408,0.0,0.0,0.014603705548966386,0.01053434678704822,1.0158573262059667,0.9968057125806808,0.6637388070424398,1.2485563588740642,48,50,2
HalfCheetah,AMAF,88,time_late,effective_gate,3,0.9968057125806808,0.011962828551287686,1.0,0.0,0.014603705548966386,0.01053434678704822,1.0158573262059667,0.9968057125806808,0.030466792484124483,0.07190375076355407,48,50,2
HalfCheetah,AMAF,88,time_mid,effective_gate,0,0.0074187682478309815,0.02708105692022506,0.0,0.0,0.06598976726925448,0.04760155499438514,1.079322007576896,0.9801171267032623,0.15605836868286133,0.8495431186025045,50,50,0
HalfCheetah,AMAF,88,time_mid,effective_gate,1,0.0003929986759063303,0.001161303153410748,0.0,0.0,0.06598976726925448,0.04760155499438514,1.079322007576896,0.9801171267032623,0.008446564674377434,0.23447402214036228,50,50,0
HalfCheetah,AMAF,88,time_mid,effective_gate,2,0.012071112475071913,0.04678141928392991,0.0,0.0,0.06598976726925448,0.04760155499438514,1.079322007576896,0.9801171267032623,0.09229522705078125,1.275595250586674,50,50,0
HalfCheetah,AMAF,88,time_mid,effective_gate,3,0.9801171267032623,0.05373159238291164,1.0,0.0,0.06598976726925448,0.04760155499438514,1.079322007576896,0.9801171267032623,0.03376513481140135,0.09930424426108034,50,50,0
HalfCheetah,AMAF,99,time_early,effective_gate,0,0.22586254144258716,0.3523150073828699,0.18,0.04,0.3105236149332837,0.2239954396715812,1.4905925384048453,0.858332160115242,-0.029102598102763295,0.4155900296581869,50,50,0
HalfCheetah,AMAF,99,time_early,effective_gate,1,0.03195972892835681,0.10280280288601182,0.02,0.04,0.3105236149332837,0.2239954396715812,1.4905925384048453,0.858332160115242,-0.08974721405655145,0.6988738501545062,50,50,0
HalfCheetah,AMAF,99,time_early,effective_gate,2,0.10500921802664065,0.23035323514309816,0.08,0.04,0.3105236149332837,0.2239954396715812,1.4905925384048453,0.858332160115242,-0.006179070323705677,0.29990021118591836,50,50,0
HalfCheetah,AMAF,99,time_early,effective_gate,3,0.6371678364757664,0.4098979259590759,0.68,0.04,0.3105236149332837,0.2239954396715812,1.4905925384048453,0.858332160115242,0.0007034612447023318,0.1026455417806056,50,50,0
HalfCheetah,AMAF,99,time_late,effective_gate,0,0.11117595260009061,0.25755238915813383,0.10810810810810811,0.0,0.13631241770793578,0.09832862451941193,1.194922201673809,0.9368191200333673,0.936066704827386,2.5414412856016324,37,50,13
HalfCheetah,AMAF,99,time_late,effective_gate,1,0.015627148285188318,0.09319097443487467,0.02702702702702703,0.0,0.13631241770793578,0.09832862451941193,1.194922201673809,0.9368191200333673,-0.30285293991501266,2.120338263257526,37,50,13
HalfCheetah,AMAF,99,time_late,effective_gate,2,0.036637223748234866,0.14143321323033237,0.05405405405405406,0.0,0.13631241770793578,0.09832862451941193,1.194922201673809,0.9368191200333673,0.21042529956714526,1.0645661149583465,37,50,13
HalfCheetah,AMAF,99,time_late,effective_gate,3,0.8365561644644225,0.33397569228303214,0.8108108108108109,0.0,0.13631241770793578,0.09832862451941193,1.194922201673809,0.9368191200333673,0.02739701399932036,0.10910888146916986,37,50,13
HalfCheetah,AMAF,99,time_mid,effective_gate,0,0.11770982182147798,0.29365815589986094,0.1276595744680851,0.0,0.10177827964661891,0.07341750965819362,1.1509381734336517,0.958579088145114,-0.0016961604990857714,0.9386328677275967,47,50,3
HalfCheetah,AMAF,99,time_mid,effective_gate,1,0.0007499530440875069,0.0032316707695948152,0.0,0.0,0.10177827964661891,0.07341750965819362,1.1509381734336517,0.958579088145114,-0.07668316617925117,1.062640928010764,47,50,3
HalfCheetah,AMAF,99,time_mid,effective_gate,2,0.03759400488951377,0.1354335480051165,0.0425531914893617,0.0,0.10177827964661891,0.07341750965819362,1.1509381734336517,0.958579088145114,0.00695293507677444,0.5861161178149364,47,50,3
HalfCheetah,AMAF,99,time_mid,effective_gate,3,0.8439472315221018,0.342032719409052,0.8297872340425532,0.0,0.10177827964661891,0.07341750965819362,1.1509381734336517,0.958579088145114,0.0657376634313705,0.15410814993731856,47,50,3
HalfCheetah,AMAF,111,time_early,effective_gate,0,0.1616696215937841,0.27710170683902363,0.12244897959183673,0.04081632653061224,0.47078934931984356,0.33960272978354006,1.7618746396384781,0.7806146643599685,-0.05576840757715458,0.6771575914869485,49,50,1
HalfCheetah,AMAF,111,time_early,effective_gate,1,0.05826697605232922,0.11651136111998132,0.0,0.04081632653061224,0.47078934931984356,0.33960272978354006,1.7618746396384781,0.7806146643599685,0.33291000145848615,1.4022351379079314,49,50,1
HalfCheetah,AMAF,111,time_early,effective_gate,2,0.2915901584509526,0.3399116239234144,0.32653061224489793,0.04081632653061224,0.47078934931984356,0.33960272978354006,1.7618746396384781,0.7806146643599685,0.2929634340820188,1.234671274175862,49,50,1
HalfCheetah,AMAF,111,time_early,effective_gate,3,0.48847321412358796,0.41762417360313175,0.5102040816326531,0.04081632653061224,0.47078934931984356,0.33960272978354006,1.7618746396384781,0.7806146643599685,0.05765442401930994,0.17470800617898816,49,50,1
HalfCheetah,AMAF,111,time_late,effective_gate,0,0.010237010803326643,0.06192301510220989,0.0,0.0,0.07306183124878911,0.05270297081044717,1.1009222139649213,0.9680475294589996,0.048543294270833336,1.0254572042855352,48,50,2
HalfCheetah,AMAF,111,time_late,effective_gate,1,0.006831692257650572,0.04722800028668893,0.0,0.0,0.07306183124878911,0.05270297081044717,1.1009222139649213,0.9680475294589996,0.3666205406188965,1.6961631910652863,48,50,2
HalfCheetah,AMAF,111,time_late,effective_gate,2,0.05885196447795745,0.2101410167956241,0.0625,0.0,0.07306183124878911,0.05270297081044717,1.1009222139649213,0.9680475294589996,0.07735872268676758,2.8347645072162004,48,50,2
HalfCheetah,AMAF,111,time_late,effective_gate,3,0.924076961382525,0.22246313915465554,0.9375,0.0,0.07306183124878911,0.05270297081044717,1.1009222139649213,0.9680475294589996,0.08334025740623473,0.15271460951173843,48,50,2
HalfCheetah,AMAF,111,time_mid,effective_gate,0,0.08169230469066145,0.26290265922508804,0.08163265306122448,0.0,0.2334629243408866,0.16840790158901617,1.3231902464760752,0.9115795529618556,-0.1485682117695711,0.6517777120134669,49,50,1
HalfCheetah,AMAF,111,time_mid,effective_gate,1,0.01146244921484453,0.029269303560710648,0.0,0.0,0.2334629243408866,0.16840790158901617,1.3231902464760752,0.9115795529618556,0.5017306269431601,1.9172246783834779,49,50,1
HalfCheetah,AMAF,111,time_mid,effective_gate,2,0.12183987358204076,0.23565105241527548,0.08163265306122448,0.0,0.2334629243408866,0.16840790158901617,1.3231902464760752,0.9115795529618556,0.2759416541274713,1.903117853956131,49,50,1
HalfCheetah,AMAF,111,time_mid,effective_gate,3,0.7850031489862738,0.3323416655058968,0.8367346938775511,0.0,0.2334629243408866,0.16840790158901617,1.3231902464760752,0.9115795529618556,0.03615925749953911,0.15830640180508154,49,50,1
Lunar,Naive,11,time_early,effective_gate,0,0.00016135171318771167,0.00048583272314826675,0.0,0.0,0.038874660432240866,0.028042139910918154,1.0454506584575678,0.9887516060296226,0.7808156113195068,3.4121636195461704,34,34,0
Lunar,Naive,11,time_early,effective_gate,1,0.9326027691199937,0.2348822412505371,0.9411764705882353,0.0,0.038874660432240866,0.028042139910918154,1.0454506584575678,0.9887516060296226,0.2622123818625422,0.25965448415169345,34,34,0
Lunar,Naive,11,time_early,effective_gate,2,0.00038188534172620115,0.001511543184757672,0.0,0.0,0.038874660432240866,0.028042139910918154,1.0454506584575678,0.9887516060296226,-12.8890899518943,10.898404851934128,34,34,0
Lunar,Naive,11,time_early,effective_gate,3,0.06685400022080004,0.23393708773674457,0.058823529411764705,0.0,0.038874660432240866,0.028042139910918154,1.0454506584575678,0.9887516060296226,-0.8879485022934044,2.32506920872144,34,34,0
Lunar,Naive,11,time_late,effective_gate,0,6.184667434830075e-07,3.040382959133163e-06,0.0,0.0,0.0061084523766780415,0.004406316975669907,1.0067595814355064,0.9984626029476975,14.606598286917716,18.771506705273094,33,33,0
Lunar,Naive,11,time_late,effective_gate,1,0.9984626029476975,0.008813832635700401,1.0,0.0,0.0061084523766780415,0.004406316975669907,1.0067595814355064,0.9984626029476975,-0.021441487538995153,0.2558563685661368,33,33,0
Lunar,Naive,11,time_late,effective_gate,2,1.0057165059825445e-06,2.6265634773327683e-06,0.0,0.0,0.0061084523766780415,0.004406316975669907,1.0067595814355064,0.9984626029476975,-16.004576527711116,43.669496688344076,33,33,0
Lunar,Naive,11,time_late,effective_gate,3,0.0015357826736758812,0.008814117027674068,0.0,0.0,0.0061084523766780415,0.004406316975669907,1.0067595814355064,0.9984626029476975,4.778058750611363,7.745965396886487,33,33,0
Lunar,Naive,11,time_mid,effective_gate,0,1.0227269939814655e-07,3.6686760803818923e-07,0.0,0.0,0.014075228175239122,0.010153130943899047,1.0168271453070095,0.9955580613829873,9.777177481037198,8.760792203457854,33,33,0
Lunar,Naive,11,time_mid,effective_gate,1,0.8832288626805016,0.31990671478511973,0.8787878787878788,0.0,0.014075228175239122,0.010153130943899047,1.0168271453070095,0.9955580613829873,0.15705057752854895,0.3118258441672809,33,33,0
Lunar,Naive,11,time_mid,effective_gate,2,2.4414616630022826e-08,7.090190804971357e-08,0.0,0.0,0.014075228175239122,0.010153130943899047,1.0168271453070095,0.9955580613829873,-28.31543606519699,31.5921900693696,33,33,0
Lunar,Naive,11,time_mid,effective_gate,3,0.11677100603639759,0.3199064590260006,0.12121212121212122,0.0,0.014075228175239122,0.010153130943899047,1.0168271453070095,0.9955580613829873,-1.2623292390031344,3.326243352492347,33,33,0
Lunar,Naive,22,time_early,effective_gate,0,0.7097491644137389,0.43648702508492715,0.7352941176470589,0.0,0.07918110939647013,0.05711709692918697,1.0999709955972992,0.9742852116332335,0.07057095338206958,0.21071728041101725,34,34,0
Lunar,Naive,22,time_early,effective_gate,1,0.287810538748001,0.43713907913115824,0.2647058823529412,0.0,0.07918110939647013,0.05711709692918697,1.0999709955972992,0.9742852116332335,-1.254037945449133,2.1317942825704757,34,34,0
Lunar,Naive,22,time_early,effective_gate,2,0.0015043154567087453,0.008377774481608606,0.0,0.0,0.07918110939647013,0.05711709692918697,1.0999709955972992,0.9742852116332335,0.6402900624362862,4.7930916504870975,34,34,0
Lunar,Naive,22,time_early,effective_gate,3,0.0009359697072935803,0.0028338816267161012,0.0,0.0,0.07918110939647013,0.05711709692918697,1.0999709955972992,0.9742852116332335,2.4891725446042767,2.5531878274396242,34,34,0
Lunar,Naive,22,time_late,effective_gate,0,0.8751798477594066,0.3292898347426464,0.8787878787878788,0.0,0.022812369037467313,0.016455645840641516,1.0237647164521542,0.9957765413053108,0.05536632510748777,0.2313640157064828,33,33,0
Lunar,Naive,22,time_late,effective_gate,1,0.12088725577824679,0.33052582403788955,0.12121212121212122,0.0,0.022812369037467313,0.016455645840641516,1.0237647164521542,0.9957765413053108,-5.093142831077178,7.213442345996516,33,33,0
Lunar,Naive,22,time_late,effective_gate,2,0.0038090985250958313,0.008188084853924582,0.0,0.0,0.022812369037467313,0.016455645840641516,1.0237647164521542,0.9957765413053108,27.30067799782211,14.415142879875916,33,33,0
Lunar,Naive,22,time_late,effective_gate,3,0.00012379404149500257,0.0004604859096221313,0.0,0.0,0.022812369037467313,0.016455645840641516,1.0237647164521542,0.9957765413053108,30.720176624755066,12.282669028831636,33,33,0
Lunar,Naive,22,time_mid,effective_gate,0,0.5748296469020925,0.5009996848659372,0.5757575757575758,0.0,0.0067475719784676055,0.004867344315688272,1.0069564345276119,0.998973219683676,0.30495666966519575,0.3544882561751717,33,33,0
Lunar,Naive,22,time_mid,effective_gate,1,0.4243605272644861,0.5016767153583201,0.42424242424242425,0.0,0.0067475719784676055,0.004867344315688272,1.0069564345276119,0.998973219683676,-2.8403668910772963,3.9084512914291234,33,33,0
Lunar,Naive,22,time_mid,effective_gate,2,0.0007472551775078481,0.0023249369568825724,0.0,0.0,0.0067475719784676055,0.004867344315688272,1.0069564345276119,0.998973219683676,16.272908948361874,13.856745496118865,33,33,0
Lunar,Naive,22,time_mid,effective_gate,3,6.256274826775353e-05,0.00023754745931796995,0.0,0.0,0.0067475719784676055,0.004867344315688272,1.0069564345276119,0.998973219683676,6.0909119901444875,7.862134664564327,33,33,0
Lunar,Naive,33,time_early,effective_gate,0,0.7639323950711782,0.40716002425817877,0.7647058823529411,0.0,0.06856585653150964,0.049459810596156555,1.0865972391367902,0.9730595297673169,0.4083294418626739,0.6583942927547177,34,34,0
Lunar,Naive,33,time_early,effective_gate,1,0.000800765164222965,0.0015894358773850608,0.0,0.0,0.06856585653150964,0.049459810596156555,1.0865972391367902,0.9730595297673169,4.8236542097566755,7.170285959560796,34,34,0
Lunar,Naive,33,time_early,effective_gate,2,0.03743681897937245,0.17240223305488692,0.029411764705882353,0.0,0.06856585653150964,0.049459810596156555,1.0865972391367902,0.9730595297673169,1.787555062376401,3.0086971639325766,34,34,0
Lunar,Naive,33,time_early,effective_gate,3,0.19783001900892472,0.3893569028925808,0.20588235294117646,0.0,0.06856585653150964,0.049459810596156555,1.0865972391367902,0.9730595297673169,4.618995813981575,5.426465144538387,34,34,0
Lunar,Naive,33,time_late,effective_gate,0,0.6560264542225006,0.4745871766051922,0.6666666666666666,0.0,0.02165557264024523,0.015621193627846254,1.0298084331946757,0.9888406684904387,1.1155266519071478,2.116967534214203,33,33,0
Lunar,Naive,33,time_late,effective_gate,1,8.79887836572067e-08,2.941645852309808e-07,0.0,0.0,0.02165557264024523,0.015621193627846254,1.0298084331946757,0.9888406684904387,-8.223374939326083,27.031101229766062,33,33,0
Lunar,Naive,33,time_late,effective_gate,2,9.967792937453858e-08,5.599324205337933e-07,0.0,0.0,0.02165557264024523,0.015621193627846254,1.0298084331946757,0.9888406684904387,2.6584207542014844,5.907279834846043,33,33,0
Lunar,Naive,33,time_late,effective_gate,3,0.34397335082806524,0.47458702705762745,0.3333333333333333,0.0,0.02165557264024523,0.015621193627846254,1.0298084331946757,0.9888406684904387,-1.631006537061749,5.299882692191974,33,33,0
Lunar,Naive,33,time_mid,effective_gate,0,0.575812478177871,0.5000262408159752,0.5757575757575758,0.0,0.00933954430183257,0.006737057124208314,1.0098194163592247,0.9981544830582358,0.9823350459337234,0.749175429727719,33,33,0
Lunar,Naive,33,time_mid,effective_gate,1,3.8043556586140384e-08,9.065716959953537e-08,0.0,0.0,0.00933954430183257,0.006737057124208314,1.0098194163592247,0.9981544830582358,15.837542047554797,14.655945879360416,33,33,0
Lunar,Naive,33,time_mid,effective_gate,2,7.362545103992574e-07,3.5240084513038395e-06,0.0,0.0,0.00933954430183257,0.006737057124208314,1.0098194163592247,0.9981544830582358,0.056084536693312904,9.754973472978868,33,33,0
Lunar,Naive,33,time_mid,effective_gate,3,0.424186740926514,0.5000268630751801,0.42424242424242425,0.0,0.00933954430183257,0.006737057124208314,1.0098194163592247,0.9981544830582358,2.455678942528638,3.134443251099435,33,33,0
Lunar,Naive,44,time_early,effective_gate,0,0.9816431525875541,0.050430781149412886,1.0,0.0,0.06522743849885376,0.04705165102609309,1.0783457958095477,0.9816431525875541,0.5182393467985094,0.6514268724809691,34,34,0
Lunar,Naive,44,time_early,effective_gate,1,0.0002453382044281871,0.0007215961867286891,0.0,0.0,0.06522743849885376,0.04705165102609309,1.0783457958095477,0.9816431525875541,0.5311770223848084,1.4423979463441425,34,34,0
Lunar,Naive,44,time_early,effective_gate,2,0.015548005930999854,0.047418689519517214,0.0,0.0,0.06522743849885376,0.04705165102609309,1.0783457958095477,0.9816431525875541,0.8029903716900769,0.9498668171134357,34,34,0
Lunar,Naive,44,time_early,effective_gate,3,0.002563509095430476,0.005925884928948459,0.0,0.0,0.06522743849885376,0.04705165102609309,1.0783457958095477,0.9816431525875541,2.3354367699254963,2.181371751999995,34,34,0
Lunar,Naive,44,time_late,effective_gate,0,1.0,0.0,1.0,0.0,3.1533798425040737e-09,2.2746827304099236e-09,1.00000000315338,1.0,1.1750209061711123,0.878593991181643,33,33,0
Lunar,Naive,44,time_late,effective_gate,1,1.0946223957137601e-13,5.20032185033471e-13,0.0,0.0,3.1533798425040737e-09,2.2746827304099236e-09,1.00000000315338,1.0,-2.124779451977123,5.424506516968727,33,33,0
Lunar,Naive,44,time_late,effective_gate,2,9.913498845358764e-15,3.653545460293096e-14,0.0,0.0,3.1533798425040737e-09,2.2746827304099236e-09,1.00000000315338,1.0,24.623371229478806,6.686801218562733,33,33,0
Lunar,Naive,44,time_late,effective_gate,3,1.6027572866542901e-10,7.368312426716095e-10,0.0,0.0,3.1533798425040737e-09,2.2746827304099236e-09,1.00000000315338,1.0,1.1618084212144215,8.54802341632753,33,33,0
Lunar,Naive,44,time_mid,effective_gate,0,0.9696721218003377,0.17403167737184255,0.9696969696969697,0.0,0.0003759748229187791,0.0002712085062620144,1.0003764052894941,0.9999610727483575,0.5101418709805743,0.8134976926370578,33,33,0
Lunar,Naive,44,time_mid,effective_gate,1,0.030296856447268834,0.17403689490853727,0.030303030303030304,0.0,0.0003759748229187791,0.0002712085062620144,1.0003764052894941,0.9999610727483575,-5.501664354042574,8.435958162134636,33,33,0
Lunar,Naive,44,time_mid,effective_gate,2,2.5414684974176505e-05,7.04086034440227e-05,0.0,0.0,0.0003759748229187791,0.0002712085062620144,1.0003764052894941,0.9999610727483575,7.140584831436475,8.439469813892048,33,33,0
Lunar,Naive,44,time_mid,effective_gate,3,5.614501956043378e-06,2.6166305799789807e-05,0.0,0.0,0.0003759748229187791,0.0002712085062620144,1.0003764052894941,0.9999610727483575,6.9483255972013325,10.29159450077916,33,33,0
Lunar,Naive,55,time_early,effective_gate,0,0.2957452842328336,0.2538177080293316,0.35294117647058826,0.0,0.49243197301931085,0.3552145827250638,1.676081119127504,0.7413148354081547,0.4360059719697079,1.8621075820835251,34,34,0
Lunar,Naive,55,time_early,effective_gate,1,0.6274248585052947,0.2707906119739744,0.5882352941176471,0.0,0.49243197301931085,0.3552145827250638,1.676081119127504,0.7413148354081547,0.20066882280961557,0.5493195761188538,34,34,0
Lunar,Naive,55,time_early,effective_gate,2,0.07639995393323913,0.23314213414863325,0.058823529411764705,0.0,0.49243197301931085,0.3552145827250638,1.676081119127504,0.7413148354081547,-0.26784002608345714,0.7674178122230236,34,34,0
Lunar,Naive,55,time_early,effective_gate,3,0.000429902522967755,0.0016941546175728594,0.0,0.0,0.49243197301931085,0.3552145827250638,1.676081119127504,0.7413148354081547,-0.8939296016469598,1.5376908320555864,34,34,0
Lunar,Naive,55,time_late,effective_gate,0,0.4430783218110932,0.4751685509160933,0.42424242424242425,0.0,0.09032013139696494,0.06515220282942046,1.118069886454309,0.9578023173592307,-1.3672588008145492,1.727360377953005,33,33,0
Lunar,Naive,55,time_late,effective_gate,1,0.5300816059563447,0.4805405860532407,0.5454545454545454,0.0,0.09032013139696494,0.06515220282942046,1.118069886454309,0.9578023173592307,-0.01770974791636975,0.5398889783168097,33,33,0
Lunar,Naive,55,time_late,effective_gate,2,0.02684004520900927,0.15417955125398466,0.030303030303030304,0.0,0.09032013139696494,0.06515220282942046,1.118069886454309,0.9578023173592307,11.578511828725988,10.604593972833387,33,33,0
Lunar,Naive,55,time_late,effective_gate,3,4.2912967069629445e-08,1.905788680773376e-07,0.0,0.0,0.09032013139696494,0.06515220282942046,1.118069886454309,0.9578023173592307,4.735190811256568,8.321793346228604,33,33,0
Lunar,Naive,55,time_mid,effective_gate,0,0.43574620558166993,0.3985505205525346,0.5151515151515151,0.0,0.2870902844261127,0.2070918648144774,1.3838160298380073,0.8633793050592596,-0.30848128698540456,1.9990942489557761,33,33,0
Lunar,Naive,55,time_mid,effective_gate,1,0.5321350836752434,0.4003255976070615,0.45454545454545453,0.0,0.2870902844261127,0.2070918648144774,1.3838160298380073,0.8633793050592596,0.24509249497769456,0.3887571098809303,33,33,0
Lunar,Naive,55,time_mid,effective_gate,2,0.03211869990781121,0.17184403938664394,0.030303030303030304,0.0,0.2870902844261127,0.2070918648144774,1.3838160298380073,0.8633793050592596,2.154527933760123,4.5813493161875085,33,33,0
Lunar,Naive,55,time_mid,effective_gate,3,1.5590063455193004e-08,8.595294525972648e-08,0.0,0.0,0.2870902844261127,0.2070918648144774,1.3838160298380073,0.8633793050592596,-3.755236189473759,4.085732983812937,33,33,0
Lunar,Naive,66,time_early,effective_gate,0,0.2882748209009909,0.43748014461961415,0.2647058823529412,0.0,0.17822466538052006,0.1285619204542856,1.2422472060475616,0.9391501510844511,-0.057691595352747864,1.5388331878615744,34,34,0
Lunar,Naive,66,time_early,effective_gate,1,0.0003073758453983542,0.0011991819861725656,0.0,0.0,0.17822466538052006,0.1285619204542856,1.2422472060475616,0.9391501510844511,-1.5119211640866363,7.12815615279668,34,34,0
Lunar,Naive,66,time_early,effective_gate,2,0.6754846798771864,0.4235247463815517,0.7352941176470589,0.0,0.17822466538052006,0.1285619204542856,1.2422472060475616,0.9391501510844511,0.21314034391851985,0.4705252000451718,34,34,0
Lunar,Naive,66,time_early,effective_gate,3,0.0359331072809641,0.0636683894257015,0.0,0.0,0.17822466538052006,0.1285619204542856,1.2422472060475616,0.9391501510844511,0.48542192597490025,1.524839502022103,34,34,0
Lunar,Naive,66,time_late,effective_gate,0,0.4549174405822303,0.505295490858741,0.45454545454545453,0.0,0.007680653038650467,0.0055404200248248886,1.0079495943166872,0.9986366268360254,0.01150967406504082,3.0458602421957863,33,33,0
Lunar,Naive,66,time_late,effective_gate,1,7.57270604359812e-08,3.7133147420745915e-07,0.0,0.0,0.007680653038650467,0.0055404200248248886,1.0079495943166872,0.9986366268360254,-44.274251997470856,15.449170481870855,33,33,0
Lunar,Naive,66,time_late,effective_gate,2,0.5441019966326723,0.5044036698548298,0.5454545454545454,0.0,0.007680653038650467,0.0055404200248248886,1.0079495943166872,0.9986366268360254,0.35172774586262123,0.7789034464453964,33,33,0
Lunar,Naive,66,time_late,effective_gate,3,0.000980493296707904,0.004407335080072528,0.0,0.0,0.007680653038650467,0.0055404200248248886,1.0079495943166872,0.9986366268360254,-1.5753875876014882,8.861403658727536,33,33,0
Lunar,Naive,66,time_mid,effective_gate,0,0.4948345546163235,0.49806028252542206,0.48484848484848486,0.0,0.039704610850168756,0.028640822586982303,1.0445637332409734,0.9897622773141572,-1.5639647698086319,2.568177134730361,33,33,0
Lunar,Naive,66,time_mid,effective_gate,1,1.477734257679786e-07,5.349135821556108e-07,0.0,0.0,0.039704610850168756,0.028640822586982303,1.0445637332409734,0.9897622773141572,-14.378930148075927,9.519479046121864,33,33,0
Lunar,Naive,66,time_mid,effective_gate,2,0.5050330549064466,0.49793149868456327,0.5151515151515151,0.0,0.039704610850168756,0.028640822586982303,1.0445637332409734,0.9897622773141572,0.4121762183635975,0.7685898159043344,33,33,0
Lunar,Naive,66,time_mid,effective_gate,3,0.00013225122274692204,0.0003230781559405199,0.0,0.0,0.039704610850168756,0.028640822586982303,1.0445637332409734,0.9897622773141572,1.1178732313441508,4.407132987924956,33,33,0
Lunar,Naive,77,time_early,effective_gate,0,0.04091670292224088,0.1717239460851944,0.029411764705882353,0.0,0.1471105403046239,0.10611782347998842,1.1882012025185003,0.9576797537943896,1.6439986339605905,1.7935863283656908,34,34,0
Lunar,Naive,77,time_early,effective_gate,1,0.39184972411913194,0.4674741126527104,0.4117647058823529,0.0,0.1471105403046239,0.10611782347998842,1.1882012025185003,0.9576797537943896,0.4976849736207548,0.5568481691821051,34,34,0
Lunar,Naive,77,time_early,effective_gate,2,0.5553837243292674,0.4773493753338516,0.5588235294117647,0.0,0.1471105403046239,0.10611782347998842,1.1882012025185003,0.9576797537943896,0.15730781086227474,0.22807158577004047,34,34,0
Lunar,Naive,77,time_early,effective_gate,3,0.01184985102618993,0.036022658967466724,0.0,0.0,0.1471105403046239,0.10611782347998842,1.1882012025185003,0.9576797537943896,0.38776731754050536,3.2898339623742543,34,34,0
Lunar,Naive,77,time_late,effective_gate,0,0.00042861577135948434,0.001415962327765511,0.0,0.0,0.09737990530081019,0.07024475322985786,1.1226344807575412,0.9633566159190554,-10.785812265945204,12.605394483926663,33,33,0
Lunar,Naive,77,time_late,effective_gate,1,0.3703424622379041,0.4690112779622299,0.36363636363636365,0.0,0.09737990530081019,0.07024475322985786,1.1226344807575412,0.9633566159190554,-0.05724009744484315,0.2651558562569252,33,33,0
Lunar,Naive,77,time_late,effective_gate,2,0.6221225286992493,0.4642806733671267,0.6363636363636364,0.0,0.09737990530081019,0.07024475322985786,1.1226344807575412,0.9633566159190554,-0.7046784735990294,1.1767127998770543,33,33,0
Lunar,Naive,77,time_late,effective_gate,3,0.007106386923625711,0.02459101778352818,0.0,0.0,0.09737990530081019,0.07024475322985786,1.1226344807575412,0.9633566159190554,-9.507979039780118,11.573350120690968,33,33,0
Lunar,Naive,77,time_mid,effective_gate,0,0.00012864734146767777,0.00038879436653446503,0.0,0.0,0.1250943422764469,0.09023649362274826,1.1671467049550053,0.9400424559911092,-9.16210196054343,9.407671315381986,33,33,0
Lunar,Naive,77,time_mid,effective_gate,1,0.5220047541087681,0.4688744573338706,0.5454545454545454,0.0,0.1250943422764469,0.09023649362274826,1.1671467049550053,0.9400424559911092,0.2990090856046388,0.4203241162451513,33,33,0
Lunar,Naive,77,time_mid,effective_gate,2,0.47568143763699927,0.4667411458665749,0.45454545454545453,0.0,0.1250943422764469,0.09023649362274826,1.1671467049550053,0.9400424559911092,0.1831026025342219,0.3768343921640749,33,33,0
Lunar,Naive,77,time_mid,effective_gate,3,0.0021851624069638502,0.006965372695378307,0.0,0.0,0.1250943422764469,0.09023649362274826,1.1671467049550053,0.9400424559911092,-5.332826454389953,5.905564864409906,33,33,0
Lunar,Naive,88,time_early,effective_gate,0,0.08789511928498135,0.2387076437382089,0.08823529411764706,0.0,0.12020518854980707,0.08670971470496473,1.1485478647136054,0.9601695502505583,-0.7172243428170023,1.1083281398050022,34,34,0
Lunar,Naive,88,time_early,effective_gate,1,0.6446800596988984,0.4546264101597512,0.6470588235294118,0.0,0.12020518854980707,0.08670971470496473,1.1485478647136054,0.9601695502505583,0.6938095248359091,0.9505804004480807,34,34,0
Lunar,Naive,88,time_early,effective_gate,2,0.2656369536103121,0.44131979000791566,0.2647058823529412,0.0,0.12020518854980707,0.08670971470496473,1.1485478647136054,0.9601695502505583,0.6771040793700034,1.3245003820808505,34,34,0
Lunar,Naive,88,time_early,effective_gate,3,0.0017878717363674199,0.007056838936677903,0.0,0.0,0.12020518854980707,0.08670971470496473,1.1485478647136054,0.9601695502505583,5.000441483824568,2.9682636356643353,34,34,0
Lunar,Naive,88,time_late,effective_gate,0,0.15260128605422263,0.36341763954638756,0.15151515151515152,0.0,0.006633269814105588,0.004784892732844294,1.0069742788192937,0.9987199794162404,0.4093491971266992,5.347403390113729,33,33,0
Lunar,Naive,88,time_late,effective_gate,1,0.60589051270619,0.4960585240499774,0.6060606060606061,0.0,0.006633269814105588,0.004784892732844294,1.0069742788192937,0.9987199794162404,-0.9205082973295992,1.269968937325953,33,33,0
Lunar,Naive,88,time_late,effective_gate,2,0.24150545025657677,0.4333497110007488,0.24242424242424243,0.0,0.006633269814105588,0.004784892732844294,1.0069742788192937,0.9987199794162404,8.311781045896085,11.90306293792116,33,33,0
Lunar,Naive,88,time_late,effective_gate,3,2.7588852168439617e-06,1.5770563947681193e-05,0.0,0.0,0.006633269814105588,0.004784892732844294,1.0069742788192937,0.9987199794162404,10.09017931737683,12.956677204869369,33,33,0
Lunar,Naive,88,time_mid,effective_gate,0,0.06861797151107737,0.24062559190981495,0.06060606060606061,0.0,0.036737956904545684,0.026500834119290256,1.03998942946909,0.9916901154951616,-0.14442170083974348,0.6425338097675166,33,33,0
Lunar,Naive,88,time_mid,effective_gate,1,0.5090443016268562,0.501905043399794,0.5151515151515151,0.0,0.036737956904545684,0.026500834119290256,1.03998942946909,0.9916901154951616,0.4464654925871979,0.8536874836375771,33,33,0
Lunar,Naive,88,time_mid,effective_gate,2,0.422303664899437,0.4993426262886347,0.42424242424242425,0.0,0.036737956904545684,0.026500834119290256,1.03998942946909,0.9916901154951616,0.07112793170028564,2.495040028272329,33,33,0
Lunar,Naive,88,time_mid,effective_gate,3,3.4041047813025005e-05,6.653042530307032e-05,0.0,0.0,0.036737956904545684,0.026500834119290256,1.03998942946909,0.9916901154951616,9.259670331171066,5.624245660006071,33,33,0
Lunar,Naive,99,time_early,effective_gate,0,0.8907904781847665,0.24310015740501897,0.9411764705882353,0.0,0.1625994353035824,0.11729069948191208,1.2186352230134034,0.9494309442884782,0.45870747893829555,0.3437016761454791,34,34,0
Lunar,Naive,99,time_early,effective_gate,1,0.06482756469913871,0.23720603988925862,0.058823529411764705,0.0,0.1625994353035824,0.11729069948191208,1.2186352230134034,0.9494309442884782,-0.6101928959217142,1.3236289672534158,34,34,0
Lunar,Naive,99,time_early,effective_gate,2,0.039366881926823936,0.06719542375041052,0.0,0.0,0.1625994353035824,0.11729069948191208,1.2186352230134034,0.9494309442884782,1.0305427037289037,4.248507756054254,34,34,0
Lunar,Naive,99,time_early,effective_gate,3,0.005015084516168592,0.018604773482579773,0.0,0.0,0.1625994353035824,0.11729069948191208,1.2186352230134034,0.9494309442884782,-1.3809564144295805,2.6360482050858045,34,34,0
Lunar,Naive,99,time_late,effective_gate,0,0.8787807747921569,0.3314312390529243,0.8787878787878788,0.0,0.00010645624858034107,7.679195094925042e-05,1.0001065557187052,0.9999892043344902,2.04583400431456,2.2391343364889917,33,33,0
Lunar,Naive,99,time_late,effective_gate,1,0.121214859337509,0.3314215327255154,0.12121212121212122,0.0,0.00010645624858034107,7.679195094925042e-05,1.0001065557187052,0.9999892043344902,4.853616388006643,6.205422401877932,33,33,0
Lunar,Naive,99,time_late,effective_gate,2,3.6650550435119975e-06,2.089527575477539e-05,0.0,0.0,0.00010645624858034107,7.679195094925042e-05,1.0001065557187052,0.9999892043344902,-4.209638493530678,7.20364431498053,33,33,0
Lunar,Naive,99,time_late,effective_gate,3,7.078512153982701e-07,3.988519475110194e-06,0.0,0.0,0.00010645624858034107,7.679195094925042e-05,1.0001065557187052,0.9999892043344902,2.022681578542247,12.91386675478525,33,33,0
Lunar,Naive,99,time_mid,effective_gate,0,0.9090662725019566,0.2919281655969832,0.9090909090909091,0.0,0.0005653982437740067,0.0004078486212100444,1.0005671851274638,0.9999318791158271,-0.0002273307605223222,1.5575189287617857,33,33,0
Lunar,Naive,99,time_mid,effective_gate,1,0.09086610117313991,0.29179838873027525,0.09090909090909091,0.0,0.0005653982437740067,0.0004078486212100444,1.0005671851274638,0.9999318791158271,4.0813223533896785,9.126222991163749,33,33,0
Lunar,Naive,99,time_mid,effective_gate,2,4.3693047445597727e-05,0.00018440509876324385,0.0,0.0,0.0005653982437740067,0.0004078486212100444,1.0005671851274638,0.9999318791158271,23.046968102680914,45.363962167380926,33,33,0
Lunar,Naive,99,time_mid,effective_gate,3,2.3935981795646823e-05,0.00013611425749816735,0.0,0.0,0.0005653982437740067,0.0004078486212100444,1.0005671851274638,0.9999318791158271,-3.563181577363249,7.000340002911846,33,33,0
Lunar,Naive,111,time_early,effective_gate,0,0.49981098469481866,0.47028854637552825,0.5,0.0,0.14764987725239193,0.10650687284994503,1.1855070361021205,0.948341066346449,-1.9017862796454745,3.226488742293957,34,34,0
Lunar,Naive,111,time_early,effective_gate,1,0.004504749740295489,0.013936201649179787,0.0,0.0,0.14764987725239193,0.10650687284994503,1.1855070361021205,0.948341066346449,0.30052030891837445,1.9920143798067336,34,34,0
Lunar,Naive,111,time_early,effective_gate,2,0.41040917831056944,0.49493951641809636,0.4117647058823529,0.0,0.14764987725239193,0.10650687284994503,1.1855070361021205,0.948341066346449,0.4064784185303485,2.418413155644927,34,34,0
Lunar,Naive,111,time_early,effective_gate,3,0.08527508007841662,0.2108458674190606,0.08823529411764706,0.0,0.14764987725239193,0.10650687284994503,1.1855070361021205,0.948341066346449,-2.9311254741623998,5.044291687639872,34,34,0
Lunar,Naive,111,time_late,effective_gate,0,0.9090457897835388,0.2918962448368109,0.9090909090909091,0.0,0.0005834870882298976,0.0004208969643060071,1.0005852580306211,0.9999316208290331,-2.0924735575011284,2.714301645364343,33,33,0
Lunar,Naive,111,time_late,effective_gate,1,1.0423385423158818e-08,4.792948294730677e-08,0.0,0.0,0.0005834870882298976,0.0004208969643060071,1.0005852580306211,0.9999316208290331,-16.40754537058599,14.841935043667757,33,33,0
Lunar,Naive,111,time_late,effective_gate,2,0.0909083736006061,0.2918816394330809,0.09090909090909091,0.0,0.0005834870882298976,0.0004208969643060071,1.0005852580306211,0.9999316208290331,3.666190840078123,13.24118061388332,33,33,0
Lunar,Naive,111,time_late,effective_gate,3,4.583297849229857e-05,0.00021628203944026715,0.0,0.0,0.0005834870882298976,0.0004208969643060071,1.0005852580306211,0.9999316208290331,-8.82214086480213,26.597982838628106,33,33,0
Lunar,Naive,111,time_mid,effective_gate,0,0.5966412409886614,0.48862164470695224,0.6060606060606061,0.0,0.04020461012925415,0.02900149582717457,1.044662125206206,0.9900757796836622,-0.8381513659136764,1.2121789953738982,33,33,0
Lunar,Naive,111,time_mid,effective_gate,1,1.0303873673512431e-05,4.782417577867488e-05,0.0,0.0,0.04020461012925415,0.02900149582717457,1.044662125206206,0.9900757796836622,1.5402275867985957,5.6062606822136205,33,33,0
Lunar,Naive,111,time_mid,effective_gate,2,0.3938480424009316,0.49563065730707473,0.3939393939393939,0.0,0.04020461012925415,0.02900149582717457,1.044662125206206,0.9900757796836622,-0.11940769896362767,5.974393618403638,33,33,0
Lunar,Naive,111,time_mid,effective_gate,3,0.0095004163003978,0.024314939733225686,0.0,0.0,0.04020461012925415,0.02900149582717457,1.044662125206206,0.9900757796836622,-7.403915907736078,11.00978947751504,33,33,0
Lunar,Protected,11,time_early,effective_gate,0,0.24491257724516532,0.02966446732580704,0.0,0.9117647058823529,1.3757930528699926,0.9924249073325131,3.96467545595931,0.2609109615578371,0.3120328345719506,0.4122100366177204,34,34,0
Lunar,Protected,11,time_early,effective_gate,1,0.2609109615578371,0.06362106026940464,0.08823529411764706,0.9117647058823529,1.3757930528699926,0.9924249073325131,3.96467545595931,0.2609109615578371,0.042149668942917794,0.3337044924979306,34,34,0
Lunar,Protected,11,time_early,effective_gate,2,0.24499198575230205,0.029201403279210284,0.0,0.9117647058823529,1.3757930528699926,0.9924249073325131,3.96467545595931,0.2609109615578371,-0.16849600764758446,0.24227350419160906,34,34,0
Lunar,Protected,11,time_early,effective_gate,3,0.24918447478729136,0.004755198764208268,0.0,0.9117647058823529,1.3757930528699926,0.9924249073325131,3.96467545595931,0.2609109615578371,0.3796219941064277,0.38774933735313766,34,34,0
Lunar,Protected,11,time_early,raw_router,0,0.06248381267136486,0.19741630744407673,0.058823529411764705,0.0,0.3954199633003565,0.2852352100609601,1.5746631355383283,0.8360530032831079,0.3120328345719506,0.4122100366177204,34,34,0
Lunar,Protected,11,time_early,raw_router,1,0.19466897950159737,0.2754984303885953,0.17647058823529413,0.0,0.3954199633003565,0.2852352100609601,1.5746631355383283,0.8360530032831079,0.042149668942917794,0.3337044924979306,34,34,0
Lunar,Protected,11,time_early,raw_router,2,0.0857252447565031,0.20662298685992359,0.08823529411764706,0.0,0.3954199633003565,0.2852352100609601,1.5746631355383283,0.8360530032831079,-0.16849600764758446,0.24227350419160906,34,34,0
Lunar,Protected,11,time_early,raw_router,3,0.6571219670419369,0.38232444397346843,0.6764705882352942,0.0,0.3954199633003565,0.2852352100609601,1.5746631355383283,0.8360530032831079,0.3796219941064277,0.38774933735313766,34,34,0
Lunar,Protected,11,time_late,effective_gate,0,0.25,0.0,0.0,1.0,1.3862943611198906,1.0,4.0,0.25,-0.09562810510396956,0.39113121434866366,33,33,0
Lunar,Protected,11,time_late,effective_gate,1,0.25,0.0,0.0,1.0,1.3862943611198906,1.0,4.0,0.25,-0.22290790047157893,0.21250882859847858,33,33,0
Lunar,Protected,11,time_late,effective_gate,2,0.25,0.0,0.0,1.0,1.3862943611198906,1.0,4.0,0.25,-0.04831173002832766,0.2504103932112825,33,33,0
Lunar,Protected,11,time_late,effective_gate,3,0.25,0.0,0.0,1.0,1.3862943611198906,1.0,4.0,0.25,0.040121717953518245,0.13016386899303348,33,33,0
Lunar,Protected,11,time_late,raw_router,0,0.00643672025939764,0.013286538138774758,0.0,0.0,0.46024611758057143,0.33199739571094455,1.6659650897539742,0.8106742961840196,-0.09562810510396956,0.39113121434866366,33,33,0
Lunar,Protected,11,time_late,raw_router,1,0.0947753297953044,0.13546037351229823,0.0,0.0,0.46024611758057143,0.33199739571094455,1.6659650897539742,0.8106742961840196,-0.22290790047157893,0.21250882859847858,33,33,0
Lunar,Protected,11,time_late,raw_router,2,0.4330080911476574,0.42096458276590737,0.48484848484848486,0.0,0.46024611758057143,0.33199739571094455,1.6659650897539742,0.8106742961840196,-0.04831173002832766,0.2504103932112825,33,33,0
Lunar,Protected,11,time_late,raw_router,3,0.4657798534581988,0.3671389403766823,0.5151515151515151,0.0,0.46024611758057143,0.33199739571094455,1.6659650897539742,0.8106742961840196,0.040121717953518245,0.13016386899303348,33,33,0
Lunar,Protected,11,time_mid,effective_gate,0,0.25,0.0,0.0,1.0,1.3862943611198906,1.0,4.0,0.25,0.20498519040869945,0.16635227938982403,33,33,0
Lunar,Protected,11,time_mid,effective_gate,1,0.25,0.0,0.0,1.0,1.3862943611198906,1.0,4.0,0.25,0.050313438542864526,0.3658595559635462,33,33,0
Lunar,Protected,11,time_mid,effective_gate,2,0.25,0.0,0.0,1.0,1.3862943611198906,1.0,4.0,0.25,0.010385512571894767,0.20193716588980545,33,33,0
Lunar,Protected,11,time_mid,effective_gate,3,0.25,0.0,0.0,1.0,1.3862943611198906,1.0,4.0,0.25,0.10759319111027499,0.21336460343555774,33,33,0
Lunar,Protected,11,time_mid,raw_router,0,0.003983185645635051,0.01584165961042869,0.0,0.0,0.36376527815326704,0.2624011814196563,1.4908491387190308,0.8547572276808999,0.20498519040869945,0.16635227938982403,33,33,0
Lunar,Protected,11,time_mid,raw_router,1,0.10854609557370137,0.1697419111186501,0.06060606060606061,0.0,0.36376527815326704,0.2624011814196563,1.4908491387190308,0.8547572276808999,0.050313438542864526,0.3658595559635462,33,33,0
Lunar,Protected,11,time_mid,raw_router,2,0.23132038387979895,0.37962812723960726,0.21212121212121213,0.0,0.36376527815326704,0.2624011814196563,1.4908491387190308,0.8547572276808999,0.010385512571894767,0.20193716588980545,33,33,0
Lunar,Protected,11,time_mid,raw_router,3,0.6561503401096684,0.3589098716906604,0.7272727272727273,0.0,0.36376527815326704,0.2624011814196563,1.4908491387190308,0.8547572276808999,0.10759319111027499,0.21336460343555774,33,33,0
Lunar,Protected,22,time_early,effective_gate,0,0.24850443619139054,0.008701442128575066,0.0,0.8235294117647058,1.384449269051827,0.9986690474117107,3.992846357994234,0.25410845262162823,-0.0007092464057838347,0.3243528389219952,34,34,0
Lunar,Protected,22,time_early,effective_gate,1,0.25410842632546143,0.023865465135017822,0.11764705882352941,0.8235294117647058,1.384449269051827,0.9986690474117107,3.992846357994234,0.25410845262162823,0.5999350822119809,0.4870316509497589,34,34,0
Lunar,Protected,22,time_early,effective_gate,2,0.2503599108142011,0.002136416771536435,0.058823529411764705,0.8235294117647058,1.384449269051827,0.9986690474117107,3.992846357994234,0.25410845262162823,-0.20927426698343718,0.42368915244638755,34,34,0
Lunar,Protected,22,time_early,effective_gate,3,0.24702722929856358,0.017300029804033362,0.0,0.8235294117647058,1.384449269051827,0.9986690474117107,3.992846357994234,0.25410845262162823,0.38569888193160295,0.40543733858718084,34,34,0
Lunar,Protected,22,time_early,raw_router,0,0.3370793212037397,0.3745759879489019,0.38235294117647056,0.0,0.7754501678020133,0.5593690557722395,2.2870088487009896,0.6662945361698375,-0.0007092464057838347,0.3243528389219952,34,34,0
Lunar,Protected,22,time_early,raw_router,1,0.2876629811694329,0.2692684819330513,0.35294117647058826,0.0,0.7754501678020133,0.5593690557722395,2.2870088487009896,0.6662945361698375,0.5999350822119809,0.4870316509497589,34,34,0
Lunar,Protected,22,time_early,raw_router,2,0.2807491760198472,0.24706438359128227,0.23529411764705882,0.0,0.7754501678020133,0.5593690557722395,2.2870088487009896,0.6662945361698375,-0.20927426698343718,0.42368915244638755,34,34,0
Lunar,Protected,22,time_early,raw_router,3,0.09450853111646958,0.10769976665442307,0.029411764705882353,0.0,0.7754501678020133,0.5593690557722395,2.2870088487009896,0.6662945361698375,0.38569888193160295,0.40543733858718084,34,34,0
Lunar,Protected,22,time_late,effective_gate,0,0.25,0.0,0.0,1.0,1.3862943611198906,1.0,4.0,0.25,-0.09346885324427574,0.7553949481536372,33,33,0
Lunar,Protected,22,time_late,effective_gate,1,0.25,0.0,0.0,1.0,1.3862943611198906,1.0,4.0,0.25,0.1508297144689343,0.8507309846470114,33,33,0
Lunar,Protected,22,time_late,effective_gate,2,0.25,0.0,0.0,1.0,1.3862943611198906,1.0,4.0,0.25,-0.14866058201049315,1.1767661593167813,33,33,0
Lunar,Protected,22,time_late,effective_gate,3,0.25,0.0,0.0,1.0,1.3862943611198906,1.0,4.0,0.25,0.05401114475998009,0.9576717738830118,33,33,0
Lunar,Protected,22,time_late,raw_router,0,0.6750782915308705,0.43131127718463236,0.696969696969697,0.0,0.1270386911595145,0.09163904486842811,1.1648140103449491,0.945147971312205,-0.09346885324427574,0.7553949481536372,33,33,0
Lunar,Protected,22,time_late,raw_router,1,0.32479717167988503,0.4312869293479621,0.30303030303030304,0.0,0.1270386911595145,0.09163904486842811,1.1648140103449491,0.945147971312205,0.1508297144689343,0.8507309846470114,33,33,0
Lunar,Protected,22,time_late,raw_router,2,1.6419800692508216e-07,5.160266293339912e-07,0.0,0.0,0.1270386911595145,0.09163904486842811,1.1648140103449491,0.945147971312205,-0.14866058201049315,1.1767661593167813,33,33,0
Lunar,Protected,22,time_late,raw_router,3,0.00012438008153307863,0.0002803785531151107,0.0,0.0,0.1270386911595145,0.09163904486842811,1.1648140103449491,0.945147971312205,0.05401114475998009,0.9576717738830118,33,33,0
Lunar,Protected,22,time_mid,effective_gate,0,0.25000009031006787,1.8826908782101577e-06,0.030303030303030304,0.9393939393939394,1.3862943612512135,1.0000000000947296,4.000000000525293,0.2500008154999126,-0.006577926038792629,0.20218315726634792,33,33,0
Lunar,Protected,22,time_mid,effective_gate,1,0.24999944504463312,2.70743537454151e-06,0.0,0.9393939393939394,1.3862943612512135,1.0000000000947296,4.000000000525293,0.2500008154999126,0.5658433272531538,0.44826208331748874,33,33,0
Lunar,Protected,22,time_mid,effective_gate,2,0.2500004569689433,3.1962353952613014e-06,0.030303030303030304,0.9393939393939394,1.3862943612512135,1.0000000000947296,4.000000000525293,0.2500008154999126,-0.0687146470740889,0.3318391132987629,33,33,0
Lunar,Protected,22,time_mid,effective_gate,3,0.2500000081279061,7.718194758241738e-07,0.0,0.9393939393939394,1.3862943612512135,1.0000000000947296,4.000000000525293,0.2500008154999126,0.5258621482009237,0.2855549260019804,33,33,0
Lunar,Protected,22,time_mid,raw_router,0,0.5915536176198106,0.43867598526593016,0.6060606060606061,0.0,0.26142125914793196,0.188575577077835,1.3738855557710123,0.9012503425280253,-0.006577926038792629,0.20218315726634792,33,33,0
Lunar,Protected,22,time_mid,raw_router,1,0.3607194601619967,0.42551001090577145,0.36363636363636365,0.0,0.26142125914793196,0.188575577077835,1.3738855557710123,0.9012503425280253,0.5658433272531538,0.44826208331748874,33,33,0
Lunar,Protected,22,time_mid,raw_router,2,0.028793052281537505,0.10354749107481988,0.030303030303030304,0.0,0.26142125914793196,0.188575577077835,1.3738855557710123,0.9012503425280253,-0.0687146470740889,0.3318391132987629,33,33,0
Lunar,Protected,22,time_mid,raw_router,3,0.01893386398780102,0.05382355496742305,0.0,0.0,0.26142125914793196,0.188575577077835,1.3738855557710123,0.9012503425280253,0.5258621482009237,0.2855549260019804,33,33,0
Lunar,Protected,33,time_early,effective_gate,0,0.25000083052060185,2.779289747444227e-06,0.058823529411764705,0.8529411764705882,1.3862943608874971,0.9999999998323635,3.9999999990704262,0.2500018801759271,0.6903069406090414,0.3905786203386791,34,34,0
Lunar,Protected,33,time_early,effective_gate,1,0.25000137923394933,7.357949175116407e-06,0.058823529411764705,0.8529411764705882,1.3862943608874971,0.9999999998323635,3.9999999990704262,0.2500018801759271,0.5262650744441677,0.27561499354618607,34,34,0
Lunar,Protected,33,time_early,effective_gate,2,0.24999924968270695,2.7441805345646955e-06,0.029411764705882353,0.8529411764705882,1.3862943608874971,0.9999999998323635,3.9999999990704262,0.2500018801759271,0.9074815759325728,0.501437268444309,34,34,0
Lunar,Protected,33,time_early,effective_gate,3,0.2499985405627419,6.699183729154942e-06,0.0,0.8529411764705882,1.3862943608874971,0.9999999998323635,3.9999999990704262,0.2500018801759271,1.4384958824170206,0.9905861327271042,34,34,0
Lunar,Protected,33,time_early,raw_router,0,0.4528950548127935,0.43649298725977015,0.4411764705882353,0.0,0.3266631979667882,0.23563768787380757,1.510877309950888,0.8695872303317574,0.6903069406090414,0.3905786203386791,34,34,0
Lunar,Protected,33,time_early,raw_router,1,0.3945925086924998,0.4278465735637539,0.4117647058823529,0.0,0.3266631979667882,0.23563768787380757,1.510877309950888,0.8695872303317574,0.5262650744441677,0.27561499354618607,34,34,0
Lunar,Protected,33,time_early,raw_router,2,0.1366745709530384,0.27544337358210674,0.14705882352941177,0.0,0.3266631979667882,0.23563768787380757,1.510877309950888,0.8695872303317574,0.9074815759325728,0.501437268444309,34,34,0
Lunar,Protected,33,time_early,raw_router,3,0.015837870749400747,0.038262153910577794,0.0,0.0,0.3266631979667882,0.23563768787380757,1.510877309950888,0.8695872303317574,1.4384958824170206,0.9905861327271042,34,34,0
Lunar,Protected,33,time_late,effective_gate,0,0.25,0.0,0.0,1.0,1.3862943611198906,1.0,4.0,0.25,0.017425286273161568,0.2103585102509498,33,33,0
Lunar,Protected,33,time_late,effective_gate,1,0.25,0.0,0.0,1.0,1.3862943611198906,1.0,4.0,0.25,0.6431133645502004,0.5014410893944924,33,33,0
Lunar,Protected,33,time_late,effective_gate,2,0.25,0.0,0.0,1.0,1.3862943611198906,1.0,4.0,0.25,0.5770259149598352,0.695765929846309,33,33,0
Lunar,Protected,33,time_late,effective_gate,3,0.25,0.0,0.0,1.0,1.3862943611198906,1.0,4.0,0.25,0.2234615796443188,0.33025313727715233,33,33,0
Lunar,Protected,33,time_late,raw_router,0,0.16916565891397387,0.3349479665876646,0.15151515151515152,0.0,0.29612352397732766,0.21360796976632737,1.404978914507224,0.8815184650999127,0.017425286273161568,0.2103585102509498,33,33,0
Lunar,Protected,33,time_late,raw_router,1,0.28857911919303,0.39402314910299957,0.2727272727272727,0.0,0.29612352397732766,0.21360796976632737,1.404978914507224,0.8815184650999127,0.6431133645502004,0.5014410893944924,33,33,0
Lunar,Protected,33,time_late,raw_router,2,0.05538239471694448,0.17189034801669395,0.06060606060606061,0.0,0.29612352397732766,0.21360796976632737,1.404978914507224,0.8815184650999127,0.5770259149598352,0.695765929846309,33,33,0
Lunar,Protected,33,time_late,raw_router,3,0.486872835074764,0.44212294881087505,0.5151515151515151,0.0,0.29612352397732766,0.21360796976632737,1.404978914507224,0.8815184650999127,0.2234615796443188,0.33025313727715233,33,33,0
Lunar,Protected,33,time_mid,effective_gate,0,0.25,0.0,0.0,1.0,1.3862943611198906,1.0,4.0,0.25,0.28929050571539183,0.5363512010550091,33,33,0
Lunar,Protected,33,time_mid,effective_gate,1,0.25,0.0,0.0,1.0,1.3862943611198906,1.0,4.0,0.25,0.49052490158514545,0.35145225110630796,33,33,0
Lunar,Protected,33,time_mid,effective_gate,2,0.25,0.0,0.0,1.0,1.3862943611198906,1.0,4.0,0.25,1.2057414063901613,0.5898687530578248,33,33,0
Lunar,Protected,33,time_mid,effective_gate,3,0.25,0.0,0.0,1.0,1.3862943611198906,1.0,4.0,0.25,1.7536365297256093,1.046015681992149,33,33,0
Lunar,Protected,33,time_mid,raw_router,0,0.11908551424008339,0.28736413168098746,0.12121212121212122,0.0,0.15733287504440832,0.11349167929768543,1.2142470090999369,0.9352614193251638,0.28929050571539183,0.5363512010550091,33,33,0
Lunar,Protected,33,time_mid,raw_router,1,0.5892282975868623,0.4607215278107356,0.6060606060606061,0.0,0.15733287504440832,0.11349167929768543,1.2142470090999369,0.9352614193251638,0.49052490158514545,0.35145225110630796,33,33,0
Lunar,Protected,33,time_mid,raw_router,2,0.002212192038326415,0.006673087131271148,0.0,0.0,0.15733287504440832,0.11349167929768543,1.2142470090999369,0.9352614193251638,1.2057414063901613,0.5898687530578248,33,33,0
Lunar,Protected,33,time_mid,raw_router,3,0.28947399830916265,0.427666964212216,0.2727272727272727,0.0,0.15733287504440832,0.11349167929768543,1.2142470090999369,0.9352614193251638,1.7536365297256093,1.046015681992149,33,33,0
Lunar,Protected,44,time_early,effective_gate,0,0.2504977215738857,0.0014998225055141798,0.47058823529411764,0.3235294117647059,1.3862802446317437,0.999989817106278,3.9999435436911805,0.25049827204031105,0.5740273030036512,0.38021946521999483,34,34,0
Lunar,Protected,44,time_early,effective_gate,1,0.2501104439006132,0.001226947573469489,0.058823529411764705,0.3235294117647059,1.3862802446317437,0.999989817106278,3.9999435436911805,0.25049827204031105,0.3931891252560651,0.480297795396691,34,34,0
Lunar,Protected,44,time_early,effective_gate,2,0.24968009310610154,0.0013018180528714001,0.08823529411764706,0.3235294117647059,1.3862802446317437,0.999989817106278,3.9999435436911805,0.25049827204031105,0.20530322692630923,0.33794727153607446,34,34,0
Lunar,Protected,44,time_early,effective_gate,3,0.2497117396663217,0.0011688221103822451,0.058823529411764705,0.3235294117647059,1.3862802446317437,0.999989817106278,3.9999435436911805,0.25049827204031105,0.4111254246741095,0.2617692225057656,34,34,0
Lunar,Protected,44,time_early,raw_router,0,0.630529827076637,0.4003331219600907,0.6764705882352942,0.0,0.42661802150486017,0.30773985198946147,1.6638615081909756,0.836656367077547,0.5740273030036512,0.38021946521999483,34,34,0
Lunar,Protected,44,time_early,raw_router,1,0.15424536373142045,0.24396231057273013,0.11764705882352941,0.0,0.42661802150486017,0.30773985198946147,1.6638615081909756,0.836656367077547,0.3931891252560651,0.480297795396691,34,34,0
Lunar,Protected,44,time_early,raw_router,2,0.1607332542555021,0.3061499770792182,0.14705882352941177,0.0,0.42661802150486017,0.30773985198946147,1.6638615081909756,0.836656367077547,0.20530322692630923,0.33794727153607446,34,34,0
Lunar,Protected,44,time_early,raw_router,3,0.054491543908259,0.1350480539722844,0.058823529411764705,0.0,0.42661802150486017,0.30773985198946147,1.6638615081909756,0.836656367077547,0.4111254246741095,0.2617692225057656,34,34,0
Lunar,Protected,44,time_late,effective_gate,0,0.3569411344572224,0.2946371916344151,0.30303030303030304,0.48484848484848486,1.08880093719066,0.7854038563001107,3.2344410919805795,0.41854962616255786,-0.11420162654284274,0.29469130702135926,33,33,0
Lunar,Protected,44,time_late,effective_gate,1,0.2485549280024839,0.12131042107820462,0.09090909090909091,0.48484848484848486,1.08880093719066,0.7854038563001107,3.2344410919805795,0.41854962616255786,0.5222458684196075,0.25654388144912876,33,33,0
Lunar,Protected,44,time_late,effective_gate,2,0.22769216723750244,0.13663791117162907,0.06060606060606061,0.48484848484848486,1.08880093719066,0.7854038563001107,3.2344410919805795,0.41854962616255786,0.16910722874330752,0.1628055552888351,33,33,0
Lunar,Protected,44,time_late,effective_gate,3,0.16681176162703856,0.11821095880430026,0.06060606060606061,0.48484848484848486,1.08880093719066,0.7854038563001107,3.2344410919805795,0.41854962616255786,-0.09824398577664838,0.20745102239341157,33,33,0
Lunar,Protected,44,time_late,raw_router,0,0.6899872896447601,0.4151870556002437,0.7272727272727273,0.0,0.24535365238970802,0.17698524878331318,1.3368925973949175,0.8817348471193602,-0.11420162654284274,0.29469130702135926,33,33,0
Lunar,Protected,44,time_late,raw_router,1,0.11100502650741459,0.23094035248885694,0.09090909090909091,0.0,0.24535365238970802,0.17698524878331318,1.3368925973949175,0.8817348471193602,0.5222458684196075,0.25654388144912876,33,33,0
Lunar,Protected,44,time_late,raw_router,2,0.06192865262745301,0.16077777953608438,0.06060606060606061,0.0,0.24535365238970802,0.17698524878331318,1.3368925973949175,0.8817348471193602,0.16910722874330752,0.1628055552888351,33,33,0
Lunar,Protected,44,time_late,raw_router,3,0.13707903093863935,0.3071834988500223,0.12121212121212122,0.0,0.24535365238970802,0.17698524878331318,1.3368925973949175,0.8817348471193602,-0.09824398577664838,0.20745102239341157,33,33,0
Lunar,Protected,44,time_mid,effective_gate,0,0.21671662883917717,0.07631779488042745,0.21212121212121213,0.3939393939393939,1.300926455718361,0.9384200731130675,3.74513989917066,0.31777465162855206,0.41146225775733136,0.6828877452906592,33,33,0
Lunar,Protected,44,time_mid,effective_gate,1,0.31061284921386023,0.15299400716560688,0.24242424242424243,0.3939393939393939,1.300926455718361,0.9384200731130675,3.74513989917066,0.31777465162855206,0.3635642377264572,0.29304084101051037,33,33,0
Lunar,Protected,44,time_mid,effective_gate,2,0.25326648061022616,0.04136594222080746,0.030303030303030304,0.3939393939393939,1.300926455718361,0.9384200731130675,3.74513989917066,0.31777465162855206,0.1704865964976224,0.20363988713223544,33,33,0
Lunar,Protected,44,time_mid,effective_gate,3,0.2194040396081453,0.07641611224830426,0.12121212121212122,0.3939393939393939,1.300926455718361,0.9384200731130675,3.74513989917066,0.31777465162855206,0.22529462976098963,0.39392900428183525,33,33,0
Lunar,Protected,44,time_mid,raw_router,0,0.43156996708294726,0.41610736629015643,0.45454545454545453,0.0,0.41112198288716445,0.2965618229558747,1.577589666452771,0.8344414658618696,0.41146225775733136,0.6828877452906592,33,33,0
Lunar,Protected,44,time_mid,raw_router,1,0.2283686953975494,0.33739717339472197,0.24242424242424243,0.0,0.41112198288716445,0.2965618229558747,1.577589666452771,0.8344414658618696,0.3635642377264572,0.29304084101051037,33,33,0
Lunar,Protected,44,time_mid,raw_router,2,0.07748114547331411,0.1777574376390232,0.06060606060606061,0.0,0.41112198288716445,0.2965618229558747,1.577589666452771,0.8344414658618696,0.1704865964976224,0.20363988713223544,33,33,0
Lunar,Protected,44,time_mid,raw_router,3,0.26258020069225163,0.37526138660225417,0.24242424242424243,0.0,0.41112198288716445,0.2965618229558747,1.577589666452771,0.8344414658618696,0.22529462976098963,0.39392900428183525,33,33,0
Lunar,Protected,55,time_early,effective_gate,0,0.2500011096982395,6.470597052288537e-06,0.029411764705882353,0.9411764705882353,1.3862943606691387,0.9999999996748514,3.999999998196994,0.25000111495747285,0.4066806651980561,0.4094383475172213,34,34,0
Lunar,Protected,55,time_early,effective_gate,1,0.24999969847062053,1.7900613834870592e-06,0.029411764705882353,0.9411764705882353,1.3862943606691387,0.9999999996748514,3.999999998196994,0.25000111495747285,0.3064844301518272,0.432823094565043,34,34,0
Lunar,Protected,55,time_early,effective_gate,2,0.24999962089692845,2.1869558926945455e-06,0.0,0.9411764705882353,1.3862943606691387,0.9999999996748514,3.999999998196994,0.25000111495747285,0.4326163726475309,0.4757939348521905,34,34,0
Lunar,Protected,55,time_early,effective_gate,3,0.24999957005767262,2.4938408914416874e-06,0.0,0.9411764705882353,1.3862943606691387,0.9999999996748514,3.999999998196994,0.25000111495747285,0.18930744379758835,0.6771894350480264,34,34,0
Lunar,Protected,55,time_early,raw_router,0,0.33953617440873185,0.40654878007878004,0.3235294117647059,0.0,0.48160833524238916,0.3474069784524922,1.6820562089566122,0.8138495894039378,0.4066806651980561,0.4094383475172213,34,34,0
Lunar,Protected,55,time_early,raw_router,1,0.45361685024630893,0.3681530944993983,0.47058823529411764,0.0,0.48160833524238916,0.3474069784524922,1.6820562089566122,0.8138495894039378,0.3064844301518272,0.432823094565043,34,34,0
Lunar,Protected,55,time_early,raw_router,2,0.09833852014486985,0.22378100776501644,0.08823529411764706,0.0,0.48160833524238916,0.3474069784524922,1.6820562089566122,0.8138495894039378,0.4326163726475309,0.4757939348521905,34,34,0
Lunar,Protected,55,time_early,raw_router,3,0.10850846141150826,0.21008166868588937,0.11764705882352941,0.0,0.48160833524238916,0.3474069784524922,1.6820562089566122,0.8138495894039378,0.18930744379758835,0.6771894350480264,34,34,0
Lunar,Protected,55,time_late,effective_gate,0,0.25,0.0,0.0,1.0,1.3862943611198906,1.0,4.0,0.25,-0.09977220743894577,0.21565401698316009,33,33,0
Lunar,Protected,55,time_late,effective_gate,1,0.25,0.0,0.0,1.0,1.3862943611198906,1.0,4.0,0.25,0.09398382450595046,0.2029433867567852,33,33,0
Lunar,Protected,55,time_late,effective_gate,2,0.25,0.0,0.0,1.0,1.3862943611198906,1.0,4.0,0.25,0.25609768498124497,0.4519730520431499,33,33,0
Lunar,Protected,55,time_late,effective_gate,3,0.25,0.0,0.0,1.0,1.3862943611198906,1.0,4.0,0.25,-0.046492783522064034,0.22129529711505966,33,33,0
Lunar,Protected,55,time_late,raw_router,0,0.055877734373028634,0.13653122709422613,0.030303030303030304,0.0,0.4551485117801425,0.3283202504066018,1.669531858548867,0.8267209430535635,-0.09977220743894577,0.21565401698316009,33,33,0
Lunar,Protected,55,time_late,raw_router,1,0.6970217565751888,0.31949202438399044,0.7878787878787878,0.0,0.4551485117801425,0.3283202504066018,1.669531858548867,0.8267209430535635,0.09398382450595046,0.2029433867567852,33,33,0
Lunar,Protected,55,time_late,raw_router,2,0.09822738446236898,0.1946949699653246,0.06060606060606061,0.0,0.4551485117801425,0.3283202504066018,1.669531858548867,0.8267209430535635,0.25609768498124497,0.4519730520431499,33,33,0
Lunar,Protected,55,time_late,raw_router,3,0.148873132269452,0.2738457610848128,0.12121212121212122,0.0,0.4551485117801425,0.3283202504066018,1.669531858548867,0.8267209430535635,-0.046492783522064034,0.22129529711505966,33,33,0
Lunar,Protected,55,time_mid,effective_gate,0,0.25,0.0,0.0,1.0,1.3862943611198906,1.0,4.0,0.25,0.1085122964824691,0.39213545690285717,33,33,0
Lunar,Protected,55,time_mid,effective_gate,1,0.25,0.0,0.0,1.0,1.3862943611198906,1.0,4.0,0.25,0.08302175953532712,0.46896581658568803,33,33,0
Lunar,Protected,55,time_mid,effective_gate,2,0.25,0.0,0.0,1.0,1.3862943611198906,1.0,4.0,0.25,0.17735716339313623,0.5526978304432296,33,33,0
Lunar,Protected,55,time_mid,effective_gate,3,0.25,0.0,0.0,1.0,1.3862943611198906,1.0,4.0,0.25,0.4903834073268103,1.5788399563872286,33,33,0
Lunar,Protected,55,time_mid,raw_router,0,0.044134826294179544,0.13038017376707278,0.06060606060606061,0.0,0.37233660745553154,0.26858408855875804,1.5427914471832715,0.8259468304388451,0.1085122964824691,0.39213545690285717,33,33,0
Lunar,Protected,55,time_mid,raw_router,1,0.6860366368271185,0.3373846733585827,0.7272727272727273,0.0,0.37233660745553154,0.26858408855875804,1.5427914471832715,0.8259468304388451,0.08302175953532712,0.46896581658568803,33,33,0
Lunar,Protected,55,time_mid,raw_router,2,0.05315283739590898,0.16065052636569405,0.030303030303030304,0.0,0.37233660745553154,0.26858408855875804,1.5427914471832715,0.8259468304388451,0.17735716339313623,0.5526978304432296,33,33,0
Lunar,Protected,55,time_mid,raw_router,3,0.21667570933972125,0.3159161505573073,0.18181818181818182,0.0,0.37233660745553154,0.26858408855875804,1.5427914471832715,0.8259468304388451,0.4903834073268103,1.5788399563872286,33,33,0
Lunar,Protected,66,time_early,effective_gate,0,0.2499955414849169,2.253408834557922e-05,0.0,0.8235294117647058,1.3862943569921953,0.9999999970224974,3.9999999834892206,0.2500053267268574,0.612032833016094,0.3429248282453992,34,34,0
Lunar,Protected,66,time_early,effective_gate,1,0.24999588508816326,2.207218569138337e-05,0.0,0.8235294117647058,1.3862943569921953,0.9999999970224974,3.9999999834892206,0.2500053267268574,0.5938396410030478,0.6929891848976465,34,34,0
Lunar,Protected,66,time_early,effective_gate,2,0.25000326949007373,2.2592539854571613e-05,0.029411764705882353,0.8235294117647058,1.3862943569921953,0.9999999970224974,3.9999999834892206,0.2500053267268574,0.45923275495057597,0.507846086738973,34,34,0
Lunar,Protected,66,time_early,effective_gate,3,0.2500053039368461,2.330404349842073e-05,0.14705882352941177,0.8235294117647058,1.3862943569921953,0.9999999970224974,3.9999999834892206,0.2500053267268574,0.14344011101981297,0.5252763697372436,34,34,0
Lunar,Protected,66,time_early,raw_router,0,0.0034647310227491285,0.00831987049359607,0.0,0.0,0.30833196529795676,0.2224144986414551,1.4301844245165145,0.8766722521361183,0.612032833016094,0.3429248282453992,34,34,0
Lunar,Protected,66,time_early,raw_router,1,0.0641738529933683,0.13184485229195964,0.029411764705882353,0.0,0.30833196529795676,0.2224144986414551,1.4301844245165145,0.8766722521361183,0.5938396410030478,0.6929891848976465,34,34,0
Lunar,Protected,66,time_early,raw_router,2,0.37570099499610565,0.4270914077008155,0.38235294117647056,0.0,0.30833196529795676,0.2224144986414551,1.4301844245165145,0.8766722521361183,0.45923275495057597,0.507846086738973,34,34,0
Lunar,Protected,66,time_early,raw_router,3,0.556660409864408,0.4301794151003169,0.5882352941176471,0.0,0.30833196529795676,0.2224144986414551,1.4301844245165145,0.8766722521361183,0.14344011101981297,0.5252763697372436,34,34,0
Lunar,Protected,66,time_late,effective_gate,0,0.24999999909689932,3.6106384143051496e-09,0.0,0.8787878787878788,1.3862943621664778,1.0000000007549534,4.00000000418635,0.25000000541860407,0.5078515286246935,0.6177957673023304,33,33,0
Lunar,Protected,66,time_late,effective_gate,1,0.250000001354651,1.0773521743434983e-08,0.030303030303030304,0.8787878787878788,1.3862943621664778,1.0000000007549534,4.00000000418635,0.25000000541860407,0.33928541523037536,1.3386140293610338,33,33,0
Lunar,Protected,66,time_late,effective_gate,2,0.24999999909689932,3.6106384143051496e-09,0.0,0.8787878787878788,1.3862943621664778,1.0000000007549534,4.00000000418635,0.25000000541860407,0.31377491050145845,0.9047374185223204,33,33,0
Lunar,Protected,66,time_late,effective_gate,3,0.25000000316085236,1.2773767709565556e-08,0.09090909090909091,0.8787878787878788,1.3862943621664778,1.0000000007549534,4.00000000418635,0.25000000541860407,0.4378810053070386,0.7183018143349488,33,33,0
Lunar,Protected,66,time_late,raw_router,0,8.854988428977578e-09,3.3472942745796e-08,0.0,0.0,0.1341026213030899,0.09673459336208923,1.1765890093861215,0.9471575726162303,0.5078515286246935,0.6177957673023304,33,33,0
Lunar,Protected,66,time_late,raw_router,1,0.16100103462583115,0.35190252805327,0.15151515151515152,0.0,0.1341026213030899,0.09673459336208923,1.1765890093861215,0.9471575726162303,0.33928541523037536,1.3386140293610338,33,33,0
Lunar,Protected,66,time_late,raw_router,2,0.08967025464578009,0.22806605147476144,0.09090909090909091,0.0,0.1341026213030899,0.09673459336208923,1.1765890093861215,0.9471575726162303,0.31377491050145845,0.9047374185223204,33,33,0
Lunar,Protected,66,time_late,raw_router,3,0.7493287002920644,0.40135102954078694,0.7575757575757576,0.0,0.1341026213030899,0.09673459336208923,1.1765890093861215,0.9471575726162303,0.4378810053070386,0.7183018143349488,33,33,0
Lunar,Protected,66,time_mid,effective_gate,0,0.24912284540407587,0.0022818151976289574,0.0,0.6060606060606061,1.3862175368052836,0.9999445829711483,3.9996928174554682,0.25186523975748004,0.6941358682445504,0.5832937360352315,33,33,0
Lunar,Protected,66,time_mid,effective_gate,1,0.2513879356962262,0.004965094483556971,0.18181818181818182,0.6060606060606061,1.3862175368052836,0.9999445829711483,3.9996928174554682,0.25186523975748004,0.035996153499140884,0.5462723369786476,33,33,0
Lunar,Protected,66,time_mid,effective_gate,2,0.249339682134715,0.00211417969616302,0.06060606060606061,0.6060606060606061,1.3862175368052836,0.9999445829711483,3.9996928174554682,0.25186523975748004,0.6382064349723585,0.355516969906912,33,33,0
Lunar,Protected,66,time_mid,effective_gate,3,0.2501495358618823,0.0015828993080043883,0.15151515151515152,0.6060606060606061,1.3862175368052836,0.9999445829711483,3.9996928174554682,0.25186523975748004,0.627647567314632,0.8286708164869875,33,33,0
Lunar,Protected,66,time_mid,raw_router,0,0.0039020006399174073,0.022329220567859416,0.0,0.0,0.32189592791952837,0.23219882944592737,1.4623115393972357,0.8664211477294113,0.6941358682445504,0.5832937360352315,33,33,0
Lunar,Protected,66,time_mid,raw_router,1,0.41685436770944073,0.43040529830772106,0.45454545454545453,0.0,0.32189592791952837,0.23219882944592737,1.4623115393972357,0.8664211477294113,0.035996153499140884,0.5462723369786476,33,33,0
Lunar,Protected,66,time_mid,raw_router,2,0.1715417979953737,0.31152997600382637,0.18181818181818182,0.0,0.32189592791952837,0.23219882944592737,1.4623115393972357,0.8664211477294113,0.6382064349723585,0.355516969906912,33,33,0
Lunar,Protected,66,time_mid,raw_router,3,0.40770183607401467,0.41422159304152184,0.36363636363636365,0.0,0.32189592791952837,0.23219882944592737,1.4623115393972357,0.8664211477294113,0.627647567314632,0.8286708164869875,33,33,0
Lunar,Protected,77,time_early,effective_gate,0,0.24969210081240711,0.0015408216649662712,0.0,0.7352941176470589,1.3862432537874918,0.9999631338524976,3.999795744655927,0.2508573891485439,-0.03667570738231435,0.39154521072148396,34,34,0
Lunar,Protected,77,time_early,effective_gate,1,0.2496084163294119,0.0019069684356108625,0.0,0.7352941176470589,1.3862432537874918,0.9999631338524976,3.999795744655927,0.2508573891485439,0.6242505739278653,0.673929298601997,34,34,0
Lunar,Protected,77,time_early,effective_gate,2,0.24989552357617548,0.0009495869620972958,0.20588235294117646,0.7352941176470589,1.3862432537874918,0.9999631338524976,3.999795744655927,0.2508573891485439,0.9170574181000976,0.6736984162042494,34,34,0
Lunar,Protected,77,time_early,effective_gate,3,0.25080395928200555,0.004361411704632068,0.058823529411764705,0.7352941176470589,1.3862432537874918,0.9999631338524976,3.999795744655927,0.2508573891485439,1.2561375836239141,0.8710830668764331,34,34,0
Lunar,Protected,77,time_early,raw_router,0,0.10503374807397928,0.19250029130108945,0.058823529411764705,0.0,0.5806525284451216,0.4188522616337073,1.8569670941685035,0.7697360796086928,-0.03667570738231435,0.39154521072148396,34,34,0
Lunar,Protected,77,time_early,raw_router,1,0.16555518371215092,0.24332306939827028,0.20588235294117646,0.0,0.5806525284451216,0.4188522616337073,1.8569670941685035,0.7697360796086928,0.6242505739278653,0.673929298601997,34,34,0
Lunar,Protected,77,time_early,raw_router,2,0.34256007469882793,0.3616793115238313,0.3235294117647059,0.0,0.5806525284451216,0.4188522616337073,1.8569670941685035,0.7697360796086928,0.9170574181000976,0.6736984162042494,34,34,0
Lunar,Protected,77,time_early,raw_router,3,0.3868509921286365,0.3863184200200992,0.4117647058823529,0.0,0.5806525284451216,0.4188522616337073,1.8569670941685035,0.7697360796086928,1.2561375836239141,0.8710830668764331,34,34,0
Lunar,Protected,77,time_late,effective_gate,0,0.21190034196126473,0.07989928453134297,0.030303030303030304,0.696969696969697,1.2280287441800823,0.8858354896488531,3.6005751764451137,0.36382289908149024,0.031997890747857805,0.19682794678043822,33,33,0
Lunar,Protected,77,time_late,effective_gate,1,0.36382279612801294,0.2385010564140134,0.24242424242424243,0.696969696969697,1.2280287441800823,0.8858354896488531,3.6005751764451137,0.36382289908149024,0.229823691601103,0.2540722030263025,33,33,0
Lunar,Protected,77,time_late,effective_gate,2,0.2118573612057265,0.08003966303382086,0.0,0.696969696969697,1.2280287441800823,0.8858354896488531,3.6005751764451137,0.36382289908149024,0.5857325507835909,0.2060955384143892,33,33,0
Lunar,Protected,77,time_late,effective_gate,3,0.21241949717020334,0.07859507054749651,0.030303030303030304,0.696969696969697,1.2280287441800823,0.8858354896488531,3.6005751764451137,0.36382289908149024,0.6845629445531152,0.385689420146415,33,33,0
Lunar,Protected,77,time_late,raw_router,0,0.19188325812067628,0.3436672414435252,0.18181818181818182,0.0,0.2166122291885114,0.1562526944230845,1.3167884607189062,0.9176998806722236,0.031997890747857805,0.19682794678043822,33,33,0
Lunar,Protected,77,time_late,raw_router,1,0.5197134195498097,0.4710258405197393,0.5454545454545454,0.0,0.2166122291885114,0.1562526944230845,1.3167884607189062,0.9176998806722236,0.229823691601103,0.2540722030263025,33,33,0
Lunar,Protected,77,time_late,raw_router,2,0.2316995809503838,0.408819702805179,0.24242424242424243,0.0,0.2166122291885114,0.1562526944230845,1.3167884607189062,0.9176998806722236,0.5857325507835909,0.2060955384143892,33,33,0
Lunar,Protected,77,time_late,raw_router,3,0.05670375015281207,0.17175093075912978,0.030303030303030304,0.0,0.2166122291885114,0.1562526944230845,1.3167884607189062,0.9176998806722236,0.6845629445531152,0.385689420146415,33,33,0
Lunar,Protected,77,time_mid,effective_gate,0,0.2499540068886497,0.000264207634453404,0.0,0.9393939393939394,1.3862932395491558,0.9999991909577315,3.999995513800057,0.250111511259368,-0.3068793011885701,0.6333045803914368,33,33,0
Lunar,Protected,77,time_mid,effective_gate,1,0.250111509904717,0.000640578308381713,0.030303030303030304,0.9393939393939394,1.3862932395491558,0.9999991909577315,3.999995513800057,0.250111511259368,0.5816591546842547,0.3633504920729206,33,33,0
Lunar,Protected,77,time_mid,effective_gate,2,0.2499541315165433,0.00026349170171102514,0.0,0.9393939393939394,1.3862932395491558,0.9999991909577315,3.999995513800057,0.250111511259368,1.2736952519326499,0.8121079378233758,33,33,0
Lunar,Protected,77,time_mid,effective_gate,3,0.24998035078698938,0.00011288148525462365,0.030303030303030304,0.9393939393939394,1.3862932395491558,0.9999991909577315,3.999995513800057,0.250111511259368,1.4123232888452935,0.701317534133221,33,33,0
Lunar,Protected,77,time_mid,raw_router,0,0.010364562029735793,0.019973052438856328,0.0,0.0,0.1985134471749972,0.14319718289457084,1.2406465559750635,0.9452397859457767,-0.3068793011885701,0.6333045803914368,33,33,0
Lunar,Protected,77,time_mid,raw_router,1,0.1485617087454226,0.3049799435371242,0.15151515151515152,0.0,0.1985134471749972,0.14319718289457084,1.2406465559750635,0.9452397859457767,0.5816591546842547,0.3633504920729206,33,33,0
Lunar,Protected,77,time_mid,raw_router,2,0.005904438456199848,0.01731368924279881,0.0,0.0,0.1985134471749972,0.14319718289457084,1.2406465559750635,0.9452397859457767,1.2736952519326499,0.8121079378233758,33,33,0
Lunar,Protected,77,time_mid,raw_router,3,0.8351692926477302,0.3094151393799845,0.8484848484848485,0.0,0.1985134471749972,0.14319718289457084,1.2406465559750635,0.9452397859457767,1.4123232888452935,0.701317534133221,33,33,0
Lunar,Protected,88,time_early,effective_gate,0,0.24975297950646458,0.0006530767610392601,0.029411764705882353,0.23529411764705882,1.3862836791893893,0.9999922946159193,3.9999572747246277,0.25073471840690165,0.026473164613194315,0.19434477068220507,34,34,0
Lunar,Protected,88,time_early,effective_gate,1,0.250730746809174,0.0018958158147069637,0.5882352941176471,0.23529411764705882,1.3862836791893893,0.9999922946159193,3.9999572747246277,0.25073471840690165,0.39548316844465103,0.31480234678864555,34,34,0
Lunar,Protected,88,time_early,effective_gate,2,0.24976522475481033,0.0005916472711319376,0.0,0.23529411764705882,1.3862836791893893,0.9999922946159193,3.9999572747246277,0.25073471840690165,0.18542630129548557,0.2830284574798607,34,34,0
Lunar,Protected,88,time_early,effective_gate,3,0.2497510454233955,0.0006548426370513904,0.14705882352941177,0.23529411764705882,1.3862836791893893,0.9999922946159193,3.9999572747246277,0.25073471840690165,-0.05409236617988961,0.4674954243567925,34,34,0
Lunar,Protected,88,time_early,raw_router,0,0.046408517061892626,0.12335098055379574,0.029411764705882353,0.0,0.24665682098856892,0.1779252862208226,1.3749476711774988,0.9057928779545952,0.026473164613194315,0.19434477068220507,34,34,0
Lunar,Protected,88,time_early,raw_router,1,0.7563884103232447,0.3749278131782305,0.7647058823529411,0.0,0.24665682098856892,0.1779252862208226,1.3749476711774988,0.9057928779545952,0.39548316844465103,0.31480234678864555,34,34,0
Lunar,Protected,88,time_early,raw_router,2,0.01212499792884524,0.02915151210266187,0.0,0.0,0.24665682098856892,0.1779252862208226,1.3749476711774988,0.9057928779545952,0.18542630129548557,0.2830284574798607,34,34,0
Lunar,Protected,88,time_early,raw_router,3,0.1850780636060089,0.32425225556492127,0.20588235294117646,0.0,0.24665682098856892,0.1779252862208226,1.3749476711774988,0.9057928779545952,-0.05409236617988961,0.4674954243567925,34,34,0
Lunar,Protected,88,time_late,effective_gate,0,0.25,0.0,0.0,1.0,1.3862943611198906,1.0,4.0,0.25,0.08856566803473412,0.22251140743908,33,33,0
Lunar,Protected,88,time_late,effective_gate,1,0.25,0.0,0.0,1.0,1.3862943611198906,1.0,4.0,0.25,0.04982875152067706,0.3896944806491365,33,33,0
Lunar,Protected,88,time_late,effective_gate,2,0.25,0.0,0.0,1.0,1.3862943611198906,1.0,4.0,0.25,-0.07800292776841104,0.3252944108499807,33,33,0
Lunar,Protected,88,time_late,effective_gate,3,0.25,0.0,0.0,1.0,1.3862943611198906,1.0,4.0,0.25,-0.03930465120709303,0.26195838286843454,33,33,0
Lunar,Protected,88,time_late,raw_router,0,4.197202564680309e-06,1.2690568258114904e-05,0.0,0.0,0.15084428039300346,0.10881114763472519,1.1914393741341645,0.9424501115625555,0.08856566803473412,0.22251140743908,33,33,0
Lunar,Protected,88,time_late,raw_router,1,0.8253317035620801,0.3205791032525816,0.8484848484848485,0.0,0.15084428039300346,0.10881114763472519,1.1914393741341645,0.9424501115625555,0.04982875152067706,0.3896944806491365,33,33,0
Lunar,Protected,88,time_late,raw_router,2,0.0005314779423065032,0.001474822727956779,0.0,0.0,0.15084428039300346,0.10881114763472519,1.1914393741341645,0.9424501115625555,-0.07800292776841104,0.3252944108499807,33,33,0
Lunar,Protected,88,time_late,raw_router,3,0.17413261738425825,0.32048211940277394,0.15151515151515152,0.0,0.15084428039300346,0.10881114763472519,1.1914393741341645,0.9424501115625555,-0.03930465120709303,0.26195838286843454,33,33,0
Lunar,Protected,88,time_mid,effective_gate,0,0.24999999909689932,5.187918423286016e-09,0.0,0.9696969696969697,1.3862943607710276,0.9999999997483486,3.9999999986045482,0.2500000009031007,0.052239726777329576,0.21032136332441315,33,33,0
Lunar,Protected,88,time_mid,effective_gate,1,0.25,0.0,0.0,0.9696969696969697,1.3862943607710276,0.9999999997483486,3.9999999986045482,0.2500000009031007,0.6271863357361519,0.27832437358134854,33,33,0
Lunar,Protected,88,time_mid,effective_gate,2,0.24999999909689932,5.187918423286016e-09,0.0,0.9696969696969697,1.3862943607710276,0.9999999997483486,3.9999999986045482,0.2500000009031007,0.12954914919806249,0.20288339247337864,33,33,0
Lunar,Protected,88,time_mid,effective_gate,3,0.2500000009031007,5.187918423286016e-09,0.030303030303030304,0.9696969696969697,1.3862943607710276,0.9999999997483486,3.9999999986045482,0.2500000009031007,0.09423042726561878,0.3204044977515791,33,33,0
Lunar,Protected,88,time_mid,raw_router,0,1.2535266514341328e-05,5.057579200207492e-05,0.0,0.0,0.22068524291386812,0.15919075277460687,1.2844380634847747,0.9116219444708391,0.052239726777329576,0.21032136332441315,33,33,0
Lunar,Protected,88,time_mid,raw_router,1,0.38574848720701416,0.4203766454771961,0.36363636363636365,0.0,0.22068524291386812,0.15919075277460687,1.2844380634847747,0.9116219444708391,0.6271863357361519,0.27832437358134854,33,33,0
Lunar,Protected,88,time_mid,raw_router,2,0.0020969274437595787,0.0103352648031021,0.0,0.0,0.22068524291386812,0.15919075277460687,1.2844380634847747,0.9116219444708391,0.12954914919806249,0.20288339247337864,33,33,0
Lunar,Protected,88,time_mid,raw_router,3,0.6121420369701368,0.4188119767080466,0.6363636363636364,0.0,0.22068524291386812,0.15919075277460687,1.2844380634847747,0.9116219444708391,0.09423042726561878,0.3204044977515791,33,33,0
Lunar,Protected,99,time_early,effective_gate,0,0.24953875120948343,0.0018132638574543023,0.029411764705882353,0.4117647058823529,1.3861123084600715,0.9998686767652492,3.9992733444576487,0.25192751165698557,0.3259244161274503,0.41463110016656185,34,34,0
Lunar,Protected,99,time_early,effective_gate,1,0.2493696821963086,0.0029956422284683347,0.14705882352941177,0.4117647058823529,1.3861123084600715,0.9998686767652492,3.9992733444576487,0.25192751165698557,-0.20675537746180506,0.21813327944667352,34,34,0
Lunar,Protected,99,time_early,effective_gate,2,0.24917346721186356,0.0036206119218672554,0.08823529411764706,0.4117647058823529,1.3861123084600715,0.9998686767652492,3.9992733444576487,0.25192751165698557,0.3685587290674448,0.44051441389118196,34,34,0
Lunar,Protected,99,time_early,effective_gate,3,0.25191809894407496,0.008127425194950721,0.3235294117647059,0.4117647058823529,1.3861123084600715,0.9998686767652492,3.9992733444576487,0.25192751165698557,0.14949342419448144,0.30091105935011536,34,34,0
Lunar,Protected,99,time_early,raw_router,0,0.13524942223803543,0.29073554177714844,0.14705882352941177,0.0,0.4960103762966239,0.35779585505630396,1.7541148930773576,0.8066353894331876,0.3259244161274503,0.41463110016656185,34,34,0
Lunar,Protected,99,time_early,raw_router,1,0.34391451729533506,0.3616141478924575,0.35294117647058826,0.0,0.4960103762966239,0.35779585505630396,1.7541148930773576,0.8066353894331876,-0.20675537746180506,0.21813327944667352,34,34,0
Lunar,Protected,99,time_early,raw_router,2,0.13564715643280378,0.24168607297600064,0.11764705882352941,0.0,0.4960103762966239,0.35779585505630396,1.7541148930773576,0.8066353894331876,0.3685587290674448,0.44051441389118196,34,34,0
Lunar,Protected,99,time_early,raw_router,3,0.3851888940388669,0.4036684862219715,0.38235294117647056,0.0,0.4960103762966239,0.35779585505630396,1.7541148930773576,0.8066353894331876,0.14949342419448144,0.30091105935011536,34,34,0
Lunar,Protected,99,time_late,effective_gate,0,0.24882034280083395,0.0067024288295995105,0.06060606060606061,0.7272727272727273,1.3849560660340576,0.9990346241582113,3.9947632428784585,0.254155184283401,0.18546843246528597,0.32825995774326,33,33,0
Lunar,Protected,99,time_late,effective_gate,1,0.2540626665859511,0.023452825351823903,0.12121212121212122,0.7272727272727273,1.3849560660340576,0.9990346241582113,3.9947632428784585,0.254155184283401,-0.4650275285045306,0.38786748209419986,33,33,0
Lunar,Protected,99,time_late,effective_gate,2,0.24860152737660843,0.008390317949822118,0.09090909090909091,0.7272727272727273,1.3849560660340576,0.9990346241582113,3.9947632428784585,0.254155184283401,-0.002986726548635597,0.25890586118356557,33,33,0
Lunar,Protected,99,time_late,effective_gate,3,0.2485154623335058,0.008370178627462381,0.0,0.7272727272727273,1.3849560660340576,0.9990346241582113,3.9947632428784585,0.254155184283401,0.20405566681063533,0.1756110277812274,33,33,0
Lunar,Protected,99,time_late,raw_router,0,0.0938796212093521,0.2617526118634755,0.09090909090909091,0.0,0.1604472629598226,0.11573823529817173,1.2170519779662035,0.9367231871142532,0.18546843246528597,0.32825995774326,33,33,0
Lunar,Protected,99,time_late,raw_router,1,0.45520531971855543,0.4567028825025004,0.45454545454545453,0.0,0.1604472629598226,0.11573823529817173,1.2170519779662035,0.9367231871142532,-0.4650275285045306,0.38786748209419986,33,33,0
Lunar,Protected,99,time_late,raw_router,2,0.4508427482404615,0.4725073347003838,0.45454545454545453,0.0,0.1604472629598226,0.11573823529817173,1.2170519779662035,0.9367231871142532,-0.002986726548635597,0.25890586118356557,33,33,0
Lunar,Protected,99,time_late,raw_router,3,7.23048842688859e-05,0.00025263786898241353,0.0,0.0,0.1604472629598226,0.11573823529817173,1.2170519779662035,0.9367231871142532,0.20405566681063533,0.1756110277812274,33,33,0
Lunar,Protected,99,time_mid,effective_gate,0,0.2499998803391601,6.873991910902286e-07,0.0,0.9696969696969697,1.3862943609341403,0.9999999998660095,3.999999999256999,0.25000035853096936,0.07683183918848183,0.45570876828075824,33,33,0
Lunar,Protected,99,time_mid,effective_gate,1,0.25000035853096936,2.059603614044548e-06,0.030303030303030304,0.9696969696969697,1.3862943609341403,0.9999999998660095,3.999999999256999,0.25000035853096936,-0.1803287433629686,0.17851637093166806,33,33,0
Lunar,Protected,99,time_mid,effective_gate,2,0.2499998803391601,6.873991910902286e-07,0.0,0.9696969696969697,1.3862943609341403,0.9999999998660095,3.999999999256999,0.25000035853096936,0.3126397929295446,0.3285307504735501,33,33,0
Lunar,Protected,99,time_mid,effective_gate,3,0.2499998803391601,6.873991910902286e-07,0.0,0.9696969696969697,1.3862943609341403,0.9999999998660095,3.999999999256999,0.25000035853096936,0.20239110686110728,0.3338856470469376,33,33,0
Lunar,Protected,99,time_mid,raw_router,0,0.14897839809840327,0.264459112657994,0.15151515151515152,0.0,0.3542710807899809,0.2555525656930394,1.4941600428915378,0.8717507647745537,0.07683183918848183,0.45570876828075824,33,33,0
Lunar,Protected,99,time_mid,raw_router,1,0.6080290875097765,0.42743965544575746,0.6363636363636364,0.0,0.3542710807899809,0.2555525656930394,1.4941600428915378,0.8717507647745537,-0.1803287433629686,0.17851637093166806,33,33,0
Lunar,Protected,99,time_mid,raw_router,2,0.1944271588624402,0.3187978481897385,0.18181818181818182,0.0,0.3542710807899809,0.2555525656930394,1.4941600428915378,0.8717507647745537,0.3126397929295446,0.3285307504735501,33,33,0
Lunar,Protected,99,time_mid,raw_router,3,0.048565357211976794,0.1750775815499857,0.030303030303030304,0.0,0.3542710807899809,0.2555525656930394,1.4941600428915378,0.8717507647745537,0.20239110686110728,0.3338856470469376,33,33,0
Lunar,Protected,111,time_early,effective_gate,0,0.24999606477863648,2.8360609202185086e-05,0.08823529411764706,0.5882352941176471,1.386294352052042,0.99999999345893,3.9999999637286088,0.25001879299388213,0.8705259044380749,0.7205463423262727,34,34,0
Lunar,Protected,111,time_early,effective_gate,1,0.2500152355607818,5.0020110984599554e-05,0.20588235294117646,0.5882352941176471,1.386294352052042,0.99999999345893,3.9999999637286088,0.25001879299388213,0.3290111649069278,0.5483108336621434,34,34,0
Lunar,Protected,111,time_early,effective_gate,2,0.24999114388928695,3.171685654528421e-05,0.058823529411764705,0.5882352941176471,1.386294352052042,0.99999999345893,3.9999999637286088,0.25001879299388213,0.2702225572703516,0.31894639997493246,34,34,0
Lunar,Protected,111,time_early,effective_gate,3,0.2499975570861031,1.6704669129427435e-05,0.058823529411764705,0.5882352941176471,1.386294352052042,0.99999999345893,3.9999999637286088,0.25001879299388213,0.528620322508847,0.34941766082337483,34,34,0
Lunar,Protected,111,time_early,raw_router,0,0.19605686612110199,0.27417402602342794,0.14705882352941177,0.0,0.5249809097628143,0.3786936775380943,1.815123964100075,0.790512848426314,0.8705259044380749,0.7205463423262727,34,34,0
Lunar,Protected,111,time_early,raw_router,1,0.41569630353053394,0.43252618494785233,0.4411764705882353,0.0,0.5249809097628143,0.3786936775380943,1.815123964100075,0.790512848426314,0.3290111649069278,0.5483108336621434,34,34,0
Lunar,Protected,111,time_early,raw_router,2,0.19212311037620416,0.2714529235874705,0.20588235294117646,0.0,0.5249809097628143,0.3786936775380943,1.815123964100075,0.790512848426314,0.2702225572703516,0.31894639997493246,34,34,0
Lunar,Protected,111,time_early,raw_router,3,0.19612372635763697,0.30782882970340764,0.20588235294117646,0.0,0.5249809097628143,0.3786936775380943,1.815123964100075,0.790512848426314,0.528620322508847,0.34941766082337483,34,34,0
Lunar,Protected,111,time_late,effective_gate,0,0.25,0.0,0.0,1.0,1.3862943611198906,1.0,4.0,0.25,-0.010945726976250156,0.6017612252754395,33,33,0
Lunar,Protected,111,time_late,effective_gate,1,0.25,0.0,0.0,1.0,1.3862943611198906,1.0,4.0,0.25,0.2807871243267348,0.5132750632152253,33,33,0
Lunar,Protected,111,time_late,effective_gate,2,0.25,0.0,0.0,1.0,1.3862943611198906,1.0,4.0,0.25,-0.07618293504823338,0.5225945627869321,33,33,0
Lunar,Protected,111,time_late,effective_gate,3,0.25,0.0,0.0,1.0,1.3862943611198906,1.0,4.0,0.25,0.07793636710354777,0.23006891556950126,33,33,0
Lunar,Protected,111,time_late,raw_router,0,0.5193391052238522,0.47593403337498663,0.5151515151515151,0.0,0.11522067590644883,0.08311414886905409,1.156279184988583,0.9552463500788717,-0.010945726976250156,0.6017612252754395,33,33,0
Lunar,Protected,111,time_late,raw_router,1,0.46237451797226875,0.48491923046718205,0.48484848484848486,0.0,0.11522067590644883,0.08311414886905409,1.156279184988583,0.9552463500788717,0.2807871243267348,0.5132750632152253,33,33,0
Lunar,Protected,111,time_late,raw_router,2,0.018285918048415974,0.06130691589625564,0.0,0.0,0.11522067590644883,0.08311414886905409,1.156279184988583,0.9552463500788717,-0.07618293504823338,0.5225945627869321,33,33,0
Lunar,Protected,111,time_late,raw_router,3,4.6397185819952963e-07,7.939792964844294e-07,0.0,0.0,0.11522067590644883,0.08311414886905409,1.156279184988583,0.9552463500788717,0.07793636710354777,0.23006891556950126,33,33,0
Lunar,Protected,111,time_mid,effective_gate,0,0.25,0.0,0.0,1.0,1.3862943611198906,1.0,4.0,0.25,0.6614377467018185,0.9026591679647588,33,33,0
Lunar,Protected,111,time_mid,effective_gate,1,0.25,0.0,0.0,1.0,1.3862943611198906,1.0,4.0,0.25,0.09216182419296468,0.4889823508906285,33,33,0
Lunar,Protected,111,time_mid,effective_gate,2,0.25,0.0,0.0,1.0,1.3862943611198906,1.0,4.0,0.25,0.09586460707765639,0.3199437889474108,33,33,0
Lunar,Protected,111,time_mid,effective_gate,3,0.25,0.0,0.0,1.0,1.3862943611198906,1.0,4.0,0.25,0.101303157819943,0.319533332231256,33,33,0
Lunar,Protected,111,time_mid,raw_router,0,0.5380065981983321,0.47405329216621134,0.5454545454545454,0.0,0.13981119970868713,0.10085246224022967,1.1726745979144546,0.9488833275708285,0.6614377467018185,0.9026591679647588,33,33,0
Lunar,Protected,111,time_mid,raw_router,1,0.34281528966704233,0.46686945715777584,0.3333333333333333,0.0,0.13981119970868713,0.10085246224022967,1.1726745979144546,0.9488833275708285,0.09216182419296468,0.4889823508906285,33,33,0
Lunar,Protected,111,time_mid,raw_router,2,0.06263645864648408,0.1845805742191305,0.06060606060606061,0.0,0.13981119970868713,0.10085246224022967,1.1726745979144546,0.9488833275708285,0.09586460707765639,0.3199437889474108,33,33,0
Lunar,Protected,111,time_mid,raw_router,3,0.05654165301464849,0.21134255852910586,0.06060606060606061,0.0,0.13981119970868713,0.10085246224022967,1.1726745979144546,0.9488833275708285,0.101303157819943,0.319533332231256,33,33,0
Lunar,Uniform,11,time_early,effective_gate,0,0.25,0.0,0.0,1.0,1.3862943611198904,1.0,4.0,0.25,0.16998820445116827,0.17763458004580612,34,34,0
Lunar,Uniform,11,time_early,effective_gate,1,0.25,0.0,0.0,1.0,1.3862943611198904,1.0,4.0,0.25,0.08468546181478921,0.23252536917725664,34,34,0
Lunar,Uniform,11,time_early,effective_gate,2,0.25,0.0,0.0,1.0,1.3862943611198904,1.0,4.0,0.25,0.40705384878332124,0.605415538437269,34,34,0
Lunar,Uniform,11,time_early,effective_gate,3,0.25,0.0,0.0,1.0,1.3862943611198904,1.0,4.0,0.25,0.658932627452647,0.27846881282850267,34,34,0
Lunar,Uniform,11,time_late,effective_gate,0,0.25,0.0,0.0,1.0,1.3862943611198906,1.0,4.0,0.25,-0.16903714282494603,0.2191978102902929,33,33,0
Lunar,Uniform,11,time_late,effective_gate,1,0.25,0.0,0.0,1.0,1.3862943611198906,1.0,4.0,0.25,-0.09464366959803029,0.35716804960549314,33,33,0
Lunar,Uniform,11,time_late,effective_gate,2,0.25,0.0,0.0,1.0,1.3862943611198906,1.0,4.0,0.25,0.002740716519342233,0.2600183748178454,33,33,0
Lunar,Uniform,11,time_late,effective_gate,3,0.25,0.0,0.0,1.0,1.3862943611198906,1.0,4.0,0.25,0.39362864738160913,0.30808133769219437,33,33,0
Lunar,Uniform,11,time_mid,effective_gate,0,0.25,0.0,0.0,1.0,1.3862943611198906,1.0,4.0,0.25,0.06937532104326016,0.31017685953055113,33,33,0
Lunar,Uniform,11,time_mid,effective_gate,1,0.25,0.0,0.0,1.0,1.3862943611198906,1.0,4.0,0.25,-0.014414902550704536,0.4387639064996626,33,33,0
Lunar,Uniform,11,time_mid,effective_gate,2,0.25,0.0,0.0,1.0,1.3862943611198906,1.0,4.0,0.25,0.2926615604171247,0.5920410023663226,33,33,0
Lunar,Uniform,11,time_mid,effective_gate,3,0.25,0.0,0.0,1.0,1.3862943611198906,1.0,4.0,0.25,0.7331830014785131,0.43156467205036453,33,33,0
Lunar,Uniform,22,time_early,effective_gate,0,0.25,0.0,0.0,1.0,1.3862943611198904,1.0,4.0,0.25,0.0038231235983617034,0.3854395814536081,34,34,0
Lunar,Uniform,22,time_early,effective_gate,1,0.25,0.0,0.0,1.0,1.3862943611198904,1.0,4.0,0.25,0.3698664550833842,0.4601643050030852,34,34,0
Lunar,Uniform,22,time_early,effective_gate,2,0.25,0.0,0.0,1.0,1.3862943611198904,1.0,4.0,0.25,0.10165865494705299,0.25565866830102457,34,34,0
Lunar,Uniform,22,time_early,effective_gate,3,0.25,0.0,0.0,1.0,1.3862943611198904,1.0,4.0,0.25,0.39465321775744944,0.2641619033233128,34,34,0
Lunar,Uniform,22,time_late,effective_gate,0,0.25,0.0,0.0,1.0,1.3862943611198906,1.0,4.0,0.25,-0.3609949015080929,0.19144355846373717,33,33,0
Lunar,Uniform,22,time_late,effective_gate,1,0.25,0.0,0.0,1.0,1.3862943611198906,1.0,4.0,0.25,-0.07962262009580928,0.2108781114553617,33,33,0
Lunar,Uniform,22,time_late,effective_gate,2,0.25,0.0,0.0,1.0,1.3862943611198906,1.0,4.0,0.25,-0.10453494903490398,0.22739647619460943,33,33,0
Lunar,Uniform,22,time_late,effective_gate,3,0.25,0.0,0.0,1.0,1.3862943611198906,1.0,4.0,0.25,-0.006130542041677417,0.2498940617443272,33,33,0
Lunar,Uniform,22,time_mid,effective_gate,0,0.25,0.0,0.0,1.0,1.3862943611198906,1.0,4.0,0.25,-0.2024352051543467,0.37555142679648595,33,33,0
Lunar,Uniform,22,time_mid,effective_gate,1,0.25,0.0,0.0,1.0,1.3862943611198906,1.0,4.0,0.25,0.20762350398934248,0.2414668276289578,33,33,0
Lunar,Uniform,22,time_mid,effective_gate,2,0.25,0.0,0.0,1.0,1.3862943611198906,1.0,4.0,0.25,0.0816642651052186,0.2496690736162889,33,33,0
Lunar,Uniform,22,time_mid,effective_gate,3,0.25,0.0,0.0,1.0,1.3862943611198906,1.0,4.0,0.25,0.21138543725916834,0.3064360089162161,33,33,0
Lunar,Uniform,33,time_early,effective_gate,0,0.25,0.0,0.0,1.0,1.3862943611198904,1.0,4.0,0.25,1.153100898653707,0.6920865840741711,34,34,0
Lunar,Uniform,33,time_early,effective_gate,1,0.25,0.0,0.0,1.0,1.3862943611198904,1.0,4.0,0.25,0.6826631761539508,0.4251461131299202,34,34,0
Lunar,Uniform,33,time_early,effective_gate,2,0.25,0.0,0.0,1.0,1.3862943611198904,1.0,4.0,0.25,1.0090554403688978,0.622069912692561,34,34,0
Lunar,Uniform,33,time_early,effective_gate,3,0.25,0.0,0.0,1.0,1.3862943611198904,1.0,4.0,0.25,1.0274693482171964,0.782791269782058,34,34,0
Lunar,Uniform,33,time_late,effective_gate,0,0.25,0.0,0.0,1.0,1.3862943611198906,1.0,4.0,0.25,0.11345937904534918,0.5475300350889954,33,33,0
Lunar,Uniform,33,time_late,effective_gate,1,0.25,0.0,0.0,1.0,1.3862943611198906,1.0,4.0,0.25,0.03633221001787618,0.2401836898577981,33,33,0
Lunar,Uniform,33,time_late,effective_gate,2,0.25,0.0,0.0,1.0,1.3862943611198906,1.0,4.0,0.25,0.08883900296959009,0.43590532611930544,33,33,0
Lunar,Uniform,33,time_late,effective_gate,3,0.25,0.0,0.0,1.0,1.3862943611198906,1.0,4.0,0.25,0.20022750126593042,0.40273403949837355,33,33,0
Lunar,Uniform,33,time_mid,effective_gate,0,0.25,0.0,0.0,1.0,1.3862943611198906,1.0,4.0,0.25,0.6599666323851455,0.5978077527685295,33,33,0
Lunar,Uniform,33,time_mid,effective_gate,1,0.25,0.0,0.0,1.0,1.3862943611198906,1.0,4.0,0.25,0.1673684654136499,0.3031111450671197,33,33,0
Lunar,Uniform,33,time_mid,effective_gate,2,0.25,0.0,0.0,1.0,1.3862943611198906,1.0,4.0,0.25,0.2559704364023425,0.3821069833537634,33,33,0
Lunar,Uniform,33,time_mid,effective_gate,3,0.25,0.0,0.0,1.0,1.3862943611198906,1.0,4.0,0.25,0.4767774462022565,0.44561159417200197,33,33,0
Lunar,Uniform,44,time_early,effective_gate,0,0.25,0.0,0.0,1.0,1.3862943611198904,1.0,4.0,0.25,0.6419147029519081,0.48303965184696124,34,34,0
Lunar,Uniform,44,time_early,effective_gate,1,0.25,0.0,0.0,1.0,1.3862943611198904,1.0,4.0,0.25,0.44903613468084264,0.4226577361210785,34,34,0
Lunar,Uniform,44,time_early,effective_gate,2,0.25,0.0,0.0,1.0,1.3862943611198904,1.0,4.0,0.25,-0.16266474524951158,0.3975252932196941,34,34,0
Lunar,Uniform,44,time_early,effective_gate,3,0.25,0.0,0.0,1.0,1.3862943611198904,1.0,4.0,0.25,0.7715172342517796,0.7195844422479686,34,34,0
Lunar,Uniform,44,time_late,effective_gate,0,0.25,0.0,0.0,1.0,1.3862943611198906,1.0,4.0,0.25,0.12477520582350818,0.3292605266383659,33,33,0
Lunar,Uniform,44,time_late,effective_gate,1,0.25,0.0,0.0,1.0,1.3862943611198906,1.0,4.0,0.25,-0.0986237336288799,0.34685322094616694,33,33,0
Lunar,Uniform,44,time_late,effective_gate,2,0.25,0.0,0.0,1.0,1.3862943611198906,1.0,4.0,0.25,0.19688129673401514,0.6445749053493203,33,33,0
Lunar,Uniform,44,time_late,effective_gate,3,0.25,0.0,0.0,1.0,1.3862943611198906,1.0,4.0,0.25,0.41062901733499585,0.3262386748808497,33,33,0
Lunar,Uniform,44,time_mid,effective_gate,0,0.25,0.0,0.0,1.0,1.3862943611198906,1.0,4.0,0.25,0.964305814581387,0.3541661137515455,33,33,0
Lunar,Uniform,44,time_mid,effective_gate,1,0.25,0.0,0.0,1.0,1.3862943611198906,1.0,4.0,0.25,0.2696048261767084,0.2567934941428099,33,33,0
Lunar,Uniform,44,time_mid,effective_gate,2,0.25,0.0,0.0,1.0,1.3862943611198906,1.0,4.0,0.25,0.35130564586231205,0.45948947721267763,33,33,0
Lunar,Uniform,44,time_mid,effective_gate,3,0.25,0.0,0.0,1.0,1.3862943611198906,1.0,4.0,0.25,0.8902466928191257,0.4903304186579605,33,33,0
Lunar,Uniform,55,time_early,effective_gate,0,0.25,0.0,0.0,1.0,1.3862943611198904,1.0,4.0,0.25,0.9490970281117103,0.8803651178550634,34,34,0
Lunar,Uniform,55,time_early,effective_gate,1,0.25,0.0,0.0,1.0,1.3862943611198904,1.0,4.0,0.25,0.9017724933321861,1.5361840754197145,34,34,0
Lunar,Uniform,55,time_early,effective_gate,2,0.25,0.0,0.0,1.0,1.3862943611198904,1.0,4.0,0.25,0.9461681485066519,1.6766473095467427,34,34,0
Lunar,Uniform,55,time_early,effective_gate,3,0.25,0.0,0.0,1.0,1.3862943611198904,1.0,4.0,0.25,0.3488008295843268,0.693231275197235,34,34,0
Lunar,Uniform,55,time_late,effective_gate,0,0.25,0.0,0.0,1.0,1.3862943611198906,1.0,4.0,0.25,-0.161135582761331,0.4388243568231742,33,33,0
Lunar,Uniform,55,time_late,effective_gate,1,0.25,0.0,0.0,1.0,1.3862943611198906,1.0,4.0,0.25,0.003672506998885759,1.3018767683085974,33,33,0
Lunar,Uniform,55,time_late,effective_gate,2,0.25,0.0,0.0,1.0,1.3862943611198906,1.0,4.0,0.25,0.31591606817462226,0.5002538874928774,33,33,0
Lunar,Uniform,55,time_late,effective_gate,3,0.25,0.0,0.0,1.0,1.3862943611198906,1.0,4.0,0.25,0.5148138336159966,0.6451147501730669,33,33,0
Lunar,Uniform,55,time_mid,effective_gate,0,0.25,0.0,0.0,1.0,1.3862943611198906,1.0,4.0,0.25,0.3364186127754775,0.4272396901743814,33,33,0
Lunar,Uniform,55,time_mid,effective_gate,1,0.25,0.0,0.0,1.0,1.3862943611198906,1.0,4.0,0.25,0.24136301615472996,0.47903105730699225,33,33,0
Lunar,Uniform,55,time_mid,effective_gate,2,0.25,0.0,0.0,1.0,1.3862943611198906,1.0,4.0,0.25,0.7012298540635542,0.488255994369287,33,33,0
Lunar,Uniform,55,time_mid,effective_gate,3,0.25,0.0,0.0,1.0,1.3862943611198906,1.0,4.0,0.25,0.14415377242998642,0.25864927028449364,33,33,0
Lunar,Uniform,66,time_early,effective_gate,0,0.25,0.0,0.0,1.0,1.3862943611198904,1.0,4.0,0.25,0.5085326589315253,0.2962639270811894,34,34,0
Lunar,Uniform,66,time_early,effective_gate,1,0.25,0.0,0.0,1.0,1.3862943611198904,1.0,4.0,0.25,0.7873321577687474,0.7609055155000083,34,34,0
Lunar,Uniform,66,time_early,effective_gate,2,0.25,0.0,0.0,1.0,1.3862943611198904,1.0,4.0,0.25,0.3453210255898097,0.4714964564462823,34,34,0
Lunar,Uniform,66,time_early,effective_gate,3,0.25,0.0,0.0,1.0,1.3862943611198904,1.0,4.0,0.25,0.4460582909557749,0.850423731284472,34,34,0
Lunar,Uniform,66,time_late,effective_gate,0,0.25,0.0,0.0,1.0,1.3862943611198906,1.0,4.0,0.25,0.5091603102557587,0.8017991612127949,33,33,0
Lunar,Uniform,66,time_late,effective_gate,1,0.25,0.0,0.0,1.0,1.3862943611198906,1.0,4.0,0.25,0.9066488693157831,0.8485119403036239,33,33,0
Lunar,Uniform,66,time_late,effective_gate,2,0.25,0.0,0.0,1.0,1.3862943611198906,1.0,4.0,0.25,0.6081258120636145,0.4876715316267497,33,33,0
Lunar,Uniform,66,time_late,effective_gate,3,0.25,0.0,0.0,1.0,1.3862943611198906,1.0,4.0,0.25,0.04697649496974367,0.5714311515839461,33,33,0
Lunar,Uniform,66,time_mid,effective_gate,0,0.25,0.0,0.0,1.0,1.3862943611198906,1.0,4.0,0.25,0.5825453405127381,0.675843440053681,33,33,0
Lunar,Uniform,66,time_mid,effective_gate,1,0.25,0.0,0.0,1.0,1.3862943611198906,1.0,4.0,0.25,0.7575217573480173,0.7469790305944655,33,33,0
Lunar,Uniform,66,time_mid,effective_gate,2,0.25,0.0,0.0,1.0,1.3862943611198906,1.0,4.0,0.25,0.4184676598418843,0.633239909589276,33,33,0
Lunar,Uniform,66,time_mid,effective_gate,3,0.25,0.0,0.0,1.0,1.3862943611198906,1.0,4.0,0.25,0.7927094727303042,0.7924882490595876,33,33,0
Lunar,Uniform,77,time_early,effective_gate,0,0.25,0.0,0.0,1.0,1.3862943611198904,1.0,4.0,0.25,1.1519897599868916,0.9563719684510997,34,34,0
Lunar,Uniform,77,time_early,effective_gate,1,0.25,0.0,0.0,1.0,1.3862943611198904,1.0,4.0,0.25,0.7001716173527872,0.8305985570959281,34,34,0
Lunar,Uniform,77,time_early,effective_gate,2,0.25,0.0,0.0,1.0,1.3862943611198904,1.0,4.0,0.25,0.8813980822177494,0.7525175844739784,34,34,0
Lunar,Uniform,77,time_early,effective_gate,3,0.25,0.0,0.0,1.0,1.3862943611198904,1.0,4.0,0.25,0.7379338498062947,0.8484025397218441,34,34,0
Lunar,Uniform,77,time_late,effective_gate,0,0.25,0.0,0.0,1.0,1.3862943611198906,1.0,4.0,0.25,0.48555496176986984,0.38049026201824115,33,33,0
Lunar,Uniform,77,time_late,effective_gate,1,0.25,0.0,0.0,1.0,1.3862943611198906,1.0,4.0,0.25,0.26438143917105417,0.2263433181179362,33,33,0
Lunar,Uniform,77,time_late,effective_gate,2,0.25,0.0,0.0,1.0,1.3862943611198906,1.0,4.0,0.25,0.10022808972633243,0.1906851550938688,33,33,0
Lunar,Uniform,77,time_late,effective_gate,3,0.25,0.0,0.0,1.0,1.3862943611198906,1.0,4.0,0.25,0.05061228212082022,0.13868038993298387,33,33,0
Lunar,Uniform,77,time_mid,effective_gate,0,0.25,0.0,0.0,1.0,1.3862943611198906,1.0,4.0,0.25,0.9048783013766463,0.5207405916801563,33,33,0
Lunar,Uniform,77,time_mid,effective_gate,1,0.25,0.0,0.0,1.0,1.3862943611198906,1.0,4.0,0.25,0.36779646439985797,0.3924988425311741,33,33,0
Lunar,Uniform,77,time_mid,effective_gate,2,0.25,0.0,0.0,1.0,1.3862943611198906,1.0,4.0,0.25,0.5361251478845422,0.5356493122820976,33,33,0
Lunar,Uniform,77,time_mid,effective_gate,3,0.25,0.0,0.0,1.0,1.3862943611198906,1.0,4.0,0.25,0.14035584077690588,0.2289332140285385,33,33,0
Lunar,Uniform,88,time_early,effective_gate,0,0.25,0.0,0.0,1.0,1.3862943611198904,1.0,4.0,0.25,0.08662308677209213,0.2072195780568568,34,34,0
Lunar,Uniform,88,time_early,effective_gate,1,0.25,0.0,0.0,1.0,1.3862943611198904,1.0,4.0,0.25,-0.01930379297803428,0.2794813329706107,34,34,0
Lunar,Uniform,88,time_early,effective_gate,2,0.25,0.0,0.0,1.0,1.3862943611198904,1.0,4.0,0.25,0.6467635850696003,0.537656186357873,34,34,0
Lunar,Uniform,88,time_early,effective_gate,3,0.25,0.0,0.0,1.0,1.3862943611198904,1.0,4.0,0.25,0.30994889890665517,0.6350806390228075,34,34,0
Lunar,Uniform,88,time_late,effective_gate,0,0.25,0.0,0.0,1.0,1.3862943611198906,1.0,4.0,0.25,-0.2868791639127515,0.6197358306840643,33,33,0
Lunar,Uniform,88,time_late,effective_gate,1,0.25,0.0,0.0,1.0,1.3862943611198906,1.0,4.0,0.25,0.07059798220341856,0.26147268235373583,33,33,0
Lunar,Uniform,88,time_late,effective_gate,2,0.25,0.0,0.0,1.0,1.3862943611198906,1.0,4.0,0.25,0.8892484001363768,0.7150872389481456,33,33,0
Lunar,Uniform,88,time_late,effective_gate,3,0.25,0.0,0.0,1.0,1.3862943611198906,1.0,4.0,0.25,0.0028424441362872397,0.37334103455018086,33,33,0
Lunar,Uniform,88,time_mid,effective_gate,0,0.25,0.0,0.0,1.0,1.3862943611198906,1.0,4.0,0.25,-0.04639696806782123,0.23502696841840628,33,33,0
Lunar,Uniform,88,time_mid,effective_gate,1,0.25,0.0,0.0,1.0,1.3862943611198906,1.0,4.0,0.25,-0.021330302073196913,0.15962200349045122,33,33,0
Lunar,Uniform,88,time_mid,effective_gate,2,0.25,0.0,0.0,1.0,1.3862943611198906,1.0,4.0,0.25,0.7772307446734472,0.2881518932904177,33,33,0
Lunar,Uniform,88,time_mid,effective_gate,3,0.25,0.0,0.0,1.0,1.3862943611198906,1.0,4.0,0.25,0.14866545006181253,0.2613208082647003,33,33,0
Lunar,Uniform,99,time_early,effective_gate,0,0.25,0.0,0.0,1.0,1.3862943611198904,1.0,4.0,0.25,0.03387921084375942,0.36989857374261637,34,34,0
Lunar,Uniform,99,time_early,effective_gate,1,0.25,0.0,0.0,1.0,1.3862943611198904,1.0,4.0,0.25,-0.17524908877470913,0.5466050605564948,34,34,0
Lunar,Uniform,99,time_early,effective_gate,2,0.25,0.0,0.0,1.0,1.3862943611198904,1.0,4.0,0.25,0.003335174392251409,0.3978181811934117,34,34,0
Lunar,Uniform,99,time_early,effective_gate,3,0.25,0.0,0.0,1.0,1.3862943611198904,1.0,4.0,0.25,-0.10925982829512042,0.3831883534234511,34,34,0
Lunar,Uniform,99,time_late,effective_gate,0,0.25,0.0,0.0,1.0,1.3862943611198906,1.0,4.0,0.25,-0.15780093295104575,0.4049519880430505,33,33,0
Lunar,Uniform,99,time_late,effective_gate,1,0.25,0.0,0.0,1.0,1.3862943611198906,1.0,4.0,0.25,0.10178267526807207,0.3584603245092243,33,33,0
Lunar,Uniform,99,time_late,effective_gate,2,0.25,0.0,0.0,1.0,1.3862943611198906,1.0,4.0,0.25,0.25859411117253883,0.28366229667850446,33,33,0
Lunar,Uniform,99,time_late,effective_gate,3,0.25,0.0,0.0,1.0,1.3862943611198906,1.0,4.0,0.25,0.03968323801051487,0.17802807730153408,33,33,0
Lunar,Uniform,99,time_mid,effective_gate,0,0.25,0.0,0.0,1.0,1.3862943611198906,1.0,4.0,0.25,-0.02593095092610877,0.30341454392400957,33,33,0
Lunar,Uniform,99,time_mid,effective_gate,1,0.25,0.0,0.0,1.0,1.3862943611198906,1.0,4.0,0.25,0.3797885688642661,0.25881013780506484,33,33,0
Lunar,Uniform,99,time_mid,effective_gate,2,0.25,0.0,0.0,1.0,1.3862943611198906,1.0,4.0,0.25,0.2511558902986122,0.4300803757784142,33,33,0
Lunar,Uniform,99,time_mid,effective_gate,3,0.25,0.0,0.0,1.0,1.3862943611198906,1.0,4.0,0.25,-0.0023858574303713596,0.5630542436185731,33,33,0
Lunar,Uniform,111,time_early,effective_gate,0,0.25,0.0,0.0,1.0,1.3862943611198904,1.0,4.0,0.25,0.27507313010830653,0.34977634614392317,34,34,0
Lunar,Uniform,111,time_early,effective_gate,1,0.25,0.0,0.0,1.0,1.3862943611198904,1.0,4.0,0.25,0.32800640768426303,0.3678433255932787,34,34,0
Lunar,Uniform,111,time_early,effective_gate,2,0.25,0.0,0.0,1.0,1.3862943611198904,1.0,4.0,0.25,0.6719760866287876,0.39462049301655017,34,34,0
Lunar,Uniform,111,time_early,effective_gate,3,0.25,0.0,0.0,1.0,1.3862943611198904,1.0,4.0,0.25,0.8596986315815764,0.47114938032126913,34,34,0
Lunar,Uniform,111,time_late,effective_gate,0,0.25,0.0,0.0,1.0,1.3862943611198906,1.0,4.0,0.25,0.01029978782841653,0.4092485668456995,33,33,0
Lunar,Uniform,111,time_late,effective_gate,1,0.25,0.0,0.0,1.0,1.3862943611198906,1.0,4.0,0.25,-0.10721532774694037,0.37476671070862033,33,33,0
Lunar,Uniform,111,time_late,effective_gate,2,0.25,0.0,0.0,1.0,1.3862943611198906,1.0,4.0,0.25,0.15737710802844077,0.3367522592843358,33,33,0
Lunar,Uniform,111,time_late,effective_gate,3,0.25,0.0,0.0,1.0,1.3862943611198906,1.0,4.0,0.25,0.2931766999941884,0.39506402184548745,33,33,0
Lunar,Uniform,111,time_mid,effective_gate,0,0.25,0.0,0.0,1.0,1.3862943611198906,1.0,4.0,0.25,-0.0040798315947706,0.16544652229644752,33,33,0
Lunar,Uniform,111,time_mid,effective_gate,1,0.25,0.0,0.0,1.0,1.3862943611198906,1.0,4.0,0.25,-0.09905109080401332,0.32864092587584903,33,33,0
Lunar,Uniform,111,time_mid,effective_gate,2,0.25,0.0,0.0,1.0,1.3862943611198906,1.0,4.0,0.25,0.41650935172131565,0.3224451697896814,33,33,0
Lunar,Uniform,111,time_mid,effective_gate,3,0.25,0.0,0.0,1.0,1.3862943611198906,1.0,4.0,0.25,0.4786448545302405,0.31100320994139047,33,33,0
