environment,method,weight_type,source_dataset_id,seed,checkpoint_index,checkpoint_or_step,phase,phase_order,normalized_entropy,jitter_offset,phase_x,phase_definition
Crop,Anchored,raw_router,crop_anchored_primary_frozen,11,1,4012,Early,1,0.0028221040036,0.024,1.024,valid_checkpoint_order_thirds
Crop,Anchored,raw_router,crop_anchored_primary_frozen,11,2,8028,Early,1,1.83237649811e-12,-0.168,0.832,valid_checkpoint_order_thirds
Crop,Anchored,raw_router,crop_anchored_primary_frozen,11,3,11998,Early,1,1.04373548505e-31,0.044,1.044,valid_checkpoint_order_thirds
Crop,Anchored,raw_router,crop_anchored_primary_frozen,11,4,15982,Early,1,-0,-0.148,0.852,valid_checkpoint_order_thirds
Crop,Anchored,raw_router,crop_anchored_primary_frozen,11,5,19983,Early,1,-0,0.064,1.064,valid_checkpoint_order_thirds
Crop,Anchored,raw_router,crop_anchored_primary_frozen,11,6,23944,Early,1,-0,-0.128,0.872,valid_checkpoint_order_thirds
Crop,Anchored,raw_router,crop_anchored_primary_frozen,11,7,27939,Early,1,-0,0.084,1.084,valid_checkpoint_order_thirds
Crop,Anchored,raw_router,crop_anchored_primary_frozen,11,8,31967,Early,1,-0,-0.108,0.892,valid_checkpoint_order_thirds
Crop,Anchored,raw_router,crop_anchored_primary_frozen,11,9,35975,Early,1,-0,0.104,1.104,valid_checkpoint_order_thirds
Crop,Anchored,raw_router,crop_anchored_primary_frozen,11,10,39952,Early,1,-0,-0.088,0.912,valid_checkpoint_order_thirds
Crop,Anchored,raw_router,crop_anchored_primary_frozen,11,11,43950,Early,1,-0,0.124,1.124,valid_checkpoint_order_thirds
Crop,Anchored,raw_router,crop_anchored_primary_frozen,11,12,47974,Early,1,-0,-0.068,0.932,valid_checkpoint_order_thirds
Crop,Anchored,raw_router,crop_anchored_primary_frozen,11,13,51945,Early,1,-0,0.144,1.144,valid_checkpoint_order_thirds
Crop,Anchored,raw_router,crop_anchored_primary_frozen,11,14,55919,Early,1,-0,-0.048,0.952,valid_checkpoint_order_thirds
Crop,Anchored,raw_router,crop_anchored_primary_frozen,11,15,59890,Early,1,-0,0.164,1.164,valid_checkpoint_order_thirds
Crop,Anchored,raw_router,crop_anchored_primary_frozen,11,16,63877,Early,1,-0,-0.028,0.972,valid_checkpoint_order_thirds
Crop,Anchored,raw_router,crop_anchored_primary_frozen,11,17,67884,Early,1,-0,0.184,1.184,valid_checkpoint_order_thirds
Crop,Anchored,raw_router,crop_anchored_primary_frozen,11,18,71918,Early,1,-0,-0.008,0.992,valid_checkpoint_order_thirds
Crop,Anchored,raw_router,crop_anchored_primary_frozen,11,19,75918,Early,1,-0,-0.2,0.8,valid_checkpoint_order_thirds
Crop,Anchored,raw_router,crop_anchored_primary_frozen,11,20,79900,Early,1,-0,0.012,1.012,valid_checkpoint_order_thirds
Crop,Anchored,raw_router,crop_anchored_primary_frozen,11,21,83916,Early,1,-0,-0.18,0.82,valid_checkpoint_order_thirds
Crop,Anchored,raw_router,crop_anchored_primary_frozen,11,22,87905,Early,1,-0,0.032,1.032,valid_checkpoint_order_thirds
Crop,Anchored,raw_router,crop_anchored_primary_frozen,11,23,91904,Early,1,-0,-0.16,0.84,valid_checkpoint_order_thirds
Crop,Anchored,raw_router,crop_anchored_primary_frozen,11,24,95888,Early,1,-0,0.052,1.052,valid_checkpoint_order_thirds
Crop,Anchored,raw_router,crop_anchored_primary_frozen,11,25,99896,Early,1,-0,-0.14,0.86,valid_checkpoint_order_thirds
Crop,Anchored,raw_router,crop_anchored_primary_frozen,11,26,103911,Early,1,-0,0.072,1.072,valid_checkpoint_order_thirds
Crop,Anchored,raw_router,crop_anchored_primary_frozen,11,27,107811,Early,1,-0,-0.12,0.88,valid_checkpoint_order_thirds
Crop,Anchored,raw_router,crop_anchored_primary_frozen,11,28,111810,Early,1,-0,0.092,1.092,valid_checkpoint_order_thirds
Crop,Anchored,raw_router,crop_anchored_primary_frozen,11,29,115849,Early,1,-0,-0.1,0.9,valid_checkpoint_order_thirds
Crop,Anchored,raw_router,crop_anchored_primary_frozen,11,30,119884,Early,1,-0,0.112,1.112,valid_checkpoint_order_thirds
Crop,Anchored,raw_router,crop_anchored_primary_frozen,11,31,123866,Early,1,-0,-0.08,0.92,valid_checkpoint_order_thirds
Crop,Anchored,raw_router,crop_anchored_primary_frozen,11,32,127859,Early,1,-0,0.132,1.132,valid_checkpoint_order_thirds
Crop,Anchored,raw_router,crop_anchored_primary_frozen,11,33,131875,Early,1,-0,-0.06,0.94,valid_checkpoint_order_thirds
Crop,Anchored,raw_router,crop_anchored_primary_frozen,11,34,135864,Early,1,-0,0.152,1.152,valid_checkpoint_order_thirds
Crop,Anchored,raw_router,crop_anchored_primary_frozen,11,35,139749,Early,1,-0,-0.04,0.96,valid_checkpoint_order_thirds
Crop,Anchored,raw_router,crop_anchored_primary_frozen,11,36,143761,Early,1,-0,0.172,1.172,valid_checkpoint_order_thirds
Crop,Anchored,raw_router,crop_anchored_primary_frozen,11,37,147784,Early,1,-0,-0.02,0.98,valid_checkpoint_order_thirds
Crop,Anchored,raw_router,crop_anchored_primary_frozen,11,38,151801,Early,1,-0,0.192,1.192,valid_checkpoint_order_thirds
Crop,Anchored,raw_router,crop_anchored_primary_frozen,11,39,155788,Early,1,-0,0,1,valid_checkpoint_order_thirds
Crop,Anchored,raw_router,crop_anchored_primary_frozen,11,40,159784,Early,1,-0,-0.192,0.808,valid_checkpoint_order_thirds
Crop,Anchored,raw_router,crop_anchored_primary_frozen,11,41,163782,Middle,2,-0,0.02,2.02,valid_checkpoint_order_thirds
Crop,Anchored,raw_router,crop_anchored_primary_frozen,11,42,167754,Middle,2,-0,-0.172,1.828,valid_checkpoint_order_thirds
Crop,Anchored,raw_router,crop_anchored_primary_frozen,11,43,171766,Middle,2,-0,0.04,2.04,valid_checkpoint_order_thirds
Crop,Anchored,raw_router,crop_anchored_primary_frozen,11,44,175750,Middle,2,-0,-0.152,1.848,valid_checkpoint_order_thirds
Crop,Anchored,raw_router,crop_anchored_primary_frozen,11,45,179733,Middle,2,1.64385677252e-30,0.06,2.06,valid_checkpoint_order_thirds
Crop,Anchored,raw_router,crop_anchored_primary_frozen,11,46,183756,Middle,2,-0,-0.132,1.868,valid_checkpoint_order_thirds
Crop,Anchored,raw_router,crop_anchored_primary_frozen,11,47,187759,Middle,2,1.52427781945e-29,0.08,2.08,valid_checkpoint_order_thirds
Crop,Anchored,raw_router,crop_anchored_primary_frozen,11,48,191769,Middle,2,-0,-0.112,1.888,valid_checkpoint_order_thirds
Crop,Anchored,raw_router,crop_anchored_primary_frozen,11,49,195769,Middle,2,-0,0.1,2.1,valid_checkpoint_order_thirds
Crop,Anchored,raw_router,crop_anchored_primary_frozen,11,50,199762,Middle,2,-0,-0.092,1.908,valid_checkpoint_order_thirds
Crop,Anchored,raw_router,crop_anchored_primary_frozen,11,51,203776,Middle,2,5.08508394335e-31,0.12,2.12,valid_checkpoint_order_thirds
Crop,Anchored,raw_router,crop_anchored_primary_frozen,11,52,207817,Middle,2,-0,-0.072,1.928,valid_checkpoint_order_thirds
Crop,Anchored,raw_router,crop_anchored_primary_frozen,11,53,211807,Middle,2,-0,0.14,2.14,valid_checkpoint_order_thirds
Crop,Anchored,raw_router,crop_anchored_primary_frozen,11,54,215838,Middle,2,-0,-0.052,1.948,valid_checkpoint_order_thirds
Crop,Anchored,raw_router,crop_anchored_primary_frozen,11,55,219788,Middle,2,-0,0.16,2.16,valid_checkpoint_order_thirds
Crop,Anchored,raw_router,crop_anchored_primary_frozen,11,56,223815,Middle,2,-0,-0.032,1.968,valid_checkpoint_order_thirds
Crop,Anchored,raw_router,crop_anchored_primary_frozen,11,57,227812,Middle,2,-0,0.18,2.18,valid_checkpoint_order_thirds
Crop,Anchored,raw_router,crop_anchored_primary_frozen,11,58,231789,Middle,2,-0,-0.012,1.988,valid_checkpoint_order_thirds
Crop,Anchored,raw_router,crop_anchored_primary_frozen,11,59,235769,Middle,2,-0,0.2,2.2,valid_checkpoint_order_thirds
Crop,Anchored,raw_router,crop_anchored_primary_frozen,11,60,239761,Middle,2,-0,0.008,2.008,valid_checkpoint_order_thirds
Crop,Anchored,raw_router,crop_anchored_primary_frozen,11,61,243779,Middle,2,-0,-0.184,1.816,valid_checkpoint_order_thirds
Crop,Anchored,raw_router,crop_anchored_primary_frozen,11,62,247777,Middle,2,-0,0.028,2.028,valid_checkpoint_order_thirds
Crop,Anchored,raw_router,crop_anchored_primary_frozen,11,63,251764,Middle,2,-0,-0.164,1.836,valid_checkpoint_order_thirds
Crop,Anchored,raw_router,crop_anchored_primary_frozen,11,64,255741,Middle,2,-0,0.048,2.048,valid_checkpoint_order_thirds
Crop,Anchored,raw_router,crop_anchored_primary_frozen,11,65,259764,Middle,2,-0,-0.144,1.856,valid_checkpoint_order_thirds
Crop,Anchored,raw_router,crop_anchored_primary_frozen,11,66,263780,Middle,2,-0,0.068,2.068,valid_checkpoint_order_thirds
Crop,Anchored,raw_router,crop_anchored_primary_frozen,11,67,267769,Middle,2,-0,-0.124,1.876,valid_checkpoint_order_thirds
Crop,Anchored,raw_router,crop_anchored_primary_frozen,11,68,271740,Middle,2,-0,0.088,2.088,valid_checkpoint_order_thirds
Crop,Anchored,raw_router,crop_anchored_primary_frozen,11,69,275750,Middle,2,-0,-0.104,1.896,valid_checkpoint_order_thirds
Crop,Anchored,raw_router,crop_anchored_primary_frozen,11,70,279679,Middle,2,-0,0.108,2.108,valid_checkpoint_order_thirds
Crop,Anchored,raw_router,crop_anchored_primary_frozen,11,71,283675,Middle,2,-0,-0.084,1.916,valid_checkpoint_order_thirds
Crop,Anchored,raw_router,crop_anchored_primary_frozen,11,72,287651,Middle,2,-0,0.128,2.128,valid_checkpoint_order_thirds
Crop,Anchored,raw_router,crop_anchored_primary_frozen,11,73,291645,Middle,2,-0,-0.064,1.936,valid_checkpoint_order_thirds
Crop,Anchored,raw_router,crop_anchored_primary_frozen,11,74,295641,Middle,2,-0,0.148,2.148,valid_checkpoint_order_thirds
Crop,Anchored,raw_router,crop_anchored_primary_frozen,11,75,299629,Middle,2,-0,-0.044,1.956,valid_checkpoint_order_thirds
Crop,Anchored,raw_router,crop_anchored_primary_frozen,11,76,303626,Middle,2,-0,0.168,2.168,valid_checkpoint_order_thirds
Crop,Anchored,raw_router,crop_anchored_primary_frozen,11,77,307600,Middle,2,-0,-0.024,1.976,valid_checkpoint_order_thirds
Crop,Anchored,raw_router,crop_anchored_primary_frozen,11,78,311597,Middle,2,-0,0.188,2.188,valid_checkpoint_order_thirds
Crop,Anchored,raw_router,crop_anchored_primary_frozen,11,79,315630,Middle,2,-0,-0.004,1.996,valid_checkpoint_order_thirds
Crop,Anchored,raw_router,crop_anchored_primary_frozen,11,80,319605,Middle,2,-0,-0.196,1.804,valid_checkpoint_order_thirds
Crop,Anchored,raw_router,crop_anchored_primary_frozen,11,81,323619,Late,3,-0,0.016,3.016,valid_checkpoint_order_thirds
Crop,Anchored,raw_router,crop_anchored_primary_frozen,11,82,327607,Late,3,-0,-0.176,2.824,valid_checkpoint_order_thirds
Crop,Anchored,raw_router,crop_anchored_primary_frozen,11,83,331595,Late,3,-0,0.036,3.036,valid_checkpoint_order_thirds
Crop,Anchored,raw_router,crop_anchored_primary_frozen,11,84,335592,Late,3,-0,-0.156,2.844,valid_checkpoint_order_thirds
Crop,Anchored,raw_router,crop_anchored_primary_frozen,11,85,339605,Late,3,-0,0.056,3.056,valid_checkpoint_order_thirds
Crop,Anchored,raw_router,crop_anchored_primary_frozen,11,86,343596,Late,3,-0,-0.136,2.864,valid_checkpoint_order_thirds
Crop,Anchored,raw_router,crop_anchored_primary_frozen,11,87,347577,Late,3,-0,0.076,3.076,valid_checkpoint_order_thirds
Crop,Anchored,raw_router,crop_anchored_primary_frozen,11,88,351565,Late,3,1.02663035538e-27,-0.116,2.884,valid_checkpoint_order_thirds
Crop,Anchored,raw_router,crop_anchored_primary_frozen,11,89,355551,Late,3,-0,0.096,3.096,valid_checkpoint_order_thirds
Crop,Anchored,raw_router,crop_anchored_primary_frozen,11,90,359535,Late,3,-0,-0.096,2.904,valid_checkpoint_order_thirds
Crop,Anchored,raw_router,crop_anchored_primary_frozen,11,91,363544,Late,3,-0,0.116,3.116,valid_checkpoint_order_thirds
Crop,Anchored,raw_router,crop_anchored_primary_frozen,11,92,367525,Late,3,-0,-0.076,2.924,valid_checkpoint_order_thirds
Crop,Anchored,raw_router,crop_anchored_primary_frozen,11,93,371526,Late,3,-0,0.136,3.136,valid_checkpoint_order_thirds
Crop,Anchored,raw_router,crop_anchored_primary_frozen,11,94,375515,Late,3,-0,-0.056,2.944,valid_checkpoint_order_thirds
Crop,Anchored,raw_router,crop_anchored_primary_frozen,11,95,379526,Late,3,-0,0.156,3.156,valid_checkpoint_order_thirds
Crop,Anchored,raw_router,crop_anchored_primary_frozen,11,96,383533,Late,3,-0,-0.036,2.964,valid_checkpoint_order_thirds
Crop,Anchored,raw_router,crop_anchored_primary_frozen,11,97,387541,Late,3,-0,0.176,3.176,valid_checkpoint_order_thirds
Crop,Anchored,raw_router,crop_anchored_primary_frozen,11,98,391564,Late,3,-0,-0.016,2.984,valid_checkpoint_order_thirds
Crop,Anchored,raw_router,crop_anchored_primary_frozen,11,99,395580,Late,3,-0,0.196,3.196,valid_checkpoint_order_thirds
Crop,Anchored,raw_router,crop_anchored_primary_frozen,11,100,399610,Late,3,-0,0.004,3.004,valid_checkpoint_order_thirds
Crop,Anchored,raw_router,crop_anchored_primary_frozen,11,101,403607,Late,3,-0,-0.188,2.812,valid_checkpoint_order_thirds
Crop,Anchored,raw_router,crop_anchored_primary_frozen,11,102,407582,Late,3,-0,0.024,3.024,valid_checkpoint_order_thirds
Crop,Anchored,raw_router,crop_anchored_primary_frozen,11,103,411570,Late,3,-0,-0.168,2.832,valid_checkpoint_order_thirds
Crop,Anchored,raw_router,crop_anchored_primary_frozen,11,104,415559,Late,3,-0,0.044,3.044,valid_checkpoint_order_thirds
Crop,Anchored,raw_router,crop_anchored_primary_frozen,11,105,419536,Late,3,-0,-0.148,2.852,valid_checkpoint_order_thirds
Crop,Anchored,raw_router,crop_anchored_primary_frozen,11,106,423526,Late,3,-0,0.064,3.064,valid_checkpoint_order_thirds
Crop,Anchored,raw_router,crop_anchored_primary_frozen,11,107,427537,Late,3,-0,-0.128,2.872,valid_checkpoint_order_thirds
Crop,Anchored,raw_router,crop_anchored_primary_frozen,11,108,431544,Late,3,-0,0.084,3.084,valid_checkpoint_order_thirds
Crop,Anchored,raw_router,crop_anchored_primary_frozen,11,109,435530,Late,3,-0,-0.108,2.892,valid_checkpoint_order_thirds
Crop,Anchored,raw_router,crop_anchored_primary_frozen,11,110,439543,Late,3,-0,0.104,3.104,valid_checkpoint_order_thirds
Crop,Anchored,raw_router,crop_anchored_primary_frozen,11,111,443507,Late,3,-0,-0.088,2.912,valid_checkpoint_order_thirds
Crop,Anchored,raw_router,crop_anchored_primary_frozen,11,112,447513,Late,3,-0,0.124,3.124,valid_checkpoint_order_thirds
Crop,Anchored,raw_router,crop_anchored_primary_frozen,11,113,451528,Late,3,-0,-0.068,2.932,valid_checkpoint_order_thirds
Crop,Anchored,raw_router,crop_anchored_primary_frozen,11,114,455544,Late,3,-0,0.144,3.144,valid_checkpoint_order_thirds
Crop,Anchored,raw_router,crop_anchored_primary_frozen,11,115,459513,Late,3,-0,-0.048,2.952,valid_checkpoint_order_thirds
Crop,Anchored,raw_router,crop_anchored_primary_frozen,11,116,463494,Late,3,-0,0.164,3.164,valid_checkpoint_order_thirds
Crop,Anchored,raw_router,crop_anchored_primary_frozen,11,117,467513,Late,3,-0,-0.028,2.972,valid_checkpoint_order_thirds
Crop,Anchored,raw_router,crop_anchored_primary_frozen,11,118,471515,Late,3,-0,0.184,3.184,valid_checkpoint_order_thirds
Crop,Anchored,raw_router,crop_anchored_primary_frozen,11,119,475502,Late,3,-0,-0.008,2.992,valid_checkpoint_order_thirds
Crop,Anchored,raw_router,crop_anchored_primary_frozen,11,120,479473,Late,3,-0,-0.2,2.8,valid_checkpoint_order_thirds
Crop,Anchored,raw_router,crop_anchored_primary_frozen,22,1,4012,Early,1,0.000632124352859,0.036,1.036,valid_checkpoint_order_thirds
Crop,Anchored,raw_router,crop_anchored_primary_frozen,22,2,8028,Early,1,8.02386318478e-15,-0.156,0.844,valid_checkpoint_order_thirds
Crop,Anchored,raw_router,crop_anchored_primary_frozen,22,3,11998,Early,1,9.538986301e-35,0.056,1.056,valid_checkpoint_order_thirds
Crop,Anchored,raw_router,crop_anchored_primary_frozen,22,4,15982,Early,1,-0,-0.136,0.864,valid_checkpoint_order_thirds
Crop,Anchored,raw_router,crop_anchored_primary_frozen,22,5,19983,Early,1,-0,0.076,1.076,valid_checkpoint_order_thirds
Crop,Anchored,raw_router,crop_anchored_primary_frozen,22,6,23944,Early,1,-0,-0.116,0.884,valid_checkpoint_order_thirds
Crop,Anchored,raw_router,crop_anchored_primary_frozen,22,7,27939,Early,1,-0,0.096,1.096,valid_checkpoint_order_thirds
Crop,Anchored,raw_router,crop_anchored_primary_frozen,22,8,31967,Early,1,-0,-0.096,0.904,valid_checkpoint_order_thirds
Crop,Anchored,raw_router,crop_anchored_primary_frozen,22,9,35975,Early,1,-0,0.116,1.116,valid_checkpoint_order_thirds
Crop,Anchored,raw_router,crop_anchored_primary_frozen,22,10,39952,Early,1,-0,-0.076,0.924,valid_checkpoint_order_thirds
Crop,Anchored,raw_router,crop_anchored_primary_frozen,22,11,43950,Early,1,-0,0.136,1.136,valid_checkpoint_order_thirds
Crop,Anchored,raw_router,crop_anchored_primary_frozen,22,12,47974,Early,1,-0,-0.056,0.944,valid_checkpoint_order_thirds
Crop,Anchored,raw_router,crop_anchored_primary_frozen,22,13,51945,Early,1,-0,0.156,1.156,valid_checkpoint_order_thirds
Crop,Anchored,raw_router,crop_anchored_primary_frozen,22,14,55919,Early,1,-0,-0.036,0.964,valid_checkpoint_order_thirds
Crop,Anchored,raw_router,crop_anchored_primary_frozen,22,15,59890,Early,1,-0,0.176,1.176,valid_checkpoint_order_thirds
Crop,Anchored,raw_router,crop_anchored_primary_frozen,22,16,63877,Early,1,-0,-0.016,0.984,valid_checkpoint_order_thirds
Crop,Anchored,raw_router,crop_anchored_primary_frozen,22,17,67884,Early,1,-0,0.196,1.196,valid_checkpoint_order_thirds
Crop,Anchored,raw_router,crop_anchored_primary_frozen,22,18,71918,Early,1,-0,0.004,1.004,valid_checkpoint_order_thirds
Crop,Anchored,raw_router,crop_anchored_primary_frozen,22,19,75918,Early,1,-0,-0.188,0.812,valid_checkpoint_order_thirds
Crop,Anchored,raw_router,crop_anchored_primary_frozen,22,20,79900,Early,1,-0,0.024,1.024,valid_checkpoint_order_thirds
Crop,Anchored,raw_router,crop_anchored_primary_frozen,22,21,83916,Early,1,-0,-0.168,0.832,valid_checkpoint_order_thirds
Crop,Anchored,raw_router,crop_anchored_primary_frozen,22,22,87905,Early,1,-0,0.044,1.044,valid_checkpoint_order_thirds
Crop,Anchored,raw_router,crop_anchored_primary_frozen,22,23,91904,Early,1,-0,-0.148,0.852,valid_checkpoint_order_thirds
Crop,Anchored,raw_router,crop_anchored_primary_frozen,22,24,95888,Early,1,-0,0.064,1.064,valid_checkpoint_order_thirds
Crop,Anchored,raw_router,crop_anchored_primary_frozen,22,25,99896,Early,1,-0,-0.128,0.872,valid_checkpoint_order_thirds
Crop,Anchored,raw_router,crop_anchored_primary_frozen,22,26,103911,Early,1,-0,0.084,1.084,valid_checkpoint_order_thirds
Crop,Anchored,raw_router,crop_anchored_primary_frozen,22,27,107811,Early,1,-0,-0.108,0.892,valid_checkpoint_order_thirds
Crop,Anchored,raw_router,crop_anchored_primary_frozen,22,28,111810,Early,1,-0,0.104,1.104,valid_checkpoint_order_thirds
Crop,Anchored,raw_router,crop_anchored_primary_frozen,22,29,115849,Early,1,-0,-0.088,0.912,valid_checkpoint_order_thirds
Crop,Anchored,raw_router,crop_anchored_primary_frozen,22,30,119884,Early,1,-0,0.124,1.124,valid_checkpoint_order_thirds
Crop,Anchored,raw_router,crop_anchored_primary_frozen,22,31,123866,Early,1,-0,-0.068,0.932,valid_checkpoint_order_thirds
Crop,Anchored,raw_router,crop_anchored_primary_frozen,22,32,127859,Early,1,7.40120481988e-43,0.144,1.144,valid_checkpoint_order_thirds
Crop,Anchored,raw_router,crop_anchored_primary_frozen,22,33,131875,Early,1,-0,-0.048,0.952,valid_checkpoint_order_thirds
Crop,Anchored,raw_router,crop_anchored_primary_frozen,22,34,135864,Early,1,-0,0.164,1.164,valid_checkpoint_order_thirds
Crop,Anchored,raw_router,crop_anchored_primary_frozen,22,35,139749,Early,1,-0,-0.028,0.972,valid_checkpoint_order_thirds
Crop,Anchored,raw_router,crop_anchored_primary_frozen,22,36,143761,Early,1,-0,0.184,1.184,valid_checkpoint_order_thirds
Crop,Anchored,raw_router,crop_anchored_primary_frozen,22,37,147784,Early,1,-0,-0.008,0.992,valid_checkpoint_order_thirds
Crop,Anchored,raw_router,crop_anchored_primary_frozen,22,38,151801,Early,1,-0,-0.2,0.8,valid_checkpoint_order_thirds
Crop,Anchored,raw_router,crop_anchored_primary_frozen,22,39,155788,Early,1,-0,0.012,1.012,valid_checkpoint_order_thirds
Crop,Anchored,raw_router,crop_anchored_primary_frozen,22,40,159784,Early,1,-0,-0.18,0.82,valid_checkpoint_order_thirds
Crop,Anchored,raw_router,crop_anchored_primary_frozen,22,41,163782,Middle,2,-0,0.032,2.032,valid_checkpoint_order_thirds
Crop,Anchored,raw_router,crop_anchored_primary_frozen,22,42,167754,Middle,2,-0,-0.16,1.84,valid_checkpoint_order_thirds
Crop,Anchored,raw_router,crop_anchored_primary_frozen,22,43,171766,Middle,2,-0,0.052,2.052,valid_checkpoint_order_thirds
Crop,Anchored,raw_router,crop_anchored_primary_frozen,22,44,175750,Middle,2,-0,-0.14,1.86,valid_checkpoint_order_thirds
Crop,Anchored,raw_router,crop_anchored_primary_frozen,22,45,179733,Middle,2,-0,0.072,2.072,valid_checkpoint_order_thirds
Crop,Anchored,raw_router,crop_anchored_primary_frozen,22,46,183756,Middle,2,-0,-0.12,1.88,valid_checkpoint_order_thirds
Crop,Anchored,raw_router,crop_anchored_primary_frozen,22,47,187759,Middle,2,-0,0.092,2.092,valid_checkpoint_order_thirds
Crop,Anchored,raw_router,crop_anchored_primary_frozen,22,48,191769,Middle,2,-0,-0.1,1.9,valid_checkpoint_order_thirds
Crop,Anchored,raw_router,crop_anchored_primary_frozen,22,49,195769,Middle,2,-0,0.112,2.112,valid_checkpoint_order_thirds
Crop,Anchored,raw_router,crop_anchored_primary_frozen,22,50,199762,Middle,2,-0,-0.08,1.92,valid_checkpoint_order_thirds
Crop,Anchored,raw_router,crop_anchored_primary_frozen,22,51,203776,Middle,2,-0,0.132,2.132,valid_checkpoint_order_thirds
Crop,Anchored,raw_router,crop_anchored_primary_frozen,22,52,207817,Middle,2,-0,-0.06,1.94,valid_checkpoint_order_thirds
Crop,Anchored,raw_router,crop_anchored_primary_frozen,22,53,211807,Middle,2,-0,0.152,2.152,valid_checkpoint_order_thirds
Crop,Anchored,raw_router,crop_anchored_primary_frozen,22,54,215838,Middle,2,-0,-0.04,1.96,valid_checkpoint_order_thirds
Crop,Anchored,raw_router,crop_anchored_primary_frozen,22,55,219788,Middle,2,-0,0.172,2.172,valid_checkpoint_order_thirds
Crop,Anchored,raw_router,crop_anchored_primary_frozen,22,56,223815,Middle,2,-0,-0.02,1.98,valid_checkpoint_order_thirds
Crop,Anchored,raw_router,crop_anchored_primary_frozen,22,57,227812,Middle,2,-0,0.192,2.192,valid_checkpoint_order_thirds
Crop,Anchored,raw_router,crop_anchored_primary_frozen,22,58,231789,Middle,2,-0,0,2,valid_checkpoint_order_thirds
Crop,Anchored,raw_router,crop_anchored_primary_frozen,22,59,235769,Middle,2,-0,-0.192,1.808,valid_checkpoint_order_thirds
Crop,Anchored,raw_router,crop_anchored_primary_frozen,22,60,239761,Middle,2,-0,0.02,2.02,valid_checkpoint_order_thirds
Crop,Anchored,raw_router,crop_anchored_primary_frozen,22,61,243779,Middle,2,-0,-0.172,1.828,valid_checkpoint_order_thirds
Crop,Anchored,raw_router,crop_anchored_primary_frozen,22,62,247777,Middle,2,-0,0.04,2.04,valid_checkpoint_order_thirds
Crop,Anchored,raw_router,crop_anchored_primary_frozen,22,63,251764,Middle,2,-0,-0.152,1.848,valid_checkpoint_order_thirds
Crop,Anchored,raw_router,crop_anchored_primary_frozen,22,64,255741,Middle,2,-0,0.06,2.06,valid_checkpoint_order_thirds
Crop,Anchored,raw_router,crop_anchored_primary_frozen,22,65,259764,Middle,2,-0,-0.132,1.868,valid_checkpoint_order_thirds
Crop,Anchored,raw_router,crop_anchored_primary_frozen,22,66,263780,Middle,2,-0,0.08,2.08,valid_checkpoint_order_thirds
Crop,Anchored,raw_router,crop_anchored_primary_frozen,22,67,267769,Middle,2,-0,-0.112,1.888,valid_checkpoint_order_thirds
Crop,Anchored,raw_router,crop_anchored_primary_frozen,22,68,271740,Middle,2,-0,0.1,2.1,valid_checkpoint_order_thirds
Crop,Anchored,raw_router,crop_anchored_primary_frozen,22,69,275750,Middle,2,-0,-0.092,1.908,valid_checkpoint_order_thirds
Crop,Anchored,raw_router,crop_anchored_primary_frozen,22,70,279679,Middle,2,-0,0.12,2.12,valid_checkpoint_order_thirds
Crop,Anchored,raw_router,crop_anchored_primary_frozen,22,71,283675,Middle,2,-0,-0.072,1.928,valid_checkpoint_order_thirds
Crop,Anchored,raw_router,crop_anchored_primary_frozen,22,72,287651,Middle,2,-0,0.14,2.14,valid_checkpoint_order_thirds
Crop,Anchored,raw_router,crop_anchored_primary_frozen,22,73,291645,Middle,2,-0,-0.052,1.948,valid_checkpoint_order_thirds
Crop,Anchored,raw_router,crop_anchored_primary_frozen,22,74,295641,Middle,2,-0,0.16,2.16,valid_checkpoint_order_thirds
Crop,Anchored,raw_router,crop_anchored_primary_frozen,22,75,299629,Middle,2,-0,-0.032,1.968,valid_checkpoint_order_thirds
Crop,Anchored,raw_router,crop_anchored_primary_frozen,22,76,303626,Middle,2,-0,0.18,2.18,valid_checkpoint_order_thirds
Crop,Anchored,raw_router,crop_anchored_primary_frozen,22,77,307600,Middle,2,-0,-0.012,1.988,valid_checkpoint_order_thirds
Crop,Anchored,raw_router,crop_anchored_primary_frozen,22,78,311597,Middle,2,-0,0.2,2.2,valid_checkpoint_order_thirds
Crop,Anchored,raw_router,crop_anchored_primary_frozen,22,79,315630,Middle,2,-0,0.008,2.008,valid_checkpoint_order_thirds
Crop,Anchored,raw_router,crop_anchored_primary_frozen,22,80,319605,Middle,2,-0,-0.184,1.816,valid_checkpoint_order_thirds
Crop,Anchored,raw_router,crop_anchored_primary_frozen,22,81,323619,Late,3,-0,0.028,3.028,valid_checkpoint_order_thirds
Crop,Anchored,raw_router,crop_anchored_primary_frozen,22,82,327607,Late,3,-0,-0.164,2.836,valid_checkpoint_order_thirds
Crop,Anchored,raw_router,crop_anchored_primary_frozen,22,83,331595,Late,3,-0,0.048,3.048,valid_checkpoint_order_thirds
Crop,Anchored,raw_router,crop_anchored_primary_frozen,22,84,335592,Late,3,-0,-0.144,2.856,valid_checkpoint_order_thirds
Crop,Anchored,raw_router,crop_anchored_primary_frozen,22,85,339605,Late,3,-0,0.068,3.068,valid_checkpoint_order_thirds
Crop,Anchored,raw_router,crop_anchored_primary_frozen,22,86,343596,Late,3,-0,-0.124,2.876,valid_checkpoint_order_thirds
Crop,Anchored,raw_router,crop_anchored_primary_frozen,22,87,347577,Late,3,-0,0.088,3.088,valid_checkpoint_order_thirds
Crop,Anchored,raw_router,crop_anchored_primary_frozen,22,88,351565,Late,3,-0,-0.104,2.896,valid_checkpoint_order_thirds
Crop,Anchored,raw_router,crop_anchored_primary_frozen,22,89,355551,Late,3,-0,0.108,3.108,valid_checkpoint_order_thirds
Crop,Anchored,raw_router,crop_anchored_primary_frozen,22,90,359535,Late,3,-0,-0.084,2.916,valid_checkpoint_order_thirds
Crop,Anchored,raw_router,crop_anchored_primary_frozen,22,91,363544,Late,3,4.24493364289e-26,0.128,3.128,valid_checkpoint_order_thirds
Crop,Anchored,raw_router,crop_anchored_primary_frozen,22,92,367525,Late,3,1.47426634131e-11,-0.064,2.936,valid_checkpoint_order_thirds
Crop,Anchored,raw_router,crop_anchored_primary_frozen,22,93,371526,Late,3,2.25380435735e-19,0.148,3.148,valid_checkpoint_order_thirds
Crop,Anchored,raw_router,crop_anchored_primary_frozen,22,94,375515,Late,3,-0,-0.044,2.956,valid_checkpoint_order_thirds
Crop,Anchored,raw_router,crop_anchored_primary_frozen,22,95,379526,Late,3,-0,0.168,3.168,valid_checkpoint_order_thirds
Crop,Anchored,raw_router,crop_anchored_primary_frozen,22,96,383533,Late,3,9.2479816416e-41,-0.024,2.976,valid_checkpoint_order_thirds
Crop,Anchored,raw_router,crop_anchored_primary_frozen,22,97,387541,Late,3,-0,0.188,3.188,valid_checkpoint_order_thirds
Crop,Anchored,raw_router,crop_anchored_primary_frozen,22,98,391564,Late,3,-0,-0.004,2.996,valid_checkpoint_order_thirds
Crop,Anchored,raw_router,crop_anchored_primary_frozen,22,99,395580,Late,3,2.9791329641e-38,-0.196,2.804,valid_checkpoint_order_thirds
Crop,Anchored,raw_router,crop_anchored_primary_frozen,22,100,399610,Late,3,1.40975329902e-43,0.016,3.016,valid_checkpoint_order_thirds
Crop,Anchored,raw_router,crop_anchored_primary_frozen,22,101,403607,Late,3,8.16138540723e-31,-0.176,2.824,valid_checkpoint_order_thirds
Crop,Anchored,raw_router,crop_anchored_primary_frozen,22,102,407582,Late,3,-0,0.036,3.036,valid_checkpoint_order_thirds
Crop,Anchored,raw_router,crop_anchored_primary_frozen,22,103,411570,Late,3,2.81950659805e-43,-0.156,2.844,valid_checkpoint_order_thirds
Crop,Anchored,raw_router,crop_anchored_primary_frozen,22,104,415559,Late,3,7.2598832441e-31,0.056,3.056,valid_checkpoint_order_thirds
Crop,Anchored,raw_router,crop_anchored_primary_frozen,22,105,419536,Late,3,9.12683099396e-13,-0.136,2.864,valid_checkpoint_order_thirds
Crop,Anchored,raw_router,crop_anchored_primary_frozen,22,106,423526,Late,3,-0,0.076,3.076,valid_checkpoint_order_thirds
Crop,Anchored,raw_router,crop_anchored_primary_frozen,22,107,427537,Late,3,8.47015222124e-34,-0.116,2.884,valid_checkpoint_order_thirds
Crop,Anchored,raw_router,crop_anchored_primary_frozen,22,108,431544,Late,3,3.87682157232e-42,0.096,3.096,valid_checkpoint_order_thirds
Crop,Anchored,raw_router,crop_anchored_primary_frozen,22,109,435530,Late,3,-0,-0.096,2.904,valid_checkpoint_order_thirds
Crop,Anchored,raw_router,crop_anchored_primary_frozen,22,110,439543,Late,3,1.40975329902e-43,0.116,3.116,valid_checkpoint_order_thirds
Crop,Anchored,raw_router,crop_anchored_primary_frozen,22,111,443507,Late,3,4.77640297171e-34,-0.076,2.924,valid_checkpoint_order_thirds
Crop,Anchored,raw_router,crop_anchored_primary_frozen,22,112,447513,Late,3,5.19295591061e-17,0.136,3.136,valid_checkpoint_order_thirds
Crop,Anchored,raw_router,crop_anchored_primary_frozen,22,113,451528,Late,3,3.52438324756e-44,-0.056,2.944,valid_checkpoint_order_thirds
Crop,Anchored,raw_router,crop_anchored_primary_frozen,22,114,455544,Late,3,5.66428302398e-39,0.156,3.156,valid_checkpoint_order_thirds
Crop,Anchored,raw_router,crop_anchored_primary_frozen,22,115,459513,Late,3,5.51457830674e-26,-0.036,2.964,valid_checkpoint_order_thirds
Crop,Anchored,raw_router,crop_anchored_primary_frozen,22,116,463494,Late,3,7.58245736544e-36,0.176,3.176,valid_checkpoint_order_thirds
Crop,Anchored,raw_router,crop_anchored_primary_frozen,22,117,467513,Late,3,2.50282100962e-16,-0.016,2.984,valid_checkpoint_order_thirds
Crop,Anchored,raw_router,crop_anchored_primary_frozen,22,118,471515,Late,3,3.4040341043e-20,0.196,3.196,valid_checkpoint_order_thirds
Crop,Anchored,raw_router,crop_anchored_primary_frozen,22,119,475502,Late,3,0.209055549556,0.004,3.004,valid_checkpoint_order_thirds
Crop,Anchored,raw_router,crop_anchored_primary_frozen,22,120,479473,Late,3,-0,-0.188,2.812,valid_checkpoint_order_thirds
Crop,Anchored,raw_router,crop_anchored_primary_frozen,33,1,4012,Early,1,0.475971203132,0.048,1.048,valid_checkpoint_order_thirds
Crop,Anchored,raw_router,crop_anchored_primary_frozen,33,2,8028,Early,1,0.511599466958,-0.144,0.856,valid_checkpoint_order_thirds
Crop,Anchored,raw_router,crop_anchored_primary_frozen,33,3,11998,Early,1,0.590722551799,0.068,1.068,valid_checkpoint_order_thirds
Crop,Anchored,raw_router,crop_anchored_primary_frozen,33,4,15982,Early,1,2.06911343767e-06,-0.124,0.876,valid_checkpoint_order_thirds
Crop,Anchored,raw_router,crop_anchored_primary_frozen,33,5,19983,Early,1,7.22572238524e-08,0.088,1.088,valid_checkpoint_order_thirds
Crop,Anchored,raw_router,crop_anchored_primary_frozen,33,6,23944,Early,1,0.00209364130904,-0.104,0.896,valid_checkpoint_order_thirds
Crop,Anchored,raw_router,crop_anchored_primary_frozen,33,7,27939,Early,1,9.9508264153e-06,0.108,1.108,valid_checkpoint_order_thirds
Crop,Anchored,raw_router,crop_anchored_primary_frozen,33,8,31967,Early,1,3.52145748995e-08,-0.084,0.916,valid_checkpoint_order_thirds
Crop,Anchored,raw_router,crop_anchored_primary_frozen,33,9,35975,Early,1,6.35525866086e-05,0.128,1.128,valid_checkpoint_order_thirds
Crop,Anchored,raw_router,crop_anchored_primary_frozen,33,10,39952,Early,1,3.43939945125e-07,-0.064,0.936,valid_checkpoint_order_thirds
Crop,Anchored,raw_router,crop_anchored_primary_frozen,33,11,43950,Early,1,2.12710065e-05,0.148,1.148,valid_checkpoint_order_thirds
Crop,Anchored,raw_router,crop_anchored_primary_frozen,33,12,47974,Early,1,0.000375768488622,-0.044,0.956,valid_checkpoint_order_thirds
Crop,Anchored,raw_router,crop_anchored_primary_frozen,33,13,51945,Early,1,5.49111878182e-09,0.168,1.168,valid_checkpoint_order_thirds
Crop,Anchored,raw_router,crop_anchored_primary_frozen,33,14,55919,Early,1,4.23437747513e-09,-0.024,0.976,valid_checkpoint_order_thirds
Crop,Anchored,raw_router,crop_anchored_primary_frozen,33,15,59890,Early,1,1.15483539021e-06,0.188,1.188,valid_checkpoint_order_thirds
Crop,Anchored,raw_router,crop_anchored_primary_frozen,33,16,63877,Early,1,8.13285316881e-06,-0.004,0.996,valid_checkpoint_order_thirds
Crop,Anchored,raw_router,crop_anchored_primary_frozen,33,17,67884,Early,1,7.79557169477e-07,-0.196,0.804,valid_checkpoint_order_thirds
Crop,Anchored,raw_router,crop_anchored_primary_frozen,33,18,71918,Early,1,1.09362594677e-08,0.016,1.016,valid_checkpoint_order_thirds
Crop,Anchored,raw_router,crop_anchored_primary_frozen,33,19,75918,Early,1,3.10263435055e-08,-0.176,0.824,valid_checkpoint_order_thirds
Crop,Anchored,raw_router,crop_anchored_primary_frozen,33,20,79900,Early,1,0.574979474317,0.036,1.036,valid_checkpoint_order_thirds
Crop,Anchored,raw_router,crop_anchored_primary_frozen,33,21,83916,Early,1,1.00790039897e-05,-0.156,0.844,valid_checkpoint_order_thirds
Crop,Anchored,raw_router,crop_anchored_primary_frozen,33,22,87905,Early,1,0.00998065202511,0.056,1.056,valid_checkpoint_order_thirds
Crop,Anchored,raw_router,crop_anchored_primary_frozen,33,23,91904,Early,1,7.10936349012e-05,-0.136,0.864,valid_checkpoint_order_thirds
Crop,Anchored,raw_router,crop_anchored_primary_frozen,33,24,95888,Early,1,1.40121822299e-06,0.076,1.076,valid_checkpoint_order_thirds
Crop,Anchored,raw_router,crop_anchored_primary_frozen,33,25,99896,Early,1,0.444390055313,-0.116,0.884,valid_checkpoint_order_thirds
Crop,Anchored,raw_router,crop_anchored_primary_frozen,33,26,103911,Early,1,1.9409563879e-13,0.096,1.096,valid_checkpoint_order_thirds
Crop,Anchored,raw_router,crop_anchored_primary_frozen,33,27,107811,Early,1,4.22405817924e-15,-0.096,0.904,valid_checkpoint_order_thirds
Crop,Anchored,raw_router,crop_anchored_primary_frozen,33,28,111810,Early,1,3.42166575603e-08,0.116,1.116,valid_checkpoint_order_thirds
Crop,Anchored,raw_router,crop_anchored_primary_frozen,33,29,115849,Early,1,6.22398667041e-16,-0.076,0.924,valid_checkpoint_order_thirds
Crop,Anchored,raw_router,crop_anchored_primary_frozen,33,30,119884,Early,1,9.20260246005e-16,0.136,1.136,valid_checkpoint_order_thirds
Crop,Anchored,raw_router,crop_anchored_primary_frozen,33,31,123866,Early,1,1.69241337489e-14,-0.056,0.944,valid_checkpoint_order_thirds
Crop,Anchored,raw_router,crop_anchored_primary_frozen,33,32,127859,Early,1,7.50685099622e-14,0.156,1.156,valid_checkpoint_order_thirds
Crop,Anchored,raw_router,crop_anchored_primary_frozen,33,33,131875,Early,1,4.26292948508e-13,-0.036,0.964,valid_checkpoint_order_thirds
Crop,Anchored,raw_router,crop_anchored_primary_frozen,33,34,135864,Early,1,1.31296408281e-12,0.176,1.176,valid_checkpoint_order_thirds
Crop,Anchored,raw_router,crop_anchored_primary_frozen,33,35,139749,Early,1,3.10026145025e-15,-0.016,0.984,valid_checkpoint_order_thirds
Crop,Anchored,raw_router,crop_anchored_primary_frozen,33,36,143761,Early,1,3.05200180856e-09,0.196,1.196,valid_checkpoint_order_thirds
Crop,Anchored,raw_router,crop_anchored_primary_frozen,33,37,147784,Early,1,3.76484502098e-14,0.004,1.004,valid_checkpoint_order_thirds
Crop,Anchored,raw_router,crop_anchored_primary_frozen,33,38,151801,Early,1,1.79738227977e-16,-0.188,0.812,valid_checkpoint_order_thirds
Crop,Anchored,raw_router,crop_anchored_primary_frozen,33,39,155788,Early,1,7.17998357479e-15,0.024,1.024,valid_checkpoint_order_thirds
Crop,Anchored,raw_router,crop_anchored_primary_frozen,33,40,159784,Early,1,0.0398456286058,-0.168,0.832,valid_checkpoint_order_thirds
Crop,Anchored,raw_router,crop_anchored_primary_frozen,33,41,163782,Middle,2,1.04829029634e-12,0.044,2.044,valid_checkpoint_order_thirds
Crop,Anchored,raw_router,crop_anchored_primary_frozen,33,42,167754,Middle,2,4.4624708332e-08,-0.148,1.852,valid_checkpoint_order_thirds
Crop,Anchored,raw_router,crop_anchored_primary_frozen,33,43,171766,Middle,2,1.53183782167e-06,0.064,2.064,valid_checkpoint_order_thirds
Crop,Anchored,raw_router,crop_anchored_primary_frozen,33,44,175750,Middle,2,6.78964123585e-06,-0.128,1.872,valid_checkpoint_order_thirds
Crop,Anchored,raw_router,crop_anchored_primary_frozen,33,45,179733,Middle,2,0.113964997363,0.084,2.084,valid_checkpoint_order_thirds
Crop,Anchored,raw_router,crop_anchored_primary_frozen,33,46,183756,Middle,2,4.78517659423e-05,-0.108,1.892,valid_checkpoint_order_thirds
Crop,Anchored,raw_router,crop_anchored_primary_frozen,33,47,187759,Middle,2,1.05587198841e-06,0.104,2.104,valid_checkpoint_order_thirds
Crop,Anchored,raw_router,crop_anchored_primary_frozen,33,48,191769,Middle,2,6.77530728699e-10,-0.088,1.912,valid_checkpoint_order_thirds
Crop,Anchored,raw_router,crop_anchored_primary_frozen,33,49,195769,Middle,2,0.00219482947416,0.124,2.124,valid_checkpoint_order_thirds
Crop,Anchored,raw_router,crop_anchored_primary_frozen,33,50,199762,Middle,2,0.146532631202,-0.068,1.932,valid_checkpoint_order_thirds
Crop,Anchored,raw_router,crop_anchored_primary_frozen,33,51,203776,Middle,2,0.00155368923032,0.144,2.144,valid_checkpoint_order_thirds
Crop,Anchored,raw_router,crop_anchored_primary_frozen,33,52,207817,Middle,2,9.49447984139e-06,-0.048,1.952,valid_checkpoint_order_thirds
Crop,Anchored,raw_router,crop_anchored_primary_frozen,33,53,211807,Middle,2,3.17709845646e-06,0.164,2.164,valid_checkpoint_order_thirds
Crop,Anchored,raw_router,crop_anchored_primary_frozen,33,54,215838,Middle,2,0.0536162255708,-0.028,1.972,valid_checkpoint_order_thirds
Crop,Anchored,raw_router,crop_anchored_primary_frozen,33,55,219788,Middle,2,0.00109213519935,0.184,2.184,valid_checkpoint_order_thirds
Crop,Anchored,raw_router,crop_anchored_primary_frozen,33,56,223815,Middle,2,0.261791096102,-0.008,1.992,valid_checkpoint_order_thirds
Crop,Anchored,raw_router,crop_anchored_primary_frozen,33,57,227812,Middle,2,0.251696702358,-0.2,1.8,valid_checkpoint_order_thirds
Crop,Anchored,raw_router,crop_anchored_primary_frozen,33,58,231789,Middle,2,0.0112934340916,0.012,2.012,valid_checkpoint_order_thirds
Crop,Anchored,raw_router,crop_anchored_primary_frozen,33,59,235769,Middle,2,0.00024417083944,-0.18,1.82,valid_checkpoint_order_thirds
Crop,Anchored,raw_router,crop_anchored_primary_frozen,33,60,239761,Middle,2,1.21558180639e-07,0.032,2.032,valid_checkpoint_order_thirds
Crop,Anchored,raw_router,crop_anchored_primary_frozen,33,61,243779,Middle,2,3.6373603432e-07,-0.16,1.84,valid_checkpoint_order_thirds
Crop,Anchored,raw_router,crop_anchored_primary_frozen,33,62,247777,Middle,2,5.35038933297e-07,0.052,2.052,valid_checkpoint_order_thirds
Crop,Anchored,raw_router,crop_anchored_primary_frozen,33,63,251764,Middle,2,0.00690908760108,-0.14,1.86,valid_checkpoint_order_thirds
Crop,Anchored,raw_router,crop_anchored_primary_frozen,33,64,255741,Middle,2,0.000143082924125,0.072,2.072,valid_checkpoint_order_thirds
Crop,Anchored,raw_router,crop_anchored_primary_frozen,33,65,259764,Middle,2,0.00195778714571,-0.12,1.88,valid_checkpoint_order_thirds
Crop,Anchored,raw_router,crop_anchored_primary_frozen,33,66,263780,Middle,2,0.422814589981,0.092,2.092,valid_checkpoint_order_thirds
Crop,Anchored,raw_router,crop_anchored_primary_frozen,33,67,267769,Middle,2,0.0317370450071,-0.1,1.9,valid_checkpoint_order_thirds
Crop,Anchored,raw_router,crop_anchored_primary_frozen,33,68,271740,Middle,2,5.47163715605e-13,0.112,2.112,valid_checkpoint_order_thirds
Crop,Anchored,raw_router,crop_anchored_primary_frozen,33,69,275750,Middle,2,4.40403463817e-22,-0.08,1.92,valid_checkpoint_order_thirds
Crop,Anchored,raw_router,crop_anchored_primary_frozen,33,70,279679,Middle,2,2.05039853122e-19,0.132,2.132,valid_checkpoint_order_thirds
Crop,Anchored,raw_router,crop_anchored_primary_frozen,33,71,283675,Middle,2,2.14083566565e-29,-0.06,1.94,valid_checkpoint_order_thirds
Crop,Anchored,raw_router,crop_anchored_primary_frozen,33,72,287651,Middle,2,2.09362887091e-30,0.152,2.152,valid_checkpoint_order_thirds
Crop,Anchored,raw_router,crop_anchored_primary_frozen,33,73,291645,Middle,2,3.5886307042e-18,-0.04,1.96,valid_checkpoint_order_thirds
Crop,Anchored,raw_router,crop_anchored_primary_frozen,33,74,295641,Middle,2,5.95690357504e-27,0.172,2.172,valid_checkpoint_order_thirds
Crop,Anchored,raw_router,crop_anchored_primary_frozen,33,75,299629,Middle,2,3.89807706819e-19,-0.02,1.98,valid_checkpoint_order_thirds
Crop,Anchored,raw_router,crop_anchored_primary_frozen,33,76,303626,Middle,2,1.19724306384e-25,0.192,2.192,valid_checkpoint_order_thirds
Crop,Anchored,raw_router,crop_anchored_primary_frozen,33,77,307600,Middle,2,2.81088094369e-27,0,2,valid_checkpoint_order_thirds
Crop,Anchored,raw_router,crop_anchored_primary_frozen,33,78,311597,Middle,2,5.12183523826e-25,-0.192,1.808,valid_checkpoint_order_thirds
Crop,Anchored,raw_router,crop_anchored_primary_frozen,33,79,315630,Middle,2,2.98667532211e-24,0.02,2.02,valid_checkpoint_order_thirds
Crop,Anchored,raw_router,crop_anchored_primary_frozen,33,80,319605,Middle,2,6.2703382343e-30,-0.172,1.828,valid_checkpoint_order_thirds
Crop,Anchored,raw_router,crop_anchored_primary_frozen,33,81,323619,Late,3,1.52436523951e-28,0.04,3.04,valid_checkpoint_order_thirds
Crop,Anchored,raw_router,crop_anchored_primary_frozen,33,82,327607,Late,3,3.26474426372e-30,-0.152,2.848,valid_checkpoint_order_thirds
Crop,Anchored,raw_router,crop_anchored_primary_frozen,33,83,331595,Late,3,2.16255902721e-32,0.06,3.06,valid_checkpoint_order_thirds
Crop,Anchored,raw_router,crop_anchored_primary_frozen,33,84,335592,Late,3,9.43270288573e-29,-0.132,2.868,valid_checkpoint_order_thirds
Crop,Anchored,raw_router,crop_anchored_primary_frozen,33,85,339605,Late,3,3.01036743767e-22,0.08,3.08,valid_checkpoint_order_thirds
Crop,Anchored,raw_router,crop_anchored_primary_frozen,33,86,343596,Late,3,9.27651798742e-28,-0.112,2.888,valid_checkpoint_order_thirds
Crop,Anchored,raw_router,crop_anchored_primary_frozen,33,87,347577,Late,3,8.38307000421e-27,0.1,3.1,valid_checkpoint_order_thirds
Crop,Anchored,raw_router,crop_anchored_primary_frozen,33,88,351565,Late,3,2.8928200813e-24,-0.092,2.908,valid_checkpoint_order_thirds
Crop,Anchored,raw_router,crop_anchored_primary_frozen,33,89,355551,Late,3,8.62840699391e-14,0.12,3.12,valid_checkpoint_order_thirds
Crop,Anchored,raw_router,crop_anchored_primary_frozen,33,90,359535,Late,3,1.59913193542e-09,-0.072,2.928,valid_checkpoint_order_thirds
Crop,Anchored,raw_router,crop_anchored_primary_frozen,33,91,363544,Late,3,3.82475505754e-24,0.14,3.14,valid_checkpoint_order_thirds
Crop,Anchored,raw_router,crop_anchored_primary_frozen,33,92,367525,Late,3,6.66388755911e-12,-0.052,2.948,valid_checkpoint_order_thirds
Crop,Anchored,raw_router,crop_anchored_primary_frozen,33,93,371526,Late,3,3.86407213581e-24,0.16,3.16,valid_checkpoint_order_thirds
Crop,Anchored,raw_router,crop_anchored_primary_frozen,33,94,375515,Late,3,4.8492234623e-23,-0.032,2.968,valid_checkpoint_order_thirds
Crop,Anchored,raw_router,crop_anchored_primary_frozen,33,95,379526,Late,3,1.2070135359e-28,0.18,3.18,valid_checkpoint_order_thirds
Crop,Anchored,raw_router,crop_anchored_primary_frozen,33,96,383533,Late,3,2.12632925992e-24,-0.012,2.988,valid_checkpoint_order_thirds
Crop,Anchored,raw_router,crop_anchored_primary_frozen,33,97,387541,Late,3,1.08262054373e-28,0.2,3.2,valid_checkpoint_order_thirds
Crop,Anchored,raw_router,crop_anchored_primary_frozen,33,98,391564,Late,3,5.86495349831e-27,0.008,3.008,valid_checkpoint_order_thirds
Crop,Anchored,raw_router,crop_anchored_primary_frozen,33,99,395580,Late,3,3.29259725068e-15,-0.184,2.816,valid_checkpoint_order_thirds
Crop,Anchored,raw_router,crop_anchored_primary_frozen,33,100,399610,Late,3,3.84731165345e-28,0.028,3.028,valid_checkpoint_order_thirds
Crop,Anchored,raw_router,crop_anchored_primary_frozen,33,101,403607,Late,3,5.5265363409e-20,-0.164,2.836,valid_checkpoint_order_thirds
Crop,Anchored,raw_router,crop_anchored_primary_frozen,33,102,407582,Late,3,8.450288549e-30,0.048,3.048,valid_checkpoint_order_thirds
Crop,Anchored,raw_router,crop_anchored_primary_frozen,33,103,411570,Late,3,1.25117719449e-18,-0.144,2.856,valid_checkpoint_order_thirds
Crop,Anchored,raw_router,crop_anchored_primary_frozen,33,104,415559,Late,3,1.91416724387e-25,0.068,3.068,valid_checkpoint_order_thirds
Crop,Anchored,raw_router,crop_anchored_primary_frozen,33,105,419536,Late,3,1.05595089813e-25,-0.124,2.876,valid_checkpoint_order_thirds
Crop,Anchored,raw_router,crop_anchored_primary_frozen,33,106,423526,Late,3,1.92143140164e-33,0.088,3.088,valid_checkpoint_order_thirds
Crop,Anchored,raw_router,crop_anchored_primary_frozen,33,107,427537,Late,3,2.19843904198e-27,-0.104,2.896,valid_checkpoint_order_thirds
Crop,Anchored,raw_router,crop_anchored_primary_frozen,33,108,431544,Late,3,1.47968927177e-26,0.108,3.108,valid_checkpoint_order_thirds
Crop,Anchored,raw_router,crop_anchored_primary_frozen,33,109,435530,Late,3,1.36209777704e-27,-0.084,2.916,valid_checkpoint_order_thirds
Crop,Anchored,raw_router,crop_anchored_primary_frozen,33,110,439543,Late,3,3.49466162659e-28,0.128,3.128,valid_checkpoint_order_thirds
Crop,Anchored,raw_router,crop_anchored_primary_frozen,33,111,443507,Late,3,1.11147344275e-21,-0.064,2.936,valid_checkpoint_order_thirds
Crop,Anchored,raw_router,crop_anchored_primary_frozen,33,112,447513,Late,3,1.0832944479e-27,0.148,3.148,valid_checkpoint_order_thirds
Crop,Anchored,raw_router,crop_anchored_primary_frozen,33,113,451528,Late,3,8.75409391025e-29,-0.044,2.956,valid_checkpoint_order_thirds
Crop,Anchored,raw_router,crop_anchored_primary_frozen,33,114,455544,Late,3,4.65033295876e-27,0.168,3.168,valid_checkpoint_order_thirds
Crop,Anchored,raw_router,crop_anchored_primary_frozen,33,115,459513,Late,3,6.74296850171e-30,-0.024,2.976,valid_checkpoint_order_thirds
Crop,Anchored,raw_router,crop_anchored_primary_frozen,33,116,463494,Late,3,3.32016708011e-31,0.188,3.188,valid_checkpoint_order_thirds
Crop,Anchored,raw_router,crop_anchored_primary_frozen,33,117,467513,Late,3,3.80640359972e-30,-0.004,2.996,valid_checkpoint_order_thirds
Crop,Anchored,raw_router,crop_anchored_primary_frozen,33,118,471515,Late,3,3.11609075068e-26,-0.196,2.804,valid_checkpoint_order_thirds
Crop,Anchored,raw_router,crop_anchored_primary_frozen,33,119,475502,Late,3,3.4844553691e-26,0.016,3.016,valid_checkpoint_order_thirds
Crop,Anchored,raw_router,crop_anchored_primary_frozen,33,120,479473,Late,3,4.76244942106e-26,-0.176,2.824,valid_checkpoint_order_thirds
Crop,Anchored,raw_router,crop_anchored_primary_frozen,44,1,4012,Early,1,0.0687716091373,0.06,1.06,valid_checkpoint_order_thirds
Crop,Anchored,raw_router,crop_anchored_primary_frozen,44,2,8028,Early,1,5.19707573886e-10,-0.132,0.868,valid_checkpoint_order_thirds
Crop,Anchored,raw_router,crop_anchored_primary_frozen,44,3,11998,Early,1,4.6363662672e-22,0.08,1.08,valid_checkpoint_order_thirds
Crop,Anchored,raw_router,crop_anchored_primary_frozen,44,4,15982,Early,1,4.38587643983e-38,-0.112,0.888,valid_checkpoint_order_thirds
Crop,Anchored,raw_router,crop_anchored_primary_frozen,44,5,19983,Early,1,3.52438324756e-44,0.1,1.1,valid_checkpoint_order_thirds
Crop,Anchored,raw_router,crop_anchored_primary_frozen,44,6,23944,Early,1,3.52438324756e-44,-0.092,0.908,valid_checkpoint_order_thirds
Crop,Anchored,raw_router,crop_anchored_primary_frozen,44,7,27939,Early,1,-0,0.12,1.12,valid_checkpoint_order_thirds
Crop,Anchored,raw_router,crop_anchored_primary_frozen,44,8,31967,Early,1,1.86792312121e-42,-0.072,0.928,valid_checkpoint_order_thirds
Crop,Anchored,raw_router,crop_anchored_primary_frozen,44,9,35975,Early,1,5.64888146919e-40,0.14,1.14,valid_checkpoint_order_thirds
Crop,Anchored,raw_router,crop_anchored_primary_frozen,44,10,39952,Early,1,2.55165347123e-41,-0.052,0.948,valid_checkpoint_order_thirds
Crop,Anchored,raw_router,crop_anchored_primary_frozen,44,11,43950,Early,1,-0,0.16,1.16,valid_checkpoint_order_thirds
Crop,Anchored,raw_router,crop_anchored_primary_frozen,44,12,47974,Early,1,1.71285025832e-41,-0.032,0.968,valid_checkpoint_order_thirds
Crop,Anchored,raw_router,crop_anchored_primary_frozen,44,13,51945,Early,1,-0,0.18,1.18,valid_checkpoint_order_thirds
Crop,Anchored,raw_router,crop_anchored_primary_frozen,44,14,55919,Early,1,-0,-0.012,0.988,valid_checkpoint_order_thirds
Crop,Anchored,raw_router,crop_anchored_primary_frozen,44,15,59890,Early,1,-0,0.2,1.2,valid_checkpoint_order_thirds
Crop,Anchored,raw_router,crop_anchored_primary_frozen,44,16,63877,Early,1,-0,0.008,1.008,valid_checkpoint_order_thirds
Crop,Anchored,raw_router,crop_anchored_primary_frozen,44,17,67884,Early,1,-0,-0.184,0.816,valid_checkpoint_order_thirds
Crop,Anchored,raw_router,crop_anchored_primary_frozen,44,18,71918,Early,1,-0,0.028,1.028,valid_checkpoint_order_thirds
Crop,Anchored,raw_router,crop_anchored_primary_frozen,44,19,75918,Early,1,-0,-0.164,0.836,valid_checkpoint_order_thirds
Crop,Anchored,raw_router,crop_anchored_primary_frozen,44,20,79900,Early,1,-0,0.048,1.048,valid_checkpoint_order_thirds
Crop,Anchored,raw_router,crop_anchored_primary_frozen,44,21,83916,Early,1,-0,-0.144,0.856,valid_checkpoint_order_thirds
Crop,Anchored,raw_router,crop_anchored_primary_frozen,44,22,87905,Early,1,-0,0.068,1.068,valid_checkpoint_order_thirds
Crop,Anchored,raw_router,crop_anchored_primary_frozen,44,23,91904,Early,1,7.04876649512e-44,-0.124,0.876,valid_checkpoint_order_thirds
Crop,Anchored,raw_router,crop_anchored_primary_frozen,44,24,95888,Early,1,-0,0.088,1.088,valid_checkpoint_order_thirds
Crop,Anchored,raw_router,crop_anchored_primary_frozen,44,25,99896,Early,1,-0,-0.104,0.896,valid_checkpoint_order_thirds
Crop,Anchored,raw_router,crop_anchored_primary_frozen,44,26,103911,Early,1,-0,0.108,1.108,valid_checkpoint_order_thirds
Crop,Anchored,raw_router,crop_anchored_primary_frozen,44,27,107811,Early,1,-0,-0.084,0.916,valid_checkpoint_order_thirds
Crop,Anchored,raw_router,crop_anchored_primary_frozen,44,28,111810,Early,1,-0,0.128,1.128,valid_checkpoint_order_thirds
Crop,Anchored,raw_router,crop_anchored_primary_frozen,44,29,115849,Early,1,-0,-0.064,0.936,valid_checkpoint_order_thirds
Crop,Anchored,raw_router,crop_anchored_primary_frozen,44,30,119884,Early,1,-0,0.148,1.148,valid_checkpoint_order_thirds
Crop,Anchored,raw_router,crop_anchored_primary_frozen,44,31,123866,Early,1,-0,-0.044,0.956,valid_checkpoint_order_thirds
Crop,Anchored,raw_router,crop_anchored_primary_frozen,44,32,127859,Early,1,-0,0.168,1.168,valid_checkpoint_order_thirds
Crop,Anchored,raw_router,crop_anchored_primary_frozen,44,33,131875,Early,1,-0,-0.024,0.976,valid_checkpoint_order_thirds
Crop,Anchored,raw_router,crop_anchored_primary_frozen,44,34,135864,Early,1,-0,0.188,1.188,valid_checkpoint_order_thirds
Crop,Anchored,raw_router,crop_anchored_primary_frozen,44,35,139749,Early,1,-0,-0.004,0.996,valid_checkpoint_order_thirds
Crop,Anchored,raw_router,crop_anchored_primary_frozen,44,36,143761,Early,1,-0,-0.196,0.804,valid_checkpoint_order_thirds
Crop,Anchored,raw_router,crop_anchored_primary_frozen,44,37,147784,Early,1,-0,0.016,1.016,valid_checkpoint_order_thirds
Crop,Anchored,raw_router,crop_anchored_primary_frozen,44,38,151801,Early,1,-0,-0.176,0.824,valid_checkpoint_order_thirds
Crop,Anchored,raw_router,crop_anchored_primary_frozen,44,39,155788,Early,1,-0,0.036,1.036,valid_checkpoint_order_thirds
Crop,Anchored,raw_router,crop_anchored_primary_frozen,44,40,159784,Early,1,-0,-0.156,0.844,valid_checkpoint_order_thirds
Crop,Anchored,raw_router,crop_anchored_primary_frozen,44,41,163782,Middle,2,4.40160223788e-40,0.056,2.056,valid_checkpoint_order_thirds
Crop,Anchored,raw_router,crop_anchored_primary_frozen,44,42,167754,Middle,2,-0,-0.136,1.864,valid_checkpoint_order_thirds
Crop,Anchored,raw_router,crop_anchored_primary_frozen,44,43,171766,Middle,2,-0,0.076,2.076,valid_checkpoint_order_thirds
Crop,Anchored,raw_router,crop_anchored_primary_frozen,44,44,175750,Middle,2,-0,-0.116,1.884,valid_checkpoint_order_thirds
Crop,Anchored,raw_router,crop_anchored_primary_frozen,44,45,179733,Middle,2,4.42896371917e-22,0.096,2.096,valid_checkpoint_order_thirds
Crop,Anchored,raw_router,crop_anchored_primary_frozen,44,46,183756,Middle,2,-0,-0.096,1.904,valid_checkpoint_order_thirds
Crop,Anchored,raw_router,crop_anchored_primary_frozen,44,47,187759,Middle,2,3.82646301529e-24,0.116,2.116,valid_checkpoint_order_thirds
Crop,Anchored,raw_router,crop_anchored_primary_frozen,44,48,191769,Middle,2,-0,-0.076,1.924,valid_checkpoint_order_thirds
Crop,Anchored,raw_router,crop_anchored_primary_frozen,44,49,195769,Middle,2,-0,0.136,2.136,valid_checkpoint_order_thirds
Crop,Anchored,raw_router,crop_anchored_primary_frozen,44,50,199762,Middle,2,-0,-0.056,1.944,valid_checkpoint_order_thirds
Crop,Anchored,raw_router,crop_anchored_primary_frozen,44,51,203776,Middle,2,2.98028144465e-34,0.156,2.156,valid_checkpoint_order_thirds
Crop,Anchored,raw_router,crop_anchored_primary_frozen,44,52,207817,Middle,2,5.82863663123e-15,-0.036,1.964,valid_checkpoint_order_thirds
Crop,Anchored,raw_router,crop_anchored_primary_frozen,44,53,211807,Middle,2,-0,0.176,2.176,valid_checkpoint_order_thirds
Crop,Anchored,raw_router,crop_anchored_primary_frozen,44,54,215838,Middle,2,-0,-0.016,1.984,valid_checkpoint_order_thirds
Crop,Anchored,raw_router,crop_anchored_primary_frozen,44,55,219788,Middle,2,-0,0.196,2.196,valid_checkpoint_order_thirds
Crop,Anchored,raw_router,crop_anchored_primary_frozen,44,56,223815,Middle,2,-0,0.004,2.004,valid_checkpoint_order_thirds
Crop,Anchored,raw_router,crop_anchored_primary_frozen,44,57,227812,Middle,2,-0,-0.188,1.812,valid_checkpoint_order_thirds
Crop,Anchored,raw_router,crop_anchored_primary_frozen,44,58,231789,Middle,2,7.04876649512e-44,0.024,2.024,valid_checkpoint_order_thirds
Crop,Anchored,raw_router,crop_anchored_primary_frozen,44,59,235769,Middle,2,2.00587471605e-18,-0.168,1.832,valid_checkpoint_order_thirds
Crop,Anchored,raw_router,crop_anchored_primary_frozen,44,60,239761,Middle,2,-0,0.044,2.044,valid_checkpoint_order_thirds
Crop,Anchored,raw_router,crop_anchored_primary_frozen,44,61,243779,Middle,2,-0,-0.148,1.852,valid_checkpoint_order_thirds
Crop,Anchored,raw_router,crop_anchored_primary_frozen,44,62,247777,Middle,2,-0,0.064,2.064,valid_checkpoint_order_thirds
Crop,Anchored,raw_router,crop_anchored_primary_frozen,44,63,251764,Middle,2,-0,-0.128,1.872,valid_checkpoint_order_thirds
Crop,Anchored,raw_router,crop_anchored_primary_frozen,44,64,255741,Middle,2,-0,0.084,2.084,valid_checkpoint_order_thirds
Crop,Anchored,raw_router,crop_anchored_primary_frozen,44,65,259764,Middle,2,-0,-0.108,1.892,valid_checkpoint_order_thirds
Crop,Anchored,raw_router,crop_anchored_primary_frozen,44,66,263780,Middle,2,-0,0.104,2.104,valid_checkpoint_order_thirds
Crop,Anchored,raw_router,crop_anchored_primary_frozen,44,67,267769,Middle,2,-0,-0.088,1.912,valid_checkpoint_order_thirds
Crop,Anchored,raw_router,crop_anchored_primary_frozen,44,68,271740,Middle,2,-0,0.124,2.124,valid_checkpoint_order_thirds
Crop,Anchored,raw_router,crop_anchored_primary_frozen,44,69,275750,Middle,2,-0,-0.068,1.932,valid_checkpoint_order_thirds
Crop,Anchored,raw_router,crop_anchored_primary_frozen,44,70,279679,Middle,2,-0,0.144,2.144,valid_checkpoint_order_thirds
Crop,Anchored,raw_router,crop_anchored_primary_frozen,44,71,283675,Middle,2,-0,-0.048,1.952,valid_checkpoint_order_thirds
Crop,Anchored,raw_router,crop_anchored_primary_frozen,44,72,287651,Middle,2,-0,0.164,2.164,valid_checkpoint_order_thirds
Crop,Anchored,raw_router,crop_anchored_primary_frozen,44,73,291645,Middle,2,-0,-0.028,1.972,valid_checkpoint_order_thirds
Crop,Anchored,raw_router,crop_anchored_primary_frozen,44,74,295641,Middle,2,-0,0.184,2.184,valid_checkpoint_order_thirds
Crop,Anchored,raw_router,crop_anchored_primary_frozen,44,75,299629,Middle,2,1.0162841045e-38,-0.008,1.992,valid_checkpoint_order_thirds
Crop,Anchored,raw_router,crop_anchored_primary_frozen,44,76,303626,Middle,2,-0,-0.2,1.8,valid_checkpoint_order_thirds
Crop,Anchored,raw_router,crop_anchored_primary_frozen,44,77,307600,Middle,2,-0,0.012,2.012,valid_checkpoint_order_thirds
Crop,Anchored,raw_router,crop_anchored_primary_frozen,44,78,311597,Middle,2,-0,-0.18,1.82,valid_checkpoint_order_thirds
Crop,Anchored,raw_router,crop_anchored_primary_frozen,44,79,315630,Middle,2,2.46706827329e-43,0.032,2.032,valid_checkpoint_order_thirds
Crop,Anchored,raw_router,crop_anchored_primary_frozen,44,80,319605,Middle,2,6.69632817037e-43,-0.16,1.84,valid_checkpoint_order_thirds
Crop,Anchored,raw_router,crop_anchored_primary_frozen,44,81,323619,Late,3,-0,0.052,3.052,valid_checkpoint_order_thirds
Crop,Anchored,raw_router,crop_anchored_primary_frozen,44,82,327607,Late,3,-0,-0.14,2.86,valid_checkpoint_order_thirds
Crop,Anchored,raw_router,crop_anchored_primary_frozen,44,83,331595,Late,3,3.52438324756e-44,0.072,3.072,valid_checkpoint_order_thirds
Crop,Anchored,raw_router,crop_anchored_primary_frozen,44,84,335592,Late,3,4.58169822183e-43,-0.12,2.88,valid_checkpoint_order_thirds
Crop,Anchored,raw_router,crop_anchored_primary_frozen,44,85,339605,Late,3,-0,0.092,3.092,valid_checkpoint_order_thirds
Crop,Anchored,raw_router,crop_anchored_primary_frozen,44,86,343596,Late,3,7.30176787093e-38,-0.1,2.9,valid_checkpoint_order_thirds
Crop,Anchored,raw_router,crop_anchored_primary_frozen,44,87,347577,Late,3,6.44832938498e-16,0.112,3.112,valid_checkpoint_order_thirds
Crop,Anchored,raw_router,crop_anchored_primary_frozen,44,88,351565,Late,3,4.66719279824e-24,-0.08,2.92,valid_checkpoint_order_thirds
Crop,Anchored,raw_router,crop_anchored_primary_frozen,44,89,355551,Late,3,-0,0.132,3.132,valid_checkpoint_order_thirds
Crop,Anchored,raw_router,crop_anchored_primary_frozen,44,90,359535,Late,3,-0,-0.06,2.94,valid_checkpoint_order_thirds
Crop,Anchored,raw_router,crop_anchored_primary_frozen,44,91,363544,Late,3,5.67378200163e-35,0.152,3.152,valid_checkpoint_order_thirds
Crop,Anchored,raw_router,crop_anchored_primary_frozen,44,92,367525,Late,3,4.03645583299e-36,-0.04,2.96,valid_checkpoint_order_thirds
Crop,Anchored,raw_router,crop_anchored_primary_frozen,44,93,371526,Late,3,0.129167728984,0.172,3.172,valid_checkpoint_order_thirds
Crop,Anchored,raw_router,crop_anchored_primary_frozen,44,94,375515,Late,3,4.72278702996e-21,-0.02,2.98,valid_checkpoint_order_thirds
Crop,Anchored,raw_router,crop_anchored_primary_frozen,44,95,379526,Late,3,3.82495149182e-28,0.192,3.192,valid_checkpoint_order_thirds
Crop,Anchored,raw_router,crop_anchored_primary_frozen,44,96,383533,Late,3,1.43973092555e-10,0,3,valid_checkpoint_order_thirds
Crop,Anchored,raw_router,crop_anchored_primary_frozen,44,97,387541,Late,3,5.11307109062e-17,-0.192,2.808,valid_checkpoint_order_thirds
Crop,Anchored,raw_router,crop_anchored_primary_frozen,44,98,391564,Late,3,1.53176161026e-29,0.02,3.02,valid_checkpoint_order_thirds
Crop,Anchored,raw_router,crop_anchored_primary_frozen,44,99,395580,Late,3,1.94136628134e-20,-0.172,2.828,valid_checkpoint_order_thirds
Crop,Anchored,raw_router,crop_anchored_primary_frozen,44,100,399610,Late,3,4.45976543348e-33,0.04,3.04,valid_checkpoint_order_thirds
Crop,Anchored,raw_router,crop_anchored_primary_frozen,44,101,403607,Late,3,6.08128390629e-33,-0.152,2.848,valid_checkpoint_order_thirds
Crop,Anchored,raw_router,crop_anchored_primary_frozen,44,102,407582,Late,3,7.39783747187e-34,0.06,3.06,valid_checkpoint_order_thirds
Crop,Anchored,raw_router,crop_anchored_primary_frozen,44,103,411570,Late,3,1.28261630876e-28,-0.132,2.868,valid_checkpoint_order_thirds
Crop,Anchored,raw_router,crop_anchored_primary_frozen,44,104,415559,Late,3,2.44930421603e-32,0.08,3.08,valid_checkpoint_order_thirds
Crop,Anchored,raw_router,crop_anchored_primary_frozen,44,105,419536,Late,3,1.07206697113e-35,-0.112,2.888,valid_checkpoint_order_thirds
Crop,Anchored,raw_router,crop_anchored_primary_frozen,44,106,423526,Late,3,3.18251807255e-41,0.1,3.1,valid_checkpoint_order_thirds
Crop,Anchored,raw_router,crop_anchored_primary_frozen,44,107,427537,Late,3,2.51102485213e-32,-0.092,2.908,valid_checkpoint_order_thirds
Crop,Anchored,raw_router,crop_anchored_primary_frozen,44,108,431544,Late,3,4.67672616733e-38,0.12,3.12,valid_checkpoint_order_thirds
Crop,Anchored,raw_router,crop_anchored_primary_frozen,44,109,435530,Late,3,7.70077739592e-40,-0.072,2.928,valid_checkpoint_order_thirds
Crop,Anchored,raw_router,crop_anchored_primary_frozen,44,110,439543,Late,3,1.21309271381e-40,0.14,3.14,valid_checkpoint_order_thirds
Crop,Anchored,raw_router,crop_anchored_primary_frozen,44,111,443507,Late,3,6.47957860064e-38,-0.052,2.948,valid_checkpoint_order_thirds
Crop,Anchored,raw_router,crop_anchored_primary_frozen,44,112,447513,Late,3,1.90468235953e-34,0.16,3.16,valid_checkpoint_order_thirds
Crop,Anchored,raw_router,crop_anchored_primary_frozen,44,113,451528,Late,3,3.47574675875e-40,-0.032,2.968,valid_checkpoint_order_thirds
Crop,Anchored,raw_router,crop_anchored_primary_frozen,44,114,455544,Late,3,5.26895295511e-41,0.18,3.18,valid_checkpoint_order_thirds
Crop,Anchored,raw_router,crop_anchored_primary_frozen,44,115,459513,Late,3,7.93250993649e-35,-0.012,2.988,valid_checkpoint_order_thirds
Crop,Anchored,raw_router,crop_anchored_primary_frozen,44,116,463494,Late,3,9.26313648957e-40,0.2,3.2,valid_checkpoint_order_thirds
Crop,Anchored,raw_router,crop_anchored_primary_frozen,44,117,467513,Late,3,-0,0.008,3.008,valid_checkpoint_order_thirds
Crop,Anchored,raw_router,crop_anchored_primary_frozen,44,118,471515,Late,3,4.65218588678e-42,-0.184,2.816,valid_checkpoint_order_thirds
Crop,Anchored,raw_router,crop_anchored_primary_frozen,44,119,475502,Late,3,3.62011294006e-32,0.028,3.028,valid_checkpoint_order_thirds
Crop,Anchored,raw_router,crop_anchored_primary_frozen,44,120,479473,Late,3,3.5992150673e-37,-0.164,2.836,valid_checkpoint_order_thirds
Crop,Anchored,raw_router,crop_anchored_primary_frozen,55,1,4012,Early,1,0.000789664457975,0.072,1.072,valid_checkpoint_order_thirds
Crop,Anchored,raw_router,crop_anchored_primary_frozen,55,2,8028,Early,1,7.36885247738e-15,-0.12,0.88,valid_checkpoint_order_thirds
Crop,Anchored,raw_router,crop_anchored_primary_frozen,55,3,11998,Early,1,2.85416020802e-31,0.092,1.092,valid_checkpoint_order_thirds
Crop,Anchored,raw_router,crop_anchored_primary_frozen,55,4,15982,Early,1,-0,-0.1,0.9,valid_checkpoint_order_thirds
Crop,Anchored,raw_router,crop_anchored_primary_frozen,55,5,19983,Early,1,-0,0.112,1.112,valid_checkpoint_order_thirds
Crop,Anchored,raw_router,crop_anchored_primary_frozen,55,6,23944,Early,1,-0,-0.08,0.92,valid_checkpoint_order_thirds
Crop,Anchored,raw_router,crop_anchored_primary_frozen,55,7,27939,Early,1,-0,0.132,1.132,valid_checkpoint_order_thirds
Crop,Anchored,raw_router,crop_anchored_primary_frozen,55,8,31967,Early,1,-0,-0.06,0.94,valid_checkpoint_order_thirds
Crop,Anchored,raw_router,crop_anchored_primary_frozen,55,9,35975,Early,1,-0,0.152,1.152,valid_checkpoint_order_thirds
Crop,Anchored,raw_router,crop_anchored_primary_frozen,55,10,39952,Early,1,-0,-0.04,0.96,valid_checkpoint_order_thirds
Crop,Anchored,raw_router,crop_anchored_primary_frozen,55,11,43950,Early,1,-0,0.172,1.172,valid_checkpoint_order_thirds
Crop,Anchored,raw_router,crop_anchored_primary_frozen,55,12,47974,Early,1,-0,-0.02,0.98,valid_checkpoint_order_thirds
Crop,Anchored,raw_router,crop_anchored_primary_frozen,55,13,51945,Early,1,-0,0.192,1.192,valid_checkpoint_order_thirds
Crop,Anchored,raw_router,crop_anchored_primary_frozen,55,14,55919,Early,1,-0,0,1,valid_checkpoint_order_thirds
Crop,Anchored,raw_router,crop_anchored_primary_frozen,55,15,59890,Early,1,-0,-0.192,0.808,valid_checkpoint_order_thirds
Crop,Anchored,raw_router,crop_anchored_primary_frozen,55,16,63877,Early,1,-0,0.02,1.02,valid_checkpoint_order_thirds
Crop,Anchored,raw_router,crop_anchored_primary_frozen,55,17,67884,Early,1,-0,-0.172,0.828,valid_checkpoint_order_thirds
Crop,Anchored,raw_router,crop_anchored_primary_frozen,55,18,71918,Early,1,-0,0.04,1.04,valid_checkpoint_order_thirds
Crop,Anchored,raw_router,crop_anchored_primary_frozen,55,19,75918,Early,1,-0,-0.152,0.848,valid_checkpoint_order_thirds
Crop,Anchored,raw_router,crop_anchored_primary_frozen,55,20,79900,Early,1,-0,0.06,1.06,valid_checkpoint_order_thirds
Crop,Anchored,raw_router,crop_anchored_primary_frozen,55,21,83916,Early,1,-0,-0.132,0.868,valid_checkpoint_order_thirds
Crop,Anchored,raw_router,crop_anchored_primary_frozen,55,22,87905,Early,1,-0,0.08,1.08,valid_checkpoint_order_thirds
Crop,Anchored,raw_router,crop_anchored_primary_frozen,55,23,91904,Early,1,-0,-0.112,0.888,valid_checkpoint_order_thirds
Crop,Anchored,raw_router,crop_anchored_primary_frozen,55,24,95888,Early,1,-0,0.1,1.1,valid_checkpoint_order_thirds
Crop,Anchored,raw_router,crop_anchored_primary_frozen,55,25,99896,Early,1,-0,-0.092,0.908,valid_checkpoint_order_thirds
Crop,Anchored,raw_router,crop_anchored_primary_frozen,55,26,103911,Early,1,-0,0.12,1.12,valid_checkpoint_order_thirds
Crop,Anchored,raw_router,crop_anchored_primary_frozen,55,27,107811,Early,1,-0,-0.072,0.928,valid_checkpoint_order_thirds
Crop,Anchored,raw_router,crop_anchored_primary_frozen,55,28,111810,Early,1,-0,0.14,1.14,valid_checkpoint_order_thirds
Crop,Anchored,raw_router,crop_anchored_primary_frozen,55,29,115849,Early,1,-0,-0.052,0.948,valid_checkpoint_order_thirds
Crop,Anchored,raw_router,crop_anchored_primary_frozen,55,30,119884,Early,1,-0,0.16,1.16,valid_checkpoint_order_thirds
Crop,Anchored,raw_router,crop_anchored_primary_frozen,55,31,123866,Early,1,-0,-0.032,0.968,valid_checkpoint_order_thirds
Crop,Anchored,raw_router,crop_anchored_primary_frozen,55,32,127859,Early,1,-0,0.18,1.18,valid_checkpoint_order_thirds
Crop,Anchored,raw_router,crop_anchored_primary_frozen,55,33,131875,Early,1,-0,-0.012,0.988,valid_checkpoint_order_thirds
Crop,Anchored,raw_router,crop_anchored_primary_frozen,55,34,135864,Early,1,-0,0.2,1.2,valid_checkpoint_order_thirds
Crop,Anchored,raw_router,crop_anchored_primary_frozen,55,35,139749,Early,1,-0,0.008,1.008,valid_checkpoint_order_thirds
Crop,Anchored,raw_router,crop_anchored_primary_frozen,55,36,143761,Early,1,-0,-0.184,0.816,valid_checkpoint_order_thirds
Crop,Anchored,raw_router,crop_anchored_primary_frozen,55,37,147784,Early,1,-0,0.028,1.028,valid_checkpoint_order_thirds
Crop,Anchored,raw_router,crop_anchored_primary_frozen,55,38,151801,Early,1,-0,-0.164,0.836,valid_checkpoint_order_thirds
Crop,Anchored,raw_router,crop_anchored_primary_frozen,55,39,155788,Early,1,-0,0.048,1.048,valid_checkpoint_order_thirds
Crop,Anchored,raw_router,crop_anchored_primary_frozen,55,40,159784,Early,1,7.97820909153e-37,-0.144,0.856,valid_checkpoint_order_thirds
Crop,Anchored,raw_router,crop_anchored_primary_frozen,55,41,163782,Middle,2,-0,0.068,2.068,valid_checkpoint_order_thirds
Crop,Anchored,raw_router,crop_anchored_primary_frozen,55,42,167754,Middle,2,-0,-0.124,1.876,valid_checkpoint_order_thirds
Crop,Anchored,raw_router,crop_anchored_primary_frozen,55,43,171766,Middle,2,-0,0.088,2.088,valid_checkpoint_order_thirds
Crop,Anchored,raw_router,crop_anchored_primary_frozen,55,44,175750,Middle,2,-0,-0.104,1.896,valid_checkpoint_order_thirds
Crop,Anchored,raw_router,crop_anchored_primary_frozen,55,45,179733,Middle,2,-0,0.108,2.108,valid_checkpoint_order_thirds
Crop,Anchored,raw_router,crop_anchored_primary_frozen,55,46,183756,Middle,2,-0,-0.084,1.916,valid_checkpoint_order_thirds
Crop,Anchored,raw_router,crop_anchored_primary_frozen,55,47,187759,Middle,2,-0,0.128,2.128,valid_checkpoint_order_thirds
Crop,Anchored,raw_router,crop_anchored_primary_frozen,55,48,191769,Middle,2,-0,-0.064,1.936,valid_checkpoint_order_thirds
Crop,Anchored,raw_router,crop_anchored_primary_frozen,55,49,195769,Middle,2,-0,0.148,2.148,valid_checkpoint_order_thirds
Crop,Anchored,raw_router,crop_anchored_primary_frozen,55,50,199762,Middle,2,-0,-0.044,1.956,valid_checkpoint_order_thirds
Crop,Anchored,raw_router,crop_anchored_primary_frozen,55,51,203776,Middle,2,-0,0.168,2.168,valid_checkpoint_order_thirds
Crop,Anchored,raw_router,crop_anchored_primary_frozen,55,52,207817,Middle,2,-0,-0.024,1.976,valid_checkpoint_order_thirds
Crop,Anchored,raw_router,crop_anchored_primary_frozen,55,53,211807,Middle,2,-0,0.188,2.188,valid_checkpoint_order_thirds
Crop,Anchored,raw_router,crop_anchored_primary_frozen,55,54,215838,Middle,2,-0,-0.004,1.996,valid_checkpoint_order_thirds
Crop,Anchored,raw_router,crop_anchored_primary_frozen,55,55,219788,Middle,2,-0,-0.196,1.804,valid_checkpoint_order_thirds
Crop,Anchored,raw_router,crop_anchored_primary_frozen,55,56,223815,Middle,2,-0,0.016,2.016,valid_checkpoint_order_thirds
Crop,Anchored,raw_router,crop_anchored_primary_frozen,55,57,227812,Middle,2,-0,-0.176,1.824,valid_checkpoint_order_thirds
Crop,Anchored,raw_router,crop_anchored_primary_frozen,55,58,231789,Middle,2,-0,0.036,2.036,valid_checkpoint_order_thirds
Crop,Anchored,raw_router,crop_anchored_primary_frozen,55,59,235769,Middle,2,-0,-0.156,1.844,valid_checkpoint_order_thirds
Crop,Anchored,raw_router,crop_anchored_primary_frozen,55,60,239761,Middle,2,-0,0.056,2.056,valid_checkpoint_order_thirds
Crop,Anchored,raw_router,crop_anchored_primary_frozen,55,61,243779,Middle,2,-0,-0.136,1.864,valid_checkpoint_order_thirds
Crop,Anchored,raw_router,crop_anchored_primary_frozen,55,62,247777,Middle,2,-0,0.076,2.076,valid_checkpoint_order_thirds
Crop,Anchored,raw_router,crop_anchored_primary_frozen,55,63,251764,Middle,2,-0,-0.116,1.884,valid_checkpoint_order_thirds
Crop,Anchored,raw_router,crop_anchored_primary_frozen,55,64,255741,Middle,2,-0,0.096,2.096,valid_checkpoint_order_thirds
Crop,Anchored,raw_router,crop_anchored_primary_frozen,55,65,259764,Middle,2,-0,-0.096,1.904,valid_checkpoint_order_thirds
Crop,Anchored,raw_router,crop_anchored_primary_frozen,55,66,263780,Middle,2,-0,0.116,2.116,valid_checkpoint_order_thirds
Crop,Anchored,raw_router,crop_anchored_primary_frozen,55,67,267769,Middle,2,-0,-0.076,1.924,valid_checkpoint_order_thirds
Crop,Anchored,raw_router,crop_anchored_primary_frozen,55,68,271740,Middle,2,-0,0.136,2.136,valid_checkpoint_order_thirds
Crop,Anchored,raw_router,crop_anchored_primary_frozen,55,69,275750,Middle,2,-0,-0.056,1.944,valid_checkpoint_order_thirds
Crop,Anchored,raw_router,crop_anchored_primary_frozen,55,70,279679,Middle,2,-0,0.156,2.156,valid_checkpoint_order_thirds
Crop,Anchored,raw_router,crop_anchored_primary_frozen,55,71,283675,Middle,2,-0,-0.036,1.964,valid_checkpoint_order_thirds
Crop,Anchored,raw_router,crop_anchored_primary_frozen,55,72,287651,Middle,2,-0,0.176,2.176,valid_checkpoint_order_thirds
Crop,Anchored,raw_router,crop_anchored_primary_frozen,55,73,291645,Middle,2,-0,-0.016,1.984,valid_checkpoint_order_thirds
Crop,Anchored,raw_router,crop_anchored_primary_frozen,55,74,295641,Middle,2,-0,0.196,2.196,valid_checkpoint_order_thirds
Crop,Anchored,raw_router,crop_anchored_primary_frozen,55,75,299629,Middle,2,-0,0.004,2.004,valid_checkpoint_order_thirds
Crop,Anchored,raw_router,crop_anchored_primary_frozen,55,76,303626,Middle,2,-0,-0.188,1.812,valid_checkpoint_order_thirds
Crop,Anchored,raw_router,crop_anchored_primary_frozen,55,77,307600,Middle,2,-0,0.024,2.024,valid_checkpoint_order_thirds
Crop,Anchored,raw_router,crop_anchored_primary_frozen,55,78,311597,Middle,2,-0,-0.168,1.832,valid_checkpoint_order_thirds
Crop,Anchored,raw_router,crop_anchored_primary_frozen,55,79,315630,Middle,2,-0,0.044,2.044,valid_checkpoint_order_thirds
Crop,Anchored,raw_router,crop_anchored_primary_frozen,55,80,319605,Middle,2,-0,-0.148,1.852,valid_checkpoint_order_thirds
Crop,Anchored,raw_router,crop_anchored_primary_frozen,55,81,323619,Late,3,-0,0.064,3.064,valid_checkpoint_order_thirds
Crop,Anchored,raw_router,crop_anchored_primary_frozen,55,82,327607,Late,3,-0,-0.128,2.872,valid_checkpoint_order_thirds
Crop,Anchored,raw_router,crop_anchored_primary_frozen,55,83,331595,Late,3,-0,0.084,3.084,valid_checkpoint_order_thirds
Crop,Anchored,raw_router,crop_anchored_primary_frozen,55,84,335592,Late,3,-0,-0.108,2.892,valid_checkpoint_order_thirds
Crop,Anchored,raw_router,crop_anchored_primary_frozen,55,85,339605,Late,3,-0,0.104,3.104,valid_checkpoint_order_thirds
Crop,Anchored,raw_router,crop_anchored_primary_frozen,55,86,343596,Late,3,-0,-0.088,2.912,valid_checkpoint_order_thirds
Crop,Anchored,raw_router,crop_anchored_primary_frozen,55,87,347577,Late,3,2.7911330573e-36,0.124,3.124,valid_checkpoint_order_thirds
Crop,Anchored,raw_router,crop_anchored_primary_frozen,55,88,351565,Late,3,-0,-0.068,2.932,valid_checkpoint_order_thirds
Crop,Anchored,raw_router,crop_anchored_primary_frozen,55,89,355551,Late,3,-0,0.144,3.144,valid_checkpoint_order_thirds
Crop,Anchored,raw_router,crop_anchored_primary_frozen,55,90,359535,Late,3,1.05731497427e-43,-0.048,2.952,valid_checkpoint_order_thirds
Crop,Anchored,raw_router,crop_anchored_primary_frozen,55,91,363544,Late,3,-0,0.164,3.164,valid_checkpoint_order_thirds
Crop,Anchored,raw_router,crop_anchored_primary_frozen,55,92,367525,Late,3,-0,-0.028,2.972,valid_checkpoint_order_thirds
Crop,Anchored,raw_router,crop_anchored_primary_frozen,55,93,371526,Late,3,-0,0.184,3.184,valid_checkpoint_order_thirds
Crop,Anchored,raw_router,crop_anchored_primary_frozen,55,94,375515,Late,3,-0,-0.008,2.992,valid_checkpoint_order_thirds
Crop,Anchored,raw_router,crop_anchored_primary_frozen,55,95,379526,Late,3,-0,-0.2,2.8,valid_checkpoint_order_thirds
Crop,Anchored,raw_router,crop_anchored_primary_frozen,55,96,383533,Late,3,1.30638774087e-28,0.012,3.012,valid_checkpoint_order_thirds
Crop,Anchored,raw_router,crop_anchored_primary_frozen,55,97,387541,Late,3,-0,-0.18,2.82,valid_checkpoint_order_thirds
Crop,Anchored,raw_router,crop_anchored_primary_frozen,55,98,391564,Late,3,-0,0.032,3.032,valid_checkpoint_order_thirds
Crop,Anchored,raw_router,crop_anchored_primary_frozen,55,99,395580,Late,3,-0,-0.16,2.84,valid_checkpoint_order_thirds
Crop,Anchored,raw_router,crop_anchored_primary_frozen,55,100,399610,Late,3,2.96778022078e-37,0.052,3.052,valid_checkpoint_order_thirds
Crop,Anchored,raw_router,crop_anchored_primary_frozen,55,101,403607,Late,3,-0,-0.14,2.86,valid_checkpoint_order_thirds
Crop,Anchored,raw_router,crop_anchored_primary_frozen,55,102,407582,Late,3,-0,0.072,3.072,valid_checkpoint_order_thirds
Crop,Anchored,raw_router,crop_anchored_primary_frozen,55,103,411570,Late,3,-0,-0.12,2.88,valid_checkpoint_order_thirds
Crop,Anchored,raw_router,crop_anchored_primary_frozen,55,104,415559,Late,3,1.98528508335e-40,0.092,3.092,valid_checkpoint_order_thirds
Crop,Anchored,raw_router,crop_anchored_primary_frozen,55,105,419536,Late,3,-0,-0.1,2.9,valid_checkpoint_order_thirds
Crop,Anchored,raw_router,crop_anchored_primary_frozen,55,106,423526,Late,3,-0,0.112,3.112,valid_checkpoint_order_thirds
Crop,Anchored,raw_router,crop_anchored_primary_frozen,55,107,427537,Late,3,-0,-0.08,2.92,valid_checkpoint_order_thirds
Crop,Anchored,raw_router,crop_anchored_primary_frozen,55,108,431544,Late,3,-0,0.132,3.132,valid_checkpoint_order_thirds
Crop,Anchored,raw_router,crop_anchored_primary_frozen,55,109,435530,Late,3,-0,-0.06,2.94,valid_checkpoint_order_thirds
Crop,Anchored,raw_router,crop_anchored_primary_frozen,55,110,439543,Late,3,-0,0.152,3.152,valid_checkpoint_order_thirds
Crop,Anchored,raw_router,crop_anchored_primary_frozen,55,111,443507,Late,3,-0,-0.04,2.96,valid_checkpoint_order_thirds
Crop,Anchored,raw_router,crop_anchored_primary_frozen,55,112,447513,Late,3,1.76219162378e-43,0.172,3.172,valid_checkpoint_order_thirds
Crop,Anchored,raw_router,crop_anchored_primary_frozen,55,113,451528,Late,3,2.9034003205e-25,-0.02,2.98,valid_checkpoint_order_thirds
Crop,Anchored,raw_router,crop_anchored_primary_frozen,55,114,455544,Late,3,-0,0.192,3.192,valid_checkpoint_order_thirds
Crop,Anchored,raw_router,crop_anchored_primary_frozen,55,115,459513,Late,3,-0,0,3,valid_checkpoint_order_thirds
Crop,Anchored,raw_router,crop_anchored_primary_frozen,55,116,463494,Late,3,-0,-0.192,2.808,valid_checkpoint_order_thirds
Crop,Anchored,raw_router,crop_anchored_primary_frozen,55,117,467513,Late,3,-0,0.02,3.02,valid_checkpoint_order_thirds
Crop,Anchored,raw_router,crop_anchored_primary_frozen,55,118,471515,Late,3,-0,-0.172,2.828,valid_checkpoint_order_thirds
Crop,Anchored,raw_router,crop_anchored_primary_frozen,55,119,475502,Late,3,-0,0.04,3.04,valid_checkpoint_order_thirds
Crop,Anchored,raw_router,crop_anchored_primary_frozen,55,120,479473,Late,3,-0,-0.152,2.848,valid_checkpoint_order_thirds
HalfCheetah,AMAF,effective_gate,halfcheetah_primary_frozen,11,1,10000,Early,1,1,0.024,1.024,valid_checkpoint_order_thirds
HalfCheetah,AMAF,effective_gate,halfcheetah_primary_frozen,11,2,20000,Early,1,1,-0.168,0.832,valid_checkpoint_order_thirds
HalfCheetah,AMAF,effective_gate,halfcheetah_primary_frozen,11,3,30000,Early,1,0.127663449708,0.044,1.044,valid_checkpoint_order_thirds
HalfCheetah,AMAF,effective_gate,halfcheetah_primary_frozen,11,4,40000,Early,1,0.000659422722756,-0.148,0.852,valid_checkpoint_order_thirds
HalfCheetah,AMAF,effective_gate,halfcheetah_primary_frozen,11,5,50000,Early,1,0.137813834988,0.064,1.064,valid_checkpoint_order_thirds
HalfCheetah,AMAF,effective_gate,halfcheetah_primary_frozen,11,6,60000,Early,1,0.529760046739,-0.128,0.872,valid_checkpoint_order_thirds
HalfCheetah,AMAF,effective_gate,halfcheetah_primary_frozen,11,7,70000,Early,1,0.907063873673,0.084,1.084,valid_checkpoint_order_thirds
HalfCheetah,AMAF,effective_gate,halfcheetah_primary_frozen,11,8,80000,Early,1,0.490389494451,-0.108,0.892,valid_checkpoint_order_thirds
HalfCheetah,AMAF,effective_gate,halfcheetah_primary_frozen,11,9,90000,Early,1,0.102022604448,0.104,1.104,valid_checkpoint_order_thirds
HalfCheetah,AMAF,effective_gate,halfcheetah_primary_frozen,11,10,100000,Early,1,0.412298830192,-0.088,0.912,valid_checkpoint_order_thirds
HalfCheetah,AMAF,effective_gate,halfcheetah_primary_frozen,11,11,110000,Early,1,0.436232529717,0.124,1.124,valid_checkpoint_order_thirds
HalfCheetah,AMAF,effective_gate,halfcheetah_primary_frozen,11,12,120000,Early,1,0.765215956365,-0.068,0.932,valid_checkpoint_order_thirds
HalfCheetah,AMAF,effective_gate,halfcheetah_primary_frozen,11,13,130000,Early,1,0.34973622275,0.144,1.144,valid_checkpoint_order_thirds
HalfCheetah,AMAF,effective_gate,halfcheetah_primary_frozen,11,14,140000,Early,1,0.520892026437,-0.048,0.952,valid_checkpoint_order_thirds
HalfCheetah,AMAF,effective_gate,halfcheetah_primary_frozen,11,15,150000,Early,1,0.566467905886,0.164,1.164,valid_checkpoint_order_thirds
HalfCheetah,AMAF,effective_gate,halfcheetah_primary_frozen,11,16,160000,Early,1,0.523401193905,-0.028,0.972,valid_checkpoint_order_thirds
HalfCheetah,AMAF,effective_gate,halfcheetah_primary_frozen,11,17,170000,Early,1,0.494707050046,0.184,1.184,valid_checkpoint_order_thirds
HalfCheetah,AMAF,effective_gate,halfcheetah_primary_frozen,11,18,180000,Early,1,0.477725072202,-0.008,0.992,valid_checkpoint_order_thirds
HalfCheetah,AMAF,effective_gate,halfcheetah_primary_frozen,11,19,190000,Early,1,0.115228103791,-0.2,0.8,valid_checkpoint_order_thirds
HalfCheetah,AMAF,effective_gate,halfcheetah_primary_frozen,11,20,200000,Early,1,0.0143250582541,0.012,1.012,valid_checkpoint_order_thirds
HalfCheetah,AMAF,effective_gate,halfcheetah_primary_frozen,11,21,210000,Early,1,0.484981176599,-0.18,0.82,valid_checkpoint_order_thirds
HalfCheetah,AMAF,effective_gate,halfcheetah_primary_frozen,11,22,220000,Early,1,0.478149333445,0.032,1.032,valid_checkpoint_order_thirds
HalfCheetah,AMAF,effective_gate,halfcheetah_primary_frozen,11,23,230000,Early,1,0.0188208845742,-0.16,0.84,valid_checkpoint_order_thirds
HalfCheetah,AMAF,effective_gate,halfcheetah_primary_frozen,11,24,240000,Early,1,0.00325843356667,0.052,1.052,valid_checkpoint_order_thirds
HalfCheetah,AMAF,effective_gate,halfcheetah_primary_frozen,11,25,250000,Early,1,0.0249354472936,-0.14,0.86,valid_checkpoint_order_thirds
HalfCheetah,AMAF,effective_gate,halfcheetah_primary_frozen,11,26,260000,Early,1,0.402422656516,0.072,1.072,valid_checkpoint_order_thirds
HalfCheetah,AMAF,effective_gate,halfcheetah_primary_frozen,11,27,270000,Early,1,0.60037604509,-0.12,0.88,valid_checkpoint_order_thirds
HalfCheetah,AMAF,effective_gate,halfcheetah_primary_frozen,11,28,280000,Early,1,3.73536482184e-05,0.092,1.092,valid_checkpoint_order_thirds
HalfCheetah,AMAF,effective_gate,halfcheetah_primary_frozen,11,29,290000,Early,1,0.00349631002654,-0.1,0.9,valid_checkpoint_order_thirds
HalfCheetah,AMAF,effective_gate,halfcheetah_primary_frozen,11,30,300000,Early,1,0.292526294763,0.112,1.112,valid_checkpoint_order_thirds
HalfCheetah,AMAF,effective_gate,halfcheetah_primary_frozen,11,31,310000,Early,1,0.203529617613,-0.08,0.92,valid_checkpoint_order_thirds
HalfCheetah,AMAF,effective_gate,halfcheetah_primary_frozen,11,32,320000,Early,1,0.0166587556872,0.132,1.132,valid_checkpoint_order_thirds
HalfCheetah,AMAF,effective_gate,halfcheetah_primary_frozen,11,33,330000,Early,1,0.479511419721,-0.06,0.94,valid_checkpoint_order_thirds
HalfCheetah,AMAF,effective_gate,halfcheetah_primary_frozen,11,34,340000,Early,1,0.0015931646112,0.152,1.152,valid_checkpoint_order_thirds
HalfCheetah,AMAF,effective_gate,halfcheetah_primary_frozen,11,35,350000,Early,1,0.130724246551,-0.04,0.96,valid_checkpoint_order_thirds
HalfCheetah,AMAF,effective_gate,halfcheetah_primary_frozen,11,36,360000,Early,1,0.513210908091,0.172,1.172,valid_checkpoint_order_thirds
HalfCheetah,AMAF,effective_gate,halfcheetah_primary_frozen,11,37,370000,Early,1,0.155865203272,-0.02,0.98,valid_checkpoint_order_thirds
HalfCheetah,AMAF,effective_gate,halfcheetah_primary_frozen,11,38,380000,Early,1,0.0627720115042,0.192,1.192,valid_checkpoint_order_thirds
HalfCheetah,AMAF,effective_gate,halfcheetah_primary_frozen,11,39,390000,Early,1,0.340628841696,0,1,valid_checkpoint_order_thirds
HalfCheetah,AMAF,effective_gate,halfcheetah_primary_frozen,11,40,400000,Early,1,0.607346517172,-0.192,0.808,valid_checkpoint_order_thirds
HalfCheetah,AMAF,effective_gate,halfcheetah_primary_frozen,11,41,410000,Early,1,0.716731267405,0.02,1.02,valid_checkpoint_order_thirds
HalfCheetah,AMAF,effective_gate,halfcheetah_primary_frozen,11,42,420000,Early,1,0.00401638676257,-0.172,0.828,valid_checkpoint_order_thirds
HalfCheetah,AMAF,effective_gate,halfcheetah_primary_frozen,11,43,430000,Early,1,0.0346853349347,0.04,1.04,valid_checkpoint_order_thirds
HalfCheetah,AMAF,effective_gate,halfcheetah_primary_frozen,11,44,440000,Early,1,0.228536574623,-0.152,0.848,valid_checkpoint_order_thirds
HalfCheetah,AMAF,effective_gate,halfcheetah_primary_frozen,11,45,450000,Early,1,0.00814337282126,0.06,1.06,valid_checkpoint_order_thirds
HalfCheetah,AMAF,effective_gate,halfcheetah_primary_frozen,11,46,460000,Early,1,0.0265688518071,-0.132,0.868,valid_checkpoint_order_thirds
HalfCheetah,AMAF,effective_gate,halfcheetah_primary_frozen,11,47,470000,Early,1,0.0803709196374,0.08,1.08,valid_checkpoint_order_thirds
HalfCheetah,AMAF,effective_gate,halfcheetah_primary_frozen,11,48,480000,Early,1,7.34907345055e-05,-0.112,0.888,valid_checkpoint_order_thirds
HalfCheetah,AMAF,effective_gate,halfcheetah_primary_frozen,11,49,490000,Early,1,0.000131648045777,0.1,1.1,valid_checkpoint_order_thirds
HalfCheetah,AMAF,effective_gate,halfcheetah_primary_frozen,11,50,500000,Middle,2,0.593688898721,-0.092,1.908,valid_checkpoint_order_thirds
HalfCheetah,AMAF,effective_gate,halfcheetah_primary_frozen,11,51,510000,Middle,2,0.612961554009,0.12,2.12,valid_checkpoint_order_thirds
HalfCheetah,AMAF,effective_gate,halfcheetah_primary_frozen,11,52,520000,Middle,2,0.117961342686,-0.072,1.928,valid_checkpoint_order_thirds
HalfCheetah,AMAF,effective_gate,halfcheetah_primary_frozen,11,53,530000,Middle,2,0.0529687474073,0.14,2.14,valid_checkpoint_order_thirds
HalfCheetah,AMAF,effective_gate,halfcheetah_primary_frozen,11,54,540000,Middle,2,0.0607179414575,-0.052,1.948,valid_checkpoint_order_thirds
HalfCheetah,AMAF,effective_gate,halfcheetah_primary_frozen,11,55,550000,Middle,2,0.328296331731,0.16,2.16,valid_checkpoint_order_thirds
HalfCheetah,AMAF,effective_gate,halfcheetah_primary_frozen,11,56,560000,Middle,2,0.127047084788,-0.032,1.968,valid_checkpoint_order_thirds
HalfCheetah,AMAF,effective_gate,halfcheetah_primary_frozen,11,57,570000,Middle,2,0.453971900588,0.18,2.18,valid_checkpoint_order_thirds
HalfCheetah,AMAF,effective_gate,halfcheetah_primary_frozen,11,58,580000,Middle,2,0.637619752849,-0.012,1.988,valid_checkpoint_order_thirds
HalfCheetah,AMAF,effective_gate,halfcheetah_primary_frozen,11,59,590000,Middle,2,0.472063712224,0.2,2.2,valid_checkpoint_order_thirds
HalfCheetah,AMAF,effective_gate,halfcheetah_primary_frozen,11,60,600000,Middle,2,0.10083181191,0.008,2.008,valid_checkpoint_order_thirds
HalfCheetah,AMAF,effective_gate,halfcheetah_primary_frozen,11,61,610000,Middle,2,0.796493312171,-0.184,1.816,valid_checkpoint_order_thirds
HalfCheetah,AMAF,effective_gate,halfcheetah_primary_frozen,11,62,620000,Middle,2,0.772802128862,0.028,2.028,valid_checkpoint_order_thirds
HalfCheetah,AMAF,effective_gate,halfcheetah_primary_frozen,11,63,630000,Middle,2,0.0367427323653,-0.164,1.836,valid_checkpoint_order_thirds
HalfCheetah,AMAF,effective_gate,halfcheetah_primary_frozen,11,64,640000,Middle,2,0.0529348967229,0.048,2.048,valid_checkpoint_order_thirds
HalfCheetah,AMAF,effective_gate,halfcheetah_primary_frozen,11,65,660000,Middle,2,0.0922424914631,-0.144,1.856,valid_checkpoint_order_thirds
HalfCheetah,AMAF,effective_gate,halfcheetah_primary_frozen,11,66,670000,Middle,2,0.585754243722,0.068,2.068,valid_checkpoint_order_thirds
HalfCheetah,AMAF,effective_gate,halfcheetah_primary_frozen,11,67,680000,Middle,2,9.42575918414e-06,-0.124,1.876,valid_checkpoint_order_thirds
HalfCheetah,AMAF,effective_gate,halfcheetah_primary_frozen,11,68,690000,Middle,2,0.000759574664949,0.088,2.088,valid_checkpoint_order_thirds
HalfCheetah,AMAF,effective_gate,halfcheetah_primary_frozen,11,69,700000,Middle,2,0.422421255657,-0.104,1.896,valid_checkpoint_order_thirds
HalfCheetah,AMAF,effective_gate,halfcheetah_primary_frozen,11,70,710000,Middle,2,0.015710223096,0.108,2.108,valid_checkpoint_order_thirds
HalfCheetah,AMAF,effective_gate,halfcheetah_primary_frozen,11,71,720000,Middle,2,0.100461790737,-0.084,1.916,valid_checkpoint_order_thirds
HalfCheetah,AMAF,effective_gate,halfcheetah_primary_frozen,11,72,730000,Middle,2,0.477679074823,0.128,2.128,valid_checkpoint_order_thirds
HalfCheetah,AMAF,effective_gate,halfcheetah_primary_frozen,11,73,740000,Middle,2,0.0194904600752,-0.064,1.936,valid_checkpoint_order_thirds
HalfCheetah,AMAF,effective_gate,halfcheetah_primary_frozen,11,74,750000,Middle,2,0.000955252871596,0.148,2.148,valid_checkpoint_order_thirds
HalfCheetah,AMAF,effective_gate,halfcheetah_primary_frozen,11,75,760000,Middle,2,0.586714417326,-0.044,1.956,valid_checkpoint_order_thirds
HalfCheetah,AMAF,effective_gate,halfcheetah_primary_frozen,11,76,770000,Middle,2,0.111122446882,0.168,2.168,valid_checkpoint_order_thirds
HalfCheetah,AMAF,effective_gate,halfcheetah_primary_frozen,11,77,780000,Middle,2,0.000241546378586,-0.024,1.976,valid_checkpoint_order_thirds
HalfCheetah,AMAF,effective_gate,halfcheetah_primary_frozen,11,78,790000,Middle,2,0.425369763333,0.188,2.188,valid_checkpoint_order_thirds
HalfCheetah,AMAF,effective_gate,halfcheetah_primary_frozen,11,79,800000,Middle,2,0.195958703632,-0.004,1.996,valid_checkpoint_order_thirds
HalfCheetah,AMAF,effective_gate,halfcheetah_primary_frozen,11,80,810000,Middle,2,0.682664762441,-0.196,1.804,valid_checkpoint_order_thirds
HalfCheetah,AMAF,effective_gate,halfcheetah_primary_frozen,11,81,820000,Middle,2,6.72131372798e-05,0.016,2.016,valid_checkpoint_order_thirds
HalfCheetah,AMAF,effective_gate,halfcheetah_primary_frozen,11,82,830000,Middle,2,0.100317303923,-0.176,1.824,valid_checkpoint_order_thirds
HalfCheetah,AMAF,effective_gate,halfcheetah_primary_frozen,11,83,840000,Middle,2,0.277052822494,0.036,2.036,valid_checkpoint_order_thirds
HalfCheetah,AMAF,effective_gate,halfcheetah_primary_frozen,11,84,850000,Middle,2,0.0665328532647,-0.156,1.844,valid_checkpoint_order_thirds
HalfCheetah,AMAF,effective_gate,halfcheetah_primary_frozen,11,85,860000,Middle,2,0.0120132497975,0.056,2.056,valid_checkpoint_order_thirds
HalfCheetah,AMAF,effective_gate,halfcheetah_primary_frozen,11,86,870000,Middle,2,3.13562212373e-05,-0.136,1.864,valid_checkpoint_order_thirds
HalfCheetah,AMAF,effective_gate,halfcheetah_primary_frozen,11,87,880000,Middle,2,0.44193660345,0.076,2.076,valid_checkpoint_order_thirds
HalfCheetah,AMAF,effective_gate,halfcheetah_primary_frozen,11,88,890000,Middle,2,0.156104722785,-0.116,1.884,valid_checkpoint_order_thirds
HalfCheetah,AMAF,effective_gate,halfcheetah_primary_frozen,11,89,900000,Middle,2,0.165852638416,0.096,2.096,valid_checkpoint_order_thirds
HalfCheetah,AMAF,effective_gate,halfcheetah_primary_frozen,11,90,910000,Middle,2,0.625162767026,-0.096,1.904,valid_checkpoint_order_thirds
HalfCheetah,AMAF,effective_gate,halfcheetah_primary_frozen,11,91,920000,Middle,2,0.152468056077,0.116,2.116,valid_checkpoint_order_thirds
HalfCheetah,AMAF,effective_gate,halfcheetah_primary_frozen,11,92,930000,Middle,2,0.344467738881,-0.076,1.924,valid_checkpoint_order_thirds
HalfCheetah,AMAF,effective_gate,halfcheetah_primary_frozen,11,93,940000,Middle,2,0.472782192589,0.136,2.136,valid_checkpoint_order_thirds
HalfCheetah,AMAF,effective_gate,halfcheetah_primary_frozen,11,94,950000,Middle,2,0.197951903624,-0.056,1.944,valid_checkpoint_order_thirds
HalfCheetah,AMAF,effective_gate,halfcheetah_primary_frozen,11,95,960000,Middle,2,2.64450000761e-08,0.156,2.156,valid_checkpoint_order_thirds
HalfCheetah,AMAF,effective_gate,halfcheetah_primary_frozen,11,96,970000,Middle,2,0.171522081531,-0.036,1.964,valid_checkpoint_order_thirds
HalfCheetah,AMAF,effective_gate,halfcheetah_primary_frozen,11,97,980000,Middle,2,0.355601385419,0.176,2.176,valid_checkpoint_order_thirds
HalfCheetah,AMAF,effective_gate,halfcheetah_primary_frozen,11,98,990000,Middle,2,0.165157863564,-0.016,1.984,valid_checkpoint_order_thirds
HalfCheetah,AMAF,effective_gate,halfcheetah_primary_frozen,11,99,1000000,Late,3,0.00374746787009,0.196,3.196,valid_checkpoint_order_thirds
HalfCheetah,AMAF,effective_gate,halfcheetah_primary_frozen,11,100,1010000,Late,3,0.00172702280046,0.004,3.004,valid_checkpoint_order_thirds
HalfCheetah,AMAF,effective_gate,halfcheetah_primary_frozen,11,101,1020000,Late,3,1.24261264563e-07,-0.188,2.812,valid_checkpoint_order_thirds
HalfCheetah,AMAF,effective_gate,halfcheetah_primary_frozen,11,102,1030000,Late,3,0.105759098381,0.024,3.024,valid_checkpoint_order_thirds
HalfCheetah,AMAF,effective_gate,halfcheetah_primary_frozen,11,103,1040000,Late,3,0.030502170033,-0.168,2.832,valid_checkpoint_order_thirds
HalfCheetah,AMAF,effective_gate,halfcheetah_primary_frozen,11,104,1050000,Late,3,0.0558398776092,0.044,3.044,valid_checkpoint_order_thirds
HalfCheetah,AMAF,effective_gate,halfcheetah_primary_frozen,11,105,1060000,Late,3,0.00405448635411,-0.148,2.852,valid_checkpoint_order_thirds
HalfCheetah,AMAF,effective_gate,halfcheetah_primary_frozen,11,106,1070000,Late,3,0.175971244372,0.064,3.064,valid_checkpoint_order_thirds
HalfCheetah,AMAF,effective_gate,halfcheetah_primary_frozen,11,107,1080000,Late,3,0.129612761646,-0.128,2.872,valid_checkpoint_order_thirds
HalfCheetah,AMAF,effective_gate,halfcheetah_primary_frozen,11,108,1090000,Late,3,0.10308751956,0.084,3.084,valid_checkpoint_order_thirds
HalfCheetah,AMAF,effective_gate,halfcheetah_primary_frozen,11,109,1100000,Late,3,0.00113518990768,-0.108,2.892,valid_checkpoint_order_thirds
HalfCheetah,AMAF,effective_gate,halfcheetah_primary_frozen,11,110,1120000,Late,3,0.00311301590399,0.104,3.104,valid_checkpoint_order_thirds
HalfCheetah,AMAF,effective_gate,halfcheetah_primary_frozen,11,111,1130000,Late,3,0.00313784861238,-0.088,2.912,valid_checkpoint_order_thirds
HalfCheetah,AMAF,effective_gate,halfcheetah_primary_frozen,11,112,1140000,Late,3,3.2596211857e-05,0.124,3.124,valid_checkpoint_order_thirds
HalfCheetah,AMAF,effective_gate,halfcheetah_primary_frozen,11,113,1150000,Late,3,0.403757842322,-0.068,2.932,valid_checkpoint_order_thirds
HalfCheetah,AMAF,effective_gate,halfcheetah_primary_frozen,11,114,1160000,Late,3,0.0106155389971,0.144,3.144,valid_checkpoint_order_thirds
HalfCheetah,AMAF,effective_gate,halfcheetah_primary_frozen,11,115,1170000,Late,3,0.0171455495633,-0.048,2.952,valid_checkpoint_order_thirds
HalfCheetah,AMAF,effective_gate,halfcheetah_primary_frozen,11,116,1180000,Late,3,0.00566359881518,0.164,3.164,valid_checkpoint_order_thirds
HalfCheetah,AMAF,effective_gate,halfcheetah_primary_frozen,11,117,1190000,Late,3,1.84493249546e-05,-0.028,2.972,valid_checkpoint_order_thirds
HalfCheetah,AMAF,effective_gate,halfcheetah_primary_frozen,11,118,1200000,Late,3,0.0368607206431,0.184,3.184,valid_checkpoint_order_thirds
HalfCheetah,AMAF,effective_gate,halfcheetah_primary_frozen,11,119,1210000,Late,3,0.000100831516546,-0.008,2.992,valid_checkpoint_order_thirds
HalfCheetah,AMAF,effective_gate,halfcheetah_primary_frozen,11,120,1220000,Late,3,0.570931560903,-0.2,2.8,valid_checkpoint_order_thirds
HalfCheetah,AMAF,effective_gate,halfcheetah_primary_frozen,11,121,1230000,Late,3,0.274472341942,0.012,3.012,valid_checkpoint_order_thirds
HalfCheetah,AMAF,effective_gate,halfcheetah_primary_frozen,11,122,1240000,Late,3,0.102730393135,-0.18,2.82,valid_checkpoint_order_thirds
HalfCheetah,AMAF,effective_gate,halfcheetah_primary_frozen,11,123,1250000,Late,3,0.0385896125729,0.032,3.032,valid_checkpoint_order_thirds
HalfCheetah,AMAF,effective_gate,halfcheetah_primary_frozen,11,124,1260000,Late,3,0.167833719819,-0.16,2.84,valid_checkpoint_order_thirds
HalfCheetah,AMAF,effective_gate,halfcheetah_primary_frozen,11,125,1270000,Late,3,1.16856285964e-08,0.052,3.052,valid_checkpoint_order_thirds
HalfCheetah,AMAF,effective_gate,halfcheetah_primary_frozen,11,126,1280000,Late,3,0.36917546207,-0.14,2.86,valid_checkpoint_order_thirds
HalfCheetah,AMAF,effective_gate,halfcheetah_primary_frozen,11,127,1290000,Late,3,1.39848007563e-12,0.072,3.072,valid_checkpoint_order_thirds
HalfCheetah,AMAF,effective_gate,halfcheetah_primary_frozen,11,128,1300000,Late,3,0.00111544043614,-0.12,2.88,valid_checkpoint_order_thirds
HalfCheetah,AMAF,effective_gate,halfcheetah_primary_frozen,11,129,1310000,Late,3,0.000321416685284,0.092,3.092,valid_checkpoint_order_thirds
HalfCheetah,AMAF,effective_gate,halfcheetah_primary_frozen,11,130,1320000,Late,3,0.555334285543,-0.1,2.9,valid_checkpoint_order_thirds
HalfCheetah,AMAF,effective_gate,halfcheetah_primary_frozen,11,131,1330000,Late,3,0.00239556846231,0.112,3.112,valid_checkpoint_order_thirds
HalfCheetah,AMAF,effective_gate,halfcheetah_primary_frozen,11,132,1340000,Late,3,0.323507978988,-0.08,2.92,valid_checkpoint_order_thirds
HalfCheetah,AMAF,effective_gate,halfcheetah_primary_frozen,11,133,1350000,Late,3,0.000619648450451,0.132,3.132,valid_checkpoint_order_thirds
HalfCheetah,AMAF,effective_gate,halfcheetah_primary_frozen,11,134,1360000,Late,3,0.02909693328,-0.06,2.94,valid_checkpoint_order_thirds
HalfCheetah,AMAF,effective_gate,halfcheetah_primary_frozen,11,135,1370000,Late,3,0.000404593563633,0.152,3.152,valid_checkpoint_order_thirds
HalfCheetah,AMAF,effective_gate,halfcheetah_primary_frozen,11,136,1380000,Late,3,0.0536093653811,-0.04,2.96,valid_checkpoint_order_thirds
HalfCheetah,AMAF,effective_gate,halfcheetah_primary_frozen,11,137,1390000,Late,3,0.480513165073,0.172,3.172,valid_checkpoint_order_thirds
HalfCheetah,AMAF,effective_gate,halfcheetah_primary_frozen,11,138,1400000,Late,3,1.27042465813e-06,-0.02,2.98,valid_checkpoint_order_thirds
HalfCheetah,AMAF,effective_gate,halfcheetah_primary_frozen,11,139,1410000,Late,3,1.59839441114e-05,0.192,3.192,valid_checkpoint_order_thirds
HalfCheetah,AMAF,effective_gate,halfcheetah_primary_frozen,11,140,1430000,Late,3,0.317850965829,0,3,valid_checkpoint_order_thirds
HalfCheetah,AMAF,effective_gate,halfcheetah_primary_frozen,11,141,1440000,Late,3,1.91327748083e-13,-0.192,2.808,valid_checkpoint_order_thirds
HalfCheetah,AMAF,effective_gate,halfcheetah_primary_frozen,11,142,1450000,Late,3,0.000877595074154,0.02,3.02,valid_checkpoint_order_thirds
HalfCheetah,AMAF,effective_gate,halfcheetah_primary_frozen,11,143,1460000,Late,3,0.499919110538,-0.172,2.828,valid_checkpoint_order_thirds
HalfCheetah,AMAF,effective_gate,halfcheetah_primary_frozen,11,144,1470000,Late,3,4.32975639227e-10,0.04,3.04,valid_checkpoint_order_thirds
HalfCheetah,AMAF,effective_gate,halfcheetah_primary_frozen,11,145,1480000,Late,3,2.3709359184e-05,-0.152,2.848,valid_checkpoint_order_thirds
HalfCheetah,AMAF,effective_gate,halfcheetah_primary_frozen,11,146,1490000,Late,3,0.470004246594,0.06,3.06,valid_checkpoint_order_thirds
HalfCheetah,AMAF,effective_gate,halfcheetah_primary_frozen,11,147,1500000,Late,3,0.376294610569,-0.132,2.868,valid_checkpoint_order_thirds
HalfCheetah,AMAF,effective_gate,halfcheetah_primary_frozen,22,1,10000,Early,1,1,0.036,1.036,valid_checkpoint_order_thirds
HalfCheetah,AMAF,effective_gate,halfcheetah_primary_frozen,22,2,20000,Early,1,1,-0.156,0.844,valid_checkpoint_order_thirds
HalfCheetah,AMAF,effective_gate,halfcheetah_primary_frozen,22,3,30000,Early,1,0.871047963403,0.056,1.056,valid_checkpoint_order_thirds
HalfCheetah,AMAF,effective_gate,halfcheetah_primary_frozen,22,4,40000,Early,1,0.312234006782,-0.136,0.864,valid_checkpoint_order_thirds
HalfCheetah,AMAF,effective_gate,halfcheetah_primary_frozen,22,5,50000,Early,1,0.000358946640295,0.076,1.076,valid_checkpoint_order_thirds
HalfCheetah,AMAF,effective_gate,halfcheetah_primary_frozen,22,6,60000,Early,1,0.00270043534174,-0.116,0.884,valid_checkpoint_order_thirds
HalfCheetah,AMAF,effective_gate,halfcheetah_primary_frozen,22,7,70000,Early,1,0.0444290620388,0.096,1.096,valid_checkpoint_order_thirds
HalfCheetah,AMAF,effective_gate,halfcheetah_primary_frozen,22,8,80000,Early,1,0.150179327428,-0.096,0.904,valid_checkpoint_order_thirds
HalfCheetah,AMAF,effective_gate,halfcheetah_primary_frozen,22,9,90000,Early,1,0.208350514384,0.116,1.116,valid_checkpoint_order_thirds
HalfCheetah,AMAF,effective_gate,halfcheetah_primary_frozen,22,10,100000,Early,1,0.127192696652,-0.076,0.924,valid_checkpoint_order_thirds
HalfCheetah,AMAF,effective_gate,halfcheetah_primary_frozen,22,11,110000,Early,1,0.499405843488,0.136,1.136,valid_checkpoint_order_thirds
HalfCheetah,AMAF,effective_gate,halfcheetah_primary_frozen,22,12,120000,Early,1,0.0692658207302,-0.056,0.944,valid_checkpoint_order_thirds
HalfCheetah,AMAF,effective_gate,halfcheetah_primary_frozen,22,13,130000,Early,1,0.00963287684641,0.156,1.156,valid_checkpoint_order_thirds
HalfCheetah,AMAF,effective_gate,halfcheetah_primary_frozen,22,14,140000,Early,1,0.166603843452,-0.036,0.964,valid_checkpoint_order_thirds
HalfCheetah,AMAF,effective_gate,halfcheetah_primary_frozen,22,15,150000,Early,1,0.131368674646,0.176,1.176,valid_checkpoint_order_thirds
HalfCheetah,AMAF,effective_gate,halfcheetah_primary_frozen,22,16,160000,Early,1,0.41735095934,-0.016,0.984,valid_checkpoint_order_thirds
HalfCheetah,AMAF,effective_gate,halfcheetah_primary_frozen,22,17,170000,Early,1,0.262846847159,0.196,1.196,valid_checkpoint_order_thirds
HalfCheetah,AMAF,effective_gate,halfcheetah_primary_frozen,22,18,180000,Early,1,0.562255316796,0.004,1.004,valid_checkpoint_order_thirds
HalfCheetah,AMAF,effective_gate,halfcheetah_primary_frozen,22,19,190000,Early,1,0.154510173241,-0.188,0.812,valid_checkpoint_order_thirds
HalfCheetah,AMAF,effective_gate,halfcheetah_primary_frozen,22,20,200000,Early,1,0.418312475646,0.024,1.024,valid_checkpoint_order_thirds
HalfCheetah,AMAF,effective_gate,halfcheetah_primary_frozen,22,21,210000,Early,1,0.0643618738538,-0.168,0.832,valid_checkpoint_order_thirds
HalfCheetah,AMAF,effective_gate,halfcheetah_primary_frozen,22,22,220000,Early,1,0.0113894872335,0.044,1.044,valid_checkpoint_order_thirds
HalfCheetah,AMAF,effective_gate,halfcheetah_primary_frozen,22,23,230000,Early,1,0.0507759234182,-0.148,0.852,valid_checkpoint_order_thirds
HalfCheetah,AMAF,effective_gate,halfcheetah_primary_frozen,22,24,240000,Early,1,0.070951759042,0.064,1.064,valid_checkpoint_order_thirds
HalfCheetah,AMAF,effective_gate,halfcheetah_primary_frozen,22,25,250000,Early,1,0.320377694406,-0.128,0.872,valid_checkpoint_order_thirds
HalfCheetah,AMAF,effective_gate,halfcheetah_primary_frozen,22,26,260000,Early,1,0.00456239501347,0.084,1.084,valid_checkpoint_order_thirds
HalfCheetah,AMAF,effective_gate,halfcheetah_primary_frozen,22,27,270000,Early,1,0.00693335531839,-0.108,0.892,valid_checkpoint_order_thirds
HalfCheetah,AMAF,effective_gate,halfcheetah_primary_frozen,22,28,280000,Early,1,0.121686534063,0.104,1.104,valid_checkpoint_order_thirds
HalfCheetah,AMAF,effective_gate,halfcheetah_primary_frozen,22,29,290000,Early,1,0.472351933225,-0.088,0.912,valid_checkpoint_order_thirds
HalfCheetah,AMAF,effective_gate,halfcheetah_primary_frozen,22,30,300000,Early,1,0.192552212378,0.124,1.124,valid_checkpoint_order_thirds
HalfCheetah,AMAF,effective_gate,halfcheetah_primary_frozen,22,31,310000,Early,1,0.0577876758622,-0.068,0.932,valid_checkpoint_order_thirds
HalfCheetah,AMAF,effective_gate,halfcheetah_primary_frozen,22,32,320000,Early,1,0.271006075692,0.144,1.144,valid_checkpoint_order_thirds
HalfCheetah,AMAF,effective_gate,halfcheetah_primary_frozen,22,33,330000,Early,1,0.0344559804397,-0.048,0.952,valid_checkpoint_order_thirds
HalfCheetah,AMAF,effective_gate,halfcheetah_primary_frozen,22,34,340000,Early,1,0.00578984578555,0.164,1.164,valid_checkpoint_order_thirds
HalfCheetah,AMAF,effective_gate,halfcheetah_primary_frozen,22,35,350000,Early,1,0.402071383452,-0.028,0.972,valid_checkpoint_order_thirds
HalfCheetah,AMAF,effective_gate,halfcheetah_primary_frozen,22,36,360000,Early,1,0.0682929427614,0.184,1.184,valid_checkpoint_order_thirds
HalfCheetah,AMAF,effective_gate,halfcheetah_primary_frozen,22,37,370000,Early,1,0.0470752214811,-0.008,0.992,valid_checkpoint_order_thirds
HalfCheetah,AMAF,effective_gate,halfcheetah_primary_frozen,22,38,380000,Early,1,0.00275183586438,-0.2,0.8,valid_checkpoint_order_thirds
HalfCheetah,AMAF,effective_gate,halfcheetah_primary_frozen,22,39,390000,Early,1,0.080626182794,0.012,1.012,valid_checkpoint_order_thirds
HalfCheetah,AMAF,effective_gate,halfcheetah_primary_frozen,22,40,400000,Early,1,0.501318017439,-0.18,0.82,valid_checkpoint_order_thirds
HalfCheetah,AMAF,effective_gate,halfcheetah_primary_frozen,22,41,410000,Early,1,0.495310080566,0.032,1.032,valid_checkpoint_order_thirds
HalfCheetah,AMAF,effective_gate,halfcheetah_primary_frozen,22,42,420000,Early,1,0.0392439840974,-0.16,0.84,valid_checkpoint_order_thirds
HalfCheetah,AMAF,effective_gate,halfcheetah_primary_frozen,22,43,430000,Early,1,0.0845342268151,0.052,1.052,valid_checkpoint_order_thirds
HalfCheetah,AMAF,effective_gate,halfcheetah_primary_frozen,22,44,440000,Early,1,0.133402856063,-0.14,0.86,valid_checkpoint_order_thirds
HalfCheetah,AMAF,effective_gate,halfcheetah_primary_frozen,22,45,450000,Early,1,0.0270325042556,0.072,1.072,valid_checkpoint_order_thirds
HalfCheetah,AMAF,effective_gate,halfcheetah_primary_frozen,22,46,460000,Early,1,0.0250519874693,-0.12,0.88,valid_checkpoint_order_thirds
HalfCheetah,AMAF,effective_gate,halfcheetah_primary_frozen,22,47,470000,Early,1,0.612065786496,0.092,1.092,valid_checkpoint_order_thirds
HalfCheetah,AMAF,effective_gate,halfcheetah_primary_frozen,22,48,480000,Early,1,0.0139737227893,-0.1,0.9,valid_checkpoint_order_thirds
HalfCheetah,AMAF,effective_gate,halfcheetah_primary_frozen,22,49,490000,Early,1,0.372646539961,0.112,1.112,valid_checkpoint_order_thirds
HalfCheetah,AMAF,effective_gate,halfcheetah_primary_frozen,22,50,500000,Early,1,0.430563256282,-0.08,0.92,valid_checkpoint_order_thirds
HalfCheetah,AMAF,effective_gate,halfcheetah_primary_frozen,22,51,510000,Middle,2,0.365037781551,0.132,2.132,valid_checkpoint_order_thirds
HalfCheetah,AMAF,effective_gate,halfcheetah_primary_frozen,22,52,520000,Middle,2,0.00443154887238,-0.06,1.94,valid_checkpoint_order_thirds
HalfCheetah,AMAF,effective_gate,halfcheetah_primary_frozen,22,53,530000,Middle,2,0.00743655222307,0.152,2.152,valid_checkpoint_order_thirds
HalfCheetah,AMAF,effective_gate,halfcheetah_primary_frozen,22,54,540000,Middle,2,0.38526066037,-0.04,1.96,valid_checkpoint_order_thirds
HalfCheetah,AMAF,effective_gate,halfcheetah_primary_frozen,22,55,550000,Middle,2,0.0104145790253,0.172,2.172,valid_checkpoint_order_thirds
HalfCheetah,AMAF,effective_gate,halfcheetah_primary_frozen,22,56,560000,Middle,2,0.0655242925699,-0.02,1.98,valid_checkpoint_order_thirds
HalfCheetah,AMAF,effective_gate,halfcheetah_primary_frozen,22,57,570000,Middle,2,0.00863033243376,0.192,2.192,valid_checkpoint_order_thirds
HalfCheetah,AMAF,effective_gate,halfcheetah_primary_frozen,22,58,580000,Middle,2,0.129725915139,0,2,valid_checkpoint_order_thirds
HalfCheetah,AMAF,effective_gate,halfcheetah_primary_frozen,22,59,590000,Middle,2,0.000865372820938,-0.192,1.808,valid_checkpoint_order_thirds
HalfCheetah,AMAF,effective_gate,halfcheetah_primary_frozen,22,60,600000,Middle,2,0.606990519163,0.02,2.02,valid_checkpoint_order_thirds
HalfCheetah,AMAF,effective_gate,halfcheetah_primary_frozen,22,61,610000,Middle,2,0.0353169595743,-0.172,1.828,valid_checkpoint_order_thirds
HalfCheetah,AMAF,effective_gate,halfcheetah_primary_frozen,22,62,620000,Middle,2,0.115896384672,0.04,2.04,valid_checkpoint_order_thirds
HalfCheetah,AMAF,effective_gate,halfcheetah_primary_frozen,22,63,630000,Middle,2,0.0234075590647,-0.152,1.848,valid_checkpoint_order_thirds
HalfCheetah,AMAF,effective_gate,halfcheetah_primary_frozen,22,64,640000,Middle,2,0.381507225646,0.06,2.06,valid_checkpoint_order_thirds
HalfCheetah,AMAF,effective_gate,halfcheetah_primary_frozen,22,65,650000,Middle,2,0.124037386642,-0.132,1.868,valid_checkpoint_order_thirds
HalfCheetah,AMAF,effective_gate,halfcheetah_primary_frozen,22,66,660000,Middle,2,0.0112775641333,0.08,2.08,valid_checkpoint_order_thirds
HalfCheetah,AMAF,effective_gate,halfcheetah_primary_frozen,22,67,670000,Middle,2,0.389793257005,-0.112,1.888,valid_checkpoint_order_thirds
HalfCheetah,AMAF,effective_gate,halfcheetah_primary_frozen,22,68,680000,Middle,2,0.379628120039,0.1,2.1,valid_checkpoint_order_thirds
HalfCheetah,AMAF,effective_gate,halfcheetah_primary_frozen,22,69,690000,Middle,2,0.0301779099059,-0.092,1.908,valid_checkpoint_order_thirds
HalfCheetah,AMAF,effective_gate,halfcheetah_primary_frozen,22,70,700000,Middle,2,0.529120924135,0.12,2.12,valid_checkpoint_order_thirds
HalfCheetah,AMAF,effective_gate,halfcheetah_primary_frozen,22,71,710000,Middle,2,3.48069446553e-05,-0.072,1.928,valid_checkpoint_order_thirds
HalfCheetah,AMAF,effective_gate,halfcheetah_primary_frozen,22,72,720000,Middle,2,0.0124720536268,0.14,2.14,valid_checkpoint_order_thirds
HalfCheetah,AMAF,effective_gate,halfcheetah_primary_frozen,22,73,730000,Middle,2,0.103949947156,-0.052,1.948,valid_checkpoint_order_thirds
HalfCheetah,AMAF,effective_gate,halfcheetah_primary_frozen,22,74,740000,Middle,2,0.00025140627165,0.16,2.16,valid_checkpoint_order_thirds
HalfCheetah,AMAF,effective_gate,halfcheetah_primary_frozen,22,75,750000,Middle,2,0.000883805257871,-0.032,1.968,valid_checkpoint_order_thirds
HalfCheetah,AMAF,effective_gate,halfcheetah_primary_frozen,22,76,760000,Middle,2,0.0189887511806,0.18,2.18,valid_checkpoint_order_thirds
HalfCheetah,AMAF,effective_gate,halfcheetah_primary_frozen,22,77,770000,Middle,2,0.00132582296351,-0.012,1.988,valid_checkpoint_order_thirds
HalfCheetah,AMAF,effective_gate,halfcheetah_primary_frozen,22,78,780000,Middle,2,0.000903713807993,0.2,2.2,valid_checkpoint_order_thirds
HalfCheetah,AMAF,effective_gate,halfcheetah_primary_frozen,22,79,790000,Middle,2,0.0735084967266,0.008,2.008,valid_checkpoint_order_thirds
HalfCheetah,AMAF,effective_gate,halfcheetah_primary_frozen,22,80,800000,Middle,2,0.0717337733596,-0.184,1.816,valid_checkpoint_order_thirds
HalfCheetah,AMAF,effective_gate,halfcheetah_primary_frozen,22,81,810000,Middle,2,0.403419560708,0.028,2.028,valid_checkpoint_order_thirds
HalfCheetah,AMAF,effective_gate,halfcheetah_primary_frozen,22,82,820000,Middle,2,0.000336111769701,-0.164,1.836,valid_checkpoint_order_thirds
HalfCheetah,AMAF,effective_gate,halfcheetah_primary_frozen,22,83,830000,Middle,2,0.0260075927168,0.048,2.048,valid_checkpoint_order_thirds
HalfCheetah,AMAF,effective_gate,halfcheetah_primary_frozen,22,84,840000,Middle,2,0.130921811381,-0.144,1.856,valid_checkpoint_order_thirds
HalfCheetah,AMAF,effective_gate,halfcheetah_primary_frozen,22,85,850000,Middle,2,0.763205716066,0.068,2.068,valid_checkpoint_order_thirds
HalfCheetah,AMAF,effective_gate,halfcheetah_primary_frozen,22,86,860000,Middle,2,0.027320826904,-0.124,1.876,valid_checkpoint_order_thirds
HalfCheetah,AMAF,effective_gate,halfcheetah_primary_frozen,22,87,870000,Middle,2,0.0104058612453,0.088,2.088,valid_checkpoint_order_thirds
HalfCheetah,AMAF,effective_gate,halfcheetah_primary_frozen,22,88,880000,Middle,2,0.000477619137999,-0.104,1.896,valid_checkpoint_order_thirds
HalfCheetah,AMAF,effective_gate,halfcheetah_primary_frozen,22,89,890000,Middle,2,0.0736792965796,0.108,2.108,valid_checkpoint_order_thirds
HalfCheetah,AMAF,effective_gate,halfcheetah_primary_frozen,22,90,900000,Middle,2,0.0116901162331,-0.084,1.916,valid_checkpoint_order_thirds
HalfCheetah,AMAF,effective_gate,halfcheetah_primary_frozen,22,91,910000,Middle,2,0.231350436787,0.128,2.128,valid_checkpoint_order_thirds
HalfCheetah,AMAF,effective_gate,halfcheetah_primary_frozen,22,92,920000,Middle,2,0.0954380760012,-0.064,1.936,valid_checkpoint_order_thirds
HalfCheetah,AMAF,effective_gate,halfcheetah_primary_frozen,22,93,930000,Middle,2,0.00732133924752,0.148,2.148,valid_checkpoint_order_thirds
HalfCheetah,AMAF,effective_gate,halfcheetah_primary_frozen,22,94,940000,Middle,2,0.416920060864,-0.044,1.956,valid_checkpoint_order_thirds
HalfCheetah,AMAF,effective_gate,halfcheetah_primary_frozen,22,95,950000,Middle,2,0.00103649827883,0.168,2.168,valid_checkpoint_order_thirds
HalfCheetah,AMAF,effective_gate,halfcheetah_primary_frozen,22,96,960000,Middle,2,0.00111078071698,-0.024,1.976,valid_checkpoint_order_thirds
HalfCheetah,AMAF,effective_gate,halfcheetah_primary_frozen,22,97,970000,Middle,2,0.394598054788,0.188,2.188,valid_checkpoint_order_thirds
HalfCheetah,AMAF,effective_gate,halfcheetah_primary_frozen,22,98,980000,Middle,2,1.75079210228e-05,-0.004,1.996,valid_checkpoint_order_thirds
HalfCheetah,AMAF,effective_gate,halfcheetah_primary_frozen,22,99,990000,Middle,2,0.126537919594,-0.196,1.804,valid_checkpoint_order_thirds
HalfCheetah,AMAF,effective_gate,halfcheetah_primary_frozen,22,100,1000000,Middle,2,6.10402060554e-06,0.016,2.016,valid_checkpoint_order_thirds
HalfCheetah,AMAF,effective_gate,halfcheetah_primary_frozen,22,101,1010000,Late,3,0.00231849344357,-0.176,2.824,valid_checkpoint_order_thirds
HalfCheetah,AMAF,effective_gate,halfcheetah_primary_frozen,22,102,1020000,Late,3,0.215141288348,0.036,3.036,valid_checkpoint_order_thirds
HalfCheetah,AMAF,effective_gate,halfcheetah_primary_frozen,22,103,1030000,Late,3,2.36849475267e-05,-0.156,2.844,valid_checkpoint_order_thirds
HalfCheetah,AMAF,effective_gate,halfcheetah_primary_frozen,22,104,1040000,Late,3,0.352088070502,0.056,3.056,valid_checkpoint_order_thirds
HalfCheetah,AMAF,effective_gate,halfcheetah_primary_frozen,22,105,1050000,Late,3,0.0283779688674,-0.136,2.864,valid_checkpoint_order_thirds
HalfCheetah,AMAF,effective_gate,halfcheetah_primary_frozen,22,106,1060000,Late,3,0.580519483828,0.076,3.076,valid_checkpoint_order_thirds
HalfCheetah,AMAF,effective_gate,halfcheetah_primary_frozen,22,107,1070000,Late,3,0.00612285846232,-0.116,2.884,valid_checkpoint_order_thirds
HalfCheetah,AMAF,effective_gate,halfcheetah_primary_frozen,22,108,1090000,Late,3,0.0661835939189,0.096,3.096,valid_checkpoint_order_thirds
HalfCheetah,AMAF,effective_gate,halfcheetah_primary_frozen,22,109,1100000,Late,3,0.0904990420127,-0.096,2.904,valid_checkpoint_order_thirds
HalfCheetah,AMAF,effective_gate,halfcheetah_primary_frozen,22,110,1110000,Late,3,0.00171025534467,0.116,3.116,valid_checkpoint_order_thirds
HalfCheetah,AMAF,effective_gate,halfcheetah_primary_frozen,22,111,1120000,Late,3,0.00988485118623,-0.076,2.924,valid_checkpoint_order_thirds
HalfCheetah,AMAF,effective_gate,halfcheetah_primary_frozen,22,112,1130000,Late,3,0.015576474246,0.136,3.136,valid_checkpoint_order_thirds
HalfCheetah,AMAF,effective_gate,halfcheetah_primary_frozen,22,113,1140000,Late,3,0.00138556628458,-0.056,2.944,valid_checkpoint_order_thirds
HalfCheetah,AMAF,effective_gate,halfcheetah_primary_frozen,22,114,1150000,Late,3,0.0390574184168,0.156,3.156,valid_checkpoint_order_thirds
HalfCheetah,AMAF,effective_gate,halfcheetah_primary_frozen,22,115,1160000,Late,3,5.71788729877e-07,-0.036,2.964,valid_checkpoint_order_thirds
HalfCheetah,AMAF,effective_gate,halfcheetah_primary_frozen,22,116,1170000,Late,3,0.36088956085,0.176,3.176,valid_checkpoint_order_thirds
HalfCheetah,AMAF,effective_gate,halfcheetah_primary_frozen,22,117,1180000,Late,3,0.00056631163174,-0.016,2.984,valid_checkpoint_order_thirds
HalfCheetah,AMAF,effective_gate,halfcheetah_primary_frozen,22,118,1190000,Late,3,9.02810381125e-06,0.196,3.196,valid_checkpoint_order_thirds
HalfCheetah,AMAF,effective_gate,halfcheetah_primary_frozen,22,119,1200000,Late,3,3.81875674976e-08,0.004,3.004,valid_checkpoint_order_thirds
HalfCheetah,AMAF,effective_gate,halfcheetah_primary_frozen,22,120,1210000,Late,3,4.48958313331e-06,-0.188,2.812,valid_checkpoint_order_thirds
HalfCheetah,AMAF,effective_gate,halfcheetah_primary_frozen,22,121,1220000,Late,3,0.00286800054175,0.024,3.024,valid_checkpoint_order_thirds
HalfCheetah,AMAF,effective_gate,halfcheetah_primary_frozen,22,122,1230000,Late,3,2.77251076078e-05,-0.168,2.832,valid_checkpoint_order_thirds
HalfCheetah,AMAF,effective_gate,halfcheetah_primary_frozen,22,123,1240000,Late,3,3.91897643121e-06,0.044,3.044,valid_checkpoint_order_thirds
HalfCheetah,AMAF,effective_gate,halfcheetah_primary_frozen,22,124,1250000,Late,3,0.000269970710804,-0.148,2.852,valid_checkpoint_order_thirds
HalfCheetah,AMAF,effective_gate,halfcheetah_primary_frozen,22,125,1260000,Late,3,8.6697874384e-06,0.064,3.064,valid_checkpoint_order_thirds
HalfCheetah,AMAF,effective_gate,halfcheetah_primary_frozen,22,126,1270000,Late,3,0.407022827619,-0.128,2.872,valid_checkpoint_order_thirds
HalfCheetah,AMAF,effective_gate,halfcheetah_primary_frozen,22,127,1280000,Late,3,4.36796809237e-09,0.084,3.084,valid_checkpoint_order_thirds
HalfCheetah,AMAF,effective_gate,halfcheetah_primary_frozen,22,128,1290000,Late,3,0.00111817711702,-0.108,2.892,valid_checkpoint_order_thirds
HalfCheetah,AMAF,effective_gate,halfcheetah_primary_frozen,22,129,1300000,Late,3,8.65816523969e-05,0.104,3.104,valid_checkpoint_order_thirds
HalfCheetah,AMAF,effective_gate,halfcheetah_primary_frozen,22,130,1310000,Late,3,0.00100589750601,-0.088,2.912,valid_checkpoint_order_thirds
HalfCheetah,AMAF,effective_gate,halfcheetah_primary_frozen,22,131,1320000,Late,3,2.99288706674e-12,0.124,3.124,valid_checkpoint_order_thirds
HalfCheetah,AMAF,effective_gate,halfcheetah_primary_frozen,22,132,1330000,Late,3,0.332380178065,-0.068,2.932,valid_checkpoint_order_thirds
HalfCheetah,AMAF,effective_gate,halfcheetah_primary_frozen,22,133,1340000,Late,3,0.100891317687,0.144,3.144,valid_checkpoint_order_thirds
HalfCheetah,AMAF,effective_gate,halfcheetah_primary_frozen,22,134,1350000,Late,3,0.384128523287,-0.048,2.952,valid_checkpoint_order_thirds
HalfCheetah,AMAF,effective_gate,halfcheetah_primary_frozen,22,135,1360000,Late,3,0.249152099914,0.164,3.164,valid_checkpoint_order_thirds
HalfCheetah,AMAF,effective_gate,halfcheetah_primary_frozen,22,136,1370000,Late,3,0.0010915215421,-0.028,2.972,valid_checkpoint_order_thirds
HalfCheetah,AMAF,effective_gate,halfcheetah_primary_frozen,22,137,1380000,Late,3,4.51844591442e-10,0.184,3.184,valid_checkpoint_order_thirds
HalfCheetah,AMAF,effective_gate,halfcheetah_primary_frozen,22,138,1390000,Late,3,4.99451032967e-07,-0.008,2.992,valid_checkpoint_order_thirds
HalfCheetah,AMAF,effective_gate,halfcheetah_primary_frozen,22,139,1400000,Late,3,7.09591456711e-07,-0.2,2.8,valid_checkpoint_order_thirds
HalfCheetah,AMAF,effective_gate,halfcheetah_primary_frozen,22,140,1410000,Late,3,0.00148114347337,0.012,3.012,valid_checkpoint_order_thirds
HalfCheetah,AMAF,effective_gate,halfcheetah_primary_frozen,22,141,1420000,Late,3,0.000399045743715,-0.18,2.82,valid_checkpoint_order_thirds
HalfCheetah,AMAF,effective_gate,halfcheetah_primary_frozen,22,142,1430000,Late,3,5.7886766782e-05,0.032,3.032,valid_checkpoint_order_thirds
HalfCheetah,AMAF,effective_gate,halfcheetah_primary_frozen,22,143,1440000,Late,3,0.000121626951575,-0.16,2.84,valid_checkpoint_order_thirds
HalfCheetah,AMAF,effective_gate,halfcheetah_primary_frozen,22,144,1450000,Late,3,0.114167270265,0.052,3.052,valid_checkpoint_order_thirds
HalfCheetah,AMAF,effective_gate,halfcheetah_primary_frozen,22,145,1460000,Late,3,0.000498694611921,-0.14,2.86,valid_checkpoint_order_thirds
HalfCheetah,AMAF,effective_gate,halfcheetah_primary_frozen,22,146,1470000,Late,3,0.0321760161348,0.072,3.072,valid_checkpoint_order_thirds
HalfCheetah,AMAF,effective_gate,halfcheetah_primary_frozen,22,147,1480000,Late,3,0.0459359952371,-0.12,2.88,valid_checkpoint_order_thirds
HalfCheetah,AMAF,effective_gate,halfcheetah_primary_frozen,22,148,1490000,Late,3,2.79901955682e-07,0.092,3.092,valid_checkpoint_order_thirds
HalfCheetah,AMAF,effective_gate,halfcheetah_primary_frozen,22,149,1500000,Late,3,0.000561692171826,-0.1,2.9,valid_checkpoint_order_thirds
HalfCheetah,AMAF,effective_gate,halfcheetah_primary_frozen,33,1,10000,Early,1,1,0.048,1.048,valid_checkpoint_order_thirds
HalfCheetah,AMAF,effective_gate,halfcheetah_primary_frozen,33,2,20000,Early,1,1,-0.144,0.856,valid_checkpoint_order_thirds
HalfCheetah,AMAF,effective_gate,halfcheetah_primary_frozen,33,3,30000,Early,1,0.187642902864,0.068,1.068,valid_checkpoint_order_thirds
HalfCheetah,AMAF,effective_gate,halfcheetah_primary_frozen,33,4,40000,Early,1,0.545929196839,-0.124,0.876,valid_checkpoint_order_thirds
HalfCheetah,AMAF,effective_gate,halfcheetah_primary_frozen,33,5,50000,Early,1,0.281695812393,0.088,1.088,valid_checkpoint_order_thirds
HalfCheetah,AMAF,effective_gate,halfcheetah_primary_frozen,33,6,60000,Early,1,0.072172945038,-0.104,0.896,valid_checkpoint_order_thirds
HalfCheetah,AMAF,effective_gate,halfcheetah_primary_frozen,33,7,70000,Early,1,0.000323419106522,0.108,1.108,valid_checkpoint_order_thirds
HalfCheetah,AMAF,effective_gate,halfcheetah_primary_frozen,33,8,80000,Early,1,1.788296412e-06,-0.084,0.916,valid_checkpoint_order_thirds
HalfCheetah,AMAF,effective_gate,halfcheetah_primary_frozen,33,9,90000,Early,1,0.0041503951362,0.128,1.128,valid_checkpoint_order_thirds
HalfCheetah,AMAF,effective_gate,halfcheetah_primary_frozen,33,10,100000,Early,1,2.53853078339e-05,-0.064,0.936,valid_checkpoint_order_thirds
HalfCheetah,AMAF,effective_gate,halfcheetah_primary_frozen,33,11,110000,Early,1,0.216917563089,0.148,1.148,valid_checkpoint_order_thirds
HalfCheetah,AMAF,effective_gate,halfcheetah_primary_frozen,33,12,120000,Early,1,0.325025695122,-0.044,0.956,valid_checkpoint_order_thirds
HalfCheetah,AMAF,effective_gate,halfcheetah_primary_frozen,33,13,130000,Early,1,0.315180268326,0.168,1.168,valid_checkpoint_order_thirds
HalfCheetah,AMAF,effective_gate,halfcheetah_primary_frozen,33,14,140000,Early,1,0.00733596720246,-0.024,0.976,valid_checkpoint_order_thirds
HalfCheetah,AMAF,effective_gate,halfcheetah_primary_frozen,33,15,150000,Early,1,0.739752080675,0.188,1.188,valid_checkpoint_order_thirds
HalfCheetah,AMAF,effective_gate,halfcheetah_primary_frozen,33,16,160000,Early,1,0.644230305653,-0.004,0.996,valid_checkpoint_order_thirds
HalfCheetah,AMAF,effective_gate,halfcheetah_primary_frozen,33,17,170000,Early,1,0.0248036588297,-0.196,0.804,valid_checkpoint_order_thirds
HalfCheetah,AMAF,effective_gate,halfcheetah_primary_frozen,33,18,180000,Early,1,0.20796334058,0.016,1.016,valid_checkpoint_order_thirds
HalfCheetah,AMAF,effective_gate,halfcheetah_primary_frozen,33,19,190000,Early,1,0.287950273466,-0.176,0.824,valid_checkpoint_order_thirds
HalfCheetah,AMAF,effective_gate,halfcheetah_primary_frozen,33,20,200000,Early,1,0.0668061149359,0.036,1.036,valid_checkpoint_order_thirds
HalfCheetah,AMAF,effective_gate,halfcheetah_primary_frozen,33,21,210000,Early,1,0.326678082991,-0.156,0.844,valid_checkpoint_order_thirds
HalfCheetah,AMAF,effective_gate,halfcheetah_primary_frozen,33,22,220000,Early,1,0.48846537651,0.056,1.056,valid_checkpoint_order_thirds
HalfCheetah,AMAF,effective_gate,halfcheetah_primary_frozen,33,23,230000,Early,1,0.0900141483488,-0.136,0.864,valid_checkpoint_order_thirds
HalfCheetah,AMAF,effective_gate,halfcheetah_primary_frozen,33,24,240000,Early,1,0.103433728464,0.076,1.076,valid_checkpoint_order_thirds
HalfCheetah,AMAF,effective_gate,halfcheetah_primary_frozen,33,25,250000,Early,1,0.755665465681,-0.116,0.884,valid_checkpoint_order_thirds
HalfCheetah,AMAF,effective_gate,halfcheetah_primary_frozen,33,26,260000,Early,1,0.0867810303429,0.096,1.096,valid_checkpoint_order_thirds
HalfCheetah,AMAF,effective_gate,halfcheetah_primary_frozen,33,27,270000,Early,1,0.0917964178822,-0.096,0.904,valid_checkpoint_order_thirds
HalfCheetah,AMAF,effective_gate,halfcheetah_primary_frozen,33,28,280000,Early,1,0.163654674002,0.116,1.116,valid_checkpoint_order_thirds
HalfCheetah,AMAF,effective_gate,halfcheetah_primary_frozen,33,29,290000,Early,1,0.0184524478477,-0.076,0.924,valid_checkpoint_order_thirds
HalfCheetah,AMAF,effective_gate,halfcheetah_primary_frozen,33,30,300000,Early,1,0.40596778693,0.136,1.136,valid_checkpoint_order_thirds
HalfCheetah,AMAF,effective_gate,halfcheetah_primary_frozen,33,31,310000,Early,1,0.608231063807,-0.056,0.944,valid_checkpoint_order_thirds
HalfCheetah,AMAF,effective_gate,halfcheetah_primary_frozen,33,32,320000,Early,1,0.59147973938,0.156,1.156,valid_checkpoint_order_thirds
HalfCheetah,AMAF,effective_gate,halfcheetah_primary_frozen,33,33,330000,Early,1,0.0451552312308,-0.036,0.964,valid_checkpoint_order_thirds
HalfCheetah,AMAF,effective_gate,halfcheetah_primary_frozen,33,34,340000,Early,1,0.0824449185301,0.176,1.176,valid_checkpoint_order_thirds
HalfCheetah,AMAF,effective_gate,halfcheetah_primary_frozen,33,35,350000,Early,1,0.117773719128,-0.016,0.984,valid_checkpoint_order_thirds
HalfCheetah,AMAF,effective_gate,halfcheetah_primary_frozen,33,36,360000,Early,1,0.285065243627,0.196,1.196,valid_checkpoint_order_thirds
HalfCheetah,AMAF,effective_gate,halfcheetah_primary_frozen,33,37,370000,Early,1,0.334251449098,0.004,1.004,valid_checkpoint_order_thirds
HalfCheetah,AMAF,effective_gate,halfcheetah_primary_frozen,33,38,380000,Early,1,0.230698569892,-0.188,0.812,valid_checkpoint_order_thirds
HalfCheetah,AMAF,effective_gate,halfcheetah_primary_frozen,33,39,390000,Early,1,0.142207216946,0.024,1.024,valid_checkpoint_order_thirds
HalfCheetah,AMAF,effective_gate,halfcheetah_primary_frozen,33,40,410000,Early,1,0.123334992627,-0.168,0.832,valid_checkpoint_order_thirds
HalfCheetah,AMAF,effective_gate,halfcheetah_primary_frozen,33,41,420000,Early,1,0.402837301633,0.044,1.044,valid_checkpoint_order_thirds
HalfCheetah,AMAF,effective_gate,halfcheetah_primary_frozen,33,42,430000,Early,1,0.0210438691445,-0.148,0.852,valid_checkpoint_order_thirds
HalfCheetah,AMAF,effective_gate,halfcheetah_primary_frozen,33,43,440000,Middle,2,0.0767762883444,0.064,2.064,valid_checkpoint_order_thirds
HalfCheetah,AMAF,effective_gate,halfcheetah_primary_frozen,33,44,450000,Middle,2,0.196037958455,-0.128,1.872,valid_checkpoint_order_thirds
HalfCheetah,AMAF,effective_gate,halfcheetah_primary_frozen,33,45,460000,Middle,2,0.351383991042,0.084,2.084,valid_checkpoint_order_thirds
HalfCheetah,AMAF,effective_gate,halfcheetah_primary_frozen,33,46,470000,Middle,2,0.0696565592711,-0.108,1.892,valid_checkpoint_order_thirds
HalfCheetah,AMAF,effective_gate,halfcheetah_primary_frozen,33,47,490000,Middle,2,0.014835271186,0.104,2.104,valid_checkpoint_order_thirds
HalfCheetah,AMAF,effective_gate,halfcheetah_primary_frozen,33,48,500000,Middle,2,0.0764191959308,-0.088,1.912,valid_checkpoint_order_thirds
HalfCheetah,AMAF,effective_gate,halfcheetah_primary_frozen,33,49,510000,Middle,2,0.577719717392,0.124,2.124,valid_checkpoint_order_thirds
HalfCheetah,AMAF,effective_gate,halfcheetah_primary_frozen,33,50,520000,Middle,2,0.0491844582028,-0.068,1.932,valid_checkpoint_order_thirds
HalfCheetah,AMAF,effective_gate,halfcheetah_primary_frozen,33,51,530000,Middle,2,0.559234968841,0.144,2.144,valid_checkpoint_order_thirds
HalfCheetah,AMAF,effective_gate,halfcheetah_primary_frozen,33,52,550000,Middle,2,0.466651139663,-0.048,1.952,valid_checkpoint_order_thirds
HalfCheetah,AMAF,effective_gate,halfcheetah_primary_frozen,33,53,560000,Middle,2,0.00566140642459,0.164,2.164,valid_checkpoint_order_thirds
HalfCheetah,AMAF,effective_gate,halfcheetah_primary_frozen,33,54,570000,Middle,2,0.00601199867548,-0.028,1.972,valid_checkpoint_order_thirds
HalfCheetah,AMAF,effective_gate,halfcheetah_primary_frozen,33,55,580000,Middle,2,0.0171902003375,0.184,2.184,valid_checkpoint_order_thirds
HalfCheetah,AMAF,effective_gate,halfcheetah_primary_frozen,33,56,590000,Middle,2,0.221369926617,-0.008,1.992,valid_checkpoint_order_thirds
HalfCheetah,AMAF,effective_gate,halfcheetah_primary_frozen,33,57,600000,Middle,2,0.0216597350111,-0.2,1.8,valid_checkpoint_order_thirds
HalfCheetah,AMAF,effective_gate,halfcheetah_primary_frozen,33,58,610000,Middle,2,0.698418085822,0.012,2.012,valid_checkpoint_order_thirds
HalfCheetah,AMAF,effective_gate,halfcheetah_primary_frozen,33,59,630000,Middle,2,0.0142702174379,-0.18,1.82,valid_checkpoint_order_thirds
HalfCheetah,AMAF,effective_gate,halfcheetah_primary_frozen,33,60,640000,Middle,2,0.045301724301,0.032,2.032,valid_checkpoint_order_thirds
HalfCheetah,AMAF,effective_gate,halfcheetah_primary_frozen,33,61,650000,Middle,2,0.643791819195,-0.16,1.84,valid_checkpoint_order_thirds
HalfCheetah,AMAF,effective_gate,halfcheetah_primary_frozen,33,62,660000,Middle,2,0.0978604932298,0.052,2.052,valid_checkpoint_order_thirds
HalfCheetah,AMAF,effective_gate,halfcheetah_primary_frozen,33,63,670000,Middle,2,0.000462342931618,-0.14,1.86,valid_checkpoint_order_thirds
HalfCheetah,AMAF,effective_gate,halfcheetah_primary_frozen,33,64,680000,Middle,2,0.00936480509802,0.072,2.072,valid_checkpoint_order_thirds
HalfCheetah,AMAF,effective_gate,halfcheetah_primary_frozen,33,65,690000,Middle,2,0.403322851837,-0.12,1.88,valid_checkpoint_order_thirds
HalfCheetah,AMAF,effective_gate,halfcheetah_primary_frozen,33,66,700000,Middle,2,0.612147260456,0.092,2.092,valid_checkpoint_order_thirds
HalfCheetah,AMAF,effective_gate,halfcheetah_primary_frozen,33,67,710000,Middle,2,0.495871400101,-0.1,1.9,valid_checkpoint_order_thirds
HalfCheetah,AMAF,effective_gate,halfcheetah_primary_frozen,33,68,720000,Middle,2,0.154283279383,0.112,2.112,valid_checkpoint_order_thirds
HalfCheetah,AMAF,effective_gate,halfcheetah_primary_frozen,33,69,730000,Middle,2,0.0300764591652,-0.08,1.92,valid_checkpoint_order_thirds
HalfCheetah,AMAF,effective_gate,halfcheetah_primary_frozen,33,70,740000,Middle,2,0.00582349686255,0.132,2.132,valid_checkpoint_order_thirds
HalfCheetah,AMAF,effective_gate,halfcheetah_primary_frozen,33,71,750000,Middle,2,0.076056776022,-0.06,1.94,valid_checkpoint_order_thirds
HalfCheetah,AMAF,effective_gate,halfcheetah_primary_frozen,33,72,760000,Middle,2,0.00183706898923,0.152,2.152,valid_checkpoint_order_thirds
HalfCheetah,AMAF,effective_gate,halfcheetah_primary_frozen,33,73,770000,Middle,2,0.0351039558779,-0.04,1.96,valid_checkpoint_order_thirds
HalfCheetah,AMAF,effective_gate,halfcheetah_primary_frozen,33,74,780000,Middle,2,0.131495106641,0.172,2.172,valid_checkpoint_order_thirds
HalfCheetah,AMAF,effective_gate,halfcheetah_primary_frozen,33,75,790000,Middle,2,0.0171621791114,-0.02,1.98,valid_checkpoint_order_thirds
HalfCheetah,AMAF,effective_gate,halfcheetah_primary_frozen,33,76,810000,Middle,2,0.148206871372,0.192,2.192,valid_checkpoint_order_thirds
HalfCheetah,AMAF,effective_gate,halfcheetah_primary_frozen,33,77,820000,Middle,2,0.495068337606,0,2,valid_checkpoint_order_thirds
HalfCheetah,AMAF,effective_gate,halfcheetah_primary_frozen,33,78,830000,Middle,2,0.273665792021,-0.192,1.808,valid_checkpoint_order_thirds
HalfCheetah,AMAF,effective_gate,halfcheetah_primary_frozen,33,79,840000,Middle,2,0.0998309079026,0.02,2.02,valid_checkpoint_order_thirds
HalfCheetah,AMAF,effective_gate,halfcheetah_primary_frozen,33,80,850000,Middle,2,0.475900299547,-0.172,1.828,valid_checkpoint_order_thirds
HalfCheetah,AMAF,effective_gate,halfcheetah_primary_frozen,33,81,870000,Middle,2,0.0508927050423,0.04,2.04,valid_checkpoint_order_thirds
HalfCheetah,AMAF,effective_gate,halfcheetah_primary_frozen,33,82,880000,Middle,2,0.323076895244,-0.152,1.848,valid_checkpoint_order_thirds
HalfCheetah,AMAF,effective_gate,halfcheetah_primary_frozen,33,83,890000,Middle,2,0.654604274882,0.06,2.06,valid_checkpoint_order_thirds
HalfCheetah,AMAF,effective_gate,halfcheetah_primary_frozen,33,84,900000,Middle,2,0.000119336808435,-0.132,1.868,valid_checkpoint_order_thirds
HalfCheetah,AMAF,effective_gate,halfcheetah_primary_frozen,33,85,910000,Late,3,0.374572235754,0.08,3.08,valid_checkpoint_order_thirds
HalfCheetah,AMAF,effective_gate,halfcheetah_primary_frozen,33,86,920000,Late,3,0.00683432311793,-0.112,2.888,valid_checkpoint_order_thirds
HalfCheetah,AMAF,effective_gate,halfcheetah_primary_frozen,33,87,940000,Late,3,0.304339158495,0.1,3.1,valid_checkpoint_order_thirds
HalfCheetah,AMAF,effective_gate,halfcheetah_primary_frozen,33,88,960000,Late,3,0.00264281509434,-0.092,2.908,valid_checkpoint_order_thirds
HalfCheetah,AMAF,effective_gate,halfcheetah_primary_frozen,33,89,980000,Late,3,0.0159876592597,0.12,3.12,valid_checkpoint_order_thirds
HalfCheetah,AMAF,effective_gate,halfcheetah_primary_frozen,33,90,990000,Late,3,0.485068465452,-0.072,2.928,valid_checkpoint_order_thirds
HalfCheetah,AMAF,effective_gate,halfcheetah_primary_frozen,33,91,1000000,Late,3,0.0237037295475,0.14,3.14,valid_checkpoint_order_thirds
HalfCheetah,AMAF,effective_gate,halfcheetah_primary_frozen,33,92,1010000,Late,3,0.0782624288759,-0.052,2.948,valid_checkpoint_order_thirds
HalfCheetah,AMAF,effective_gate,halfcheetah_primary_frozen,33,93,1020000,Late,3,0.0231876921745,0.16,3.16,valid_checkpoint_order_thirds
HalfCheetah,AMAF,effective_gate,halfcheetah_primary_frozen,33,94,1040000,Late,3,0.0005457209506,-0.032,2.968,valid_checkpoint_order_thirds
HalfCheetah,AMAF,effective_gate,halfcheetah_primary_frozen,33,95,1060000,Late,3,0.0341714013163,0.18,3.18,valid_checkpoint_order_thirds
HalfCheetah,AMAF,effective_gate,halfcheetah_primary_frozen,33,96,1070000,Late,3,0.00110439661585,-0.012,2.988,valid_checkpoint_order_thirds
HalfCheetah,AMAF,effective_gate,halfcheetah_primary_frozen,33,97,1080000,Late,3,0.466819451987,0.2,3.2,valid_checkpoint_order_thirds
HalfCheetah,AMAF,effective_gate,halfcheetah_primary_frozen,33,98,1090000,Late,3,0.433466886933,0.008,3.008,valid_checkpoint_order_thirds
HalfCheetah,AMAF,effective_gate,halfcheetah_primary_frozen,33,99,1100000,Late,3,0.0737131549083,-0.184,2.816,valid_checkpoint_order_thirds
HalfCheetah,AMAF,effective_gate,halfcheetah_primary_frozen,33,100,1130000,Late,3,0.330825067104,0.028,3.028,valid_checkpoint_order_thirds
HalfCheetah,AMAF,effective_gate,halfcheetah_primary_frozen,33,101,1140000,Late,3,0.00107950031024,-0.164,2.836,valid_checkpoint_order_thirds
HalfCheetah,AMAF,effective_gate,halfcheetah_primary_frozen,33,102,1150000,Late,3,0.276838866241,0.048,3.048,valid_checkpoint_order_thirds
HalfCheetah,AMAF,effective_gate,halfcheetah_primary_frozen,33,103,1160000,Late,3,0.715524706701,-0.144,2.856,valid_checkpoint_order_thirds
HalfCheetah,AMAF,effective_gate,halfcheetah_primary_frozen,33,104,1170000,Late,3,0.0237969867095,0.068,3.068,valid_checkpoint_order_thirds
HalfCheetah,AMAF,effective_gate,halfcheetah_primary_frozen,33,105,1180000,Late,3,0.00451390749675,-0.124,2.876,valid_checkpoint_order_thirds
HalfCheetah,AMAF,effective_gate,halfcheetah_primary_frozen,33,106,1190000,Late,3,0.000153660346618,0.088,3.088,valid_checkpoint_order_thirds
HalfCheetah,AMAF,effective_gate,halfcheetah_primary_frozen,33,107,1200000,Late,3,4.80025768086e-07,-0.104,2.896,valid_checkpoint_order_thirds
HalfCheetah,AMAF,effective_gate,halfcheetah_primary_frozen,33,108,1210000,Late,3,0.00299216481146,0.108,3.108,valid_checkpoint_order_thirds
HalfCheetah,AMAF,effective_gate,halfcheetah_primary_frozen,33,109,1220000,Late,3,0.00849863556008,-0.084,2.916,valid_checkpoint_order_thirds
HalfCheetah,AMAF,effective_gate,halfcheetah_primary_frozen,33,110,1240000,Late,3,0.000275617607802,0.128,3.128,valid_checkpoint_order_thirds
HalfCheetah,AMAF,effective_gate,halfcheetah_primary_frozen,33,111,1260000,Late,3,0.297602481357,-0.064,2.936,valid_checkpoint_order_thirds
HalfCheetah,AMAF,effective_gate,halfcheetah_primary_frozen,33,112,1270000,Late,3,8.06402522307e-05,0.148,3.148,valid_checkpoint_order_thirds
HalfCheetah,AMAF,effective_gate,halfcheetah_primary_frozen,33,113,1280000,Late,3,0.126095063753,-0.044,2.956,valid_checkpoint_order_thirds
HalfCheetah,AMAF,effective_gate,halfcheetah_primary_frozen,33,114,1300000,Late,3,0.473697346082,0.168,3.168,valid_checkpoint_order_thirds
HalfCheetah,AMAF,effective_gate,halfcheetah_primary_frozen,33,115,1310000,Late,3,0.120456783983,-0.024,2.976,valid_checkpoint_order_thirds
HalfCheetah,AMAF,effective_gate,halfcheetah_primary_frozen,33,116,1330000,Late,3,0.0180029451763,0.188,3.188,valid_checkpoint_order_thirds
HalfCheetah,AMAF,effective_gate,halfcheetah_primary_frozen,33,117,1340000,Late,3,0.00212468291671,-0.004,2.996,valid_checkpoint_order_thirds
HalfCheetah,AMAF,effective_gate,halfcheetah_primary_frozen,33,118,1350000,Late,3,0.00037522993814,-0.196,2.804,valid_checkpoint_order_thirds
HalfCheetah,AMAF,effective_gate,halfcheetah_primary_frozen,33,119,1380000,Late,3,2.37624792868e-05,0.016,3.016,valid_checkpoint_order_thirds
HalfCheetah,AMAF,effective_gate,halfcheetah_primary_frozen,33,120,1400000,Late,3,0.02193796937,-0.176,2.824,valid_checkpoint_order_thirds
HalfCheetah,AMAF,effective_gate,halfcheetah_primary_frozen,33,121,1410000,Late,3,0.000373127288889,0.036,3.036,valid_checkpoint_order_thirds
HalfCheetah,AMAF,effective_gate,halfcheetah_primary_frozen,33,122,1420000,Late,3,0.000409621075063,-0.156,2.844,valid_checkpoint_order_thirds
HalfCheetah,AMAF,effective_gate,halfcheetah_primary_frozen,33,123,1430000,Late,3,9.35818455208e-07,0.056,3.056,valid_checkpoint_order_thirds
HalfCheetah,AMAF,effective_gate,halfcheetah_primary_frozen,33,124,1440000,Late,3,5.20200283427e-05,-0.136,2.864,valid_checkpoint_order_thirds
HalfCheetah,AMAF,effective_gate,halfcheetah_primary_frozen,33,125,1490000,Late,3,0.0014906548006,0.076,3.076,valid_checkpoint_order_thirds
HalfCheetah,AMAF,effective_gate,halfcheetah_primary_frozen,44,1,10000,Early,1,1,0.06,1.06,valid_checkpoint_order_thirds
HalfCheetah,AMAF,effective_gate,halfcheetah_primary_frozen,44,2,20000,Early,1,1,-0.132,0.868,valid_checkpoint_order_thirds
HalfCheetah,AMAF,effective_gate,halfcheetah_primary_frozen,44,3,30000,Early,1,0.147912286323,0.08,1.08,valid_checkpoint_order_thirds
HalfCheetah,AMAF,effective_gate,halfcheetah_primary_frozen,44,4,40000,Early,1,0.119791787919,-0.112,0.888,valid_checkpoint_order_thirds
HalfCheetah,AMAF,effective_gate,halfcheetah_primary_frozen,44,5,50000,Early,1,0.000116162183344,0.1,1.1,valid_checkpoint_order_thirds
HalfCheetah,AMAF,effective_gate,halfcheetah_primary_frozen,44,6,60000,Early,1,1.57045091241e-05,-0.092,0.908,valid_checkpoint_order_thirds
HalfCheetah,AMAF,effective_gate,halfcheetah_primary_frozen,44,7,70000,Early,1,1.26938276237e-05,0.12,1.12,valid_checkpoint_order_thirds
HalfCheetah,AMAF,effective_gate,halfcheetah_primary_frozen,44,8,80000,Early,1,0.635259971122,-0.072,0.928,valid_checkpoint_order_thirds
HalfCheetah,AMAF,effective_gate,halfcheetah_primary_frozen,44,9,90000,Early,1,0.341789049481,0.14,1.14,valid_checkpoint_order_thirds
HalfCheetah,AMAF,effective_gate,halfcheetah_primary_frozen,44,10,100000,Early,1,0.208984252012,-0.052,0.948,valid_checkpoint_order_thirds
HalfCheetah,AMAF,effective_gate,halfcheetah_primary_frozen,44,11,110000,Early,1,0.106190812664,0.16,1.16,valid_checkpoint_order_thirds
HalfCheetah,AMAF,effective_gate,halfcheetah_primary_frozen,44,12,120000,Early,1,0.105258706807,-0.032,0.968,valid_checkpoint_order_thirds
HalfCheetah,AMAF,effective_gate,halfcheetah_primary_frozen,44,13,130000,Early,1,0.207655593531,0.18,1.18,valid_checkpoint_order_thirds
HalfCheetah,AMAF,effective_gate,halfcheetah_primary_frozen,44,14,140000,Early,1,0.119127361582,-0.012,0.988,valid_checkpoint_order_thirds
HalfCheetah,AMAF,effective_gate,halfcheetah_primary_frozen,44,15,150000,Early,1,0.0435599809898,0.2,1.2,valid_checkpoint_order_thirds
HalfCheetah,AMAF,effective_gate,halfcheetah_primary_frozen,44,16,160000,Early,1,0.00779532141852,0.008,1.008,valid_checkpoint_order_thirds
HalfCheetah,AMAF,effective_gate,halfcheetah_primary_frozen,44,17,170000,Early,1,0.147491545665,-0.184,0.816,valid_checkpoint_order_thirds
HalfCheetah,AMAF,effective_gate,halfcheetah_primary_frozen,44,18,180000,Early,1,0.0214000986179,0.028,1.028,valid_checkpoint_order_thirds
HalfCheetah,AMAF,effective_gate,halfcheetah_primary_frozen,44,19,190000,Early,1,0.448222544231,-0.164,0.836,valid_checkpoint_order_thirds
HalfCheetah,AMAF,effective_gate,halfcheetah_primary_frozen,44,20,200000,Early,1,0.0431951057296,0.048,1.048,valid_checkpoint_order_thirds
HalfCheetah,AMAF,effective_gate,halfcheetah_primary_frozen,44,21,210000,Early,1,0.00355684670941,-0.144,0.856,valid_checkpoint_order_thirds
HalfCheetah,AMAF,effective_gate,halfcheetah_primary_frozen,44,22,220000,Early,1,0.0932337878178,0.068,1.068,valid_checkpoint_order_thirds
HalfCheetah,AMAF,effective_gate,halfcheetah_primary_frozen,44,23,230000,Early,1,0.0709657593455,-0.124,0.876,valid_checkpoint_order_thirds
HalfCheetah,AMAF,effective_gate,halfcheetah_primary_frozen,44,24,240000,Early,1,0.123736581649,0.088,1.088,valid_checkpoint_order_thirds
HalfCheetah,AMAF,effective_gate,halfcheetah_primary_frozen,44,25,250000,Early,1,0.749109689101,-0.104,0.896,valid_checkpoint_order_thirds
HalfCheetah,AMAF,effective_gate,halfcheetah_primary_frozen,44,26,260000,Early,1,0.659246449775,0.108,1.108,valid_checkpoint_order_thirds
HalfCheetah,AMAF,effective_gate,halfcheetah_primary_frozen,44,27,270000,Early,1,0.162554980992,-0.084,0.916,valid_checkpoint_order_thirds
HalfCheetah,AMAF,effective_gate,halfcheetah_primary_frozen,44,28,280000,Early,1,0.0683055986871,0.128,1.128,valid_checkpoint_order_thirds
HalfCheetah,AMAF,effective_gate,halfcheetah_primary_frozen,44,29,290000,Early,1,0.00451071973056,-0.064,0.936,valid_checkpoint_order_thirds
HalfCheetah,AMAF,effective_gate,halfcheetah_primary_frozen,44,30,300000,Early,1,0.0148309869222,0.148,1.148,valid_checkpoint_order_thirds
HalfCheetah,AMAF,effective_gate,halfcheetah_primary_frozen,44,31,310000,Early,1,0.13076810158,-0.044,0.956,valid_checkpoint_order_thirds
HalfCheetah,AMAF,effective_gate,halfcheetah_primary_frozen,44,32,320000,Early,1,0.0545460597377,0.168,1.168,valid_checkpoint_order_thirds
HalfCheetah,AMAF,effective_gate,halfcheetah_primary_frozen,44,33,330000,Early,1,0.734764518306,-0.024,0.976,valid_checkpoint_order_thirds
HalfCheetah,AMAF,effective_gate,halfcheetah_primary_frozen,44,34,340000,Early,1,0.154663342361,0.188,1.188,valid_checkpoint_order_thirds
HalfCheetah,AMAF,effective_gate,halfcheetah_primary_frozen,44,35,350000,Early,1,0.138059912963,-0.004,0.996,valid_checkpoint_order_thirds
HalfCheetah,AMAF,effective_gate,halfcheetah_primary_frozen,44,36,360000,Early,1,0.000750663530441,-0.196,0.804,valid_checkpoint_order_thirds
HalfCheetah,AMAF,effective_gate,halfcheetah_primary_frozen,44,37,380000,Early,1,0.2082367336,0.016,1.016,valid_checkpoint_order_thirds
HalfCheetah,AMAF,effective_gate,halfcheetah_primary_frozen,44,38,390000,Early,1,0.285569034048,-0.176,0.824,valid_checkpoint_order_thirds
HalfCheetah,AMAF,effective_gate,halfcheetah_primary_frozen,44,39,400000,Early,1,0.683188748924,0.036,1.036,valid_checkpoint_order_thirds
HalfCheetah,AMAF,effective_gate,halfcheetah_primary_frozen,44,40,410000,Early,1,0.024080132935,-0.156,0.844,valid_checkpoint_order_thirds
HalfCheetah,AMAF,effective_gate,halfcheetah_primary_frozen,44,41,420000,Early,1,0.222430298698,0.056,1.056,valid_checkpoint_order_thirds
HalfCheetah,AMAF,effective_gate,halfcheetah_primary_frozen,44,42,430000,Early,1,0.339969503945,-0.136,0.864,valid_checkpoint_order_thirds
HalfCheetah,AMAF,effective_gate,halfcheetah_primary_frozen,44,43,440000,Early,1,0.075613021285,0.076,1.076,valid_checkpoint_order_thirds
HalfCheetah,AMAF,effective_gate,halfcheetah_primary_frozen,44,44,450000,Early,1,0.157080574632,-0.116,0.884,valid_checkpoint_order_thirds
HalfCheetah,AMAF,effective_gate,halfcheetah_primary_frozen,44,45,460000,Early,1,0.0298436056428,0.096,1.096,valid_checkpoint_order_thirds
HalfCheetah,AMAF,effective_gate,halfcheetah_primary_frozen,44,46,470000,Early,1,0.384456963978,-0.096,0.904,valid_checkpoint_order_thirds
HalfCheetah,AMAF,effective_gate,halfcheetah_primary_frozen,44,47,480000,Early,1,0.854645642276,0.116,1.116,valid_checkpoint_order_thirds
HalfCheetah,AMAF,effective_gate,halfcheetah_primary_frozen,44,48,490000,Early,1,0.488460295078,-0.076,0.924,valid_checkpoint_order_thirds
HalfCheetah,AMAF,effective_gate,halfcheetah_primary_frozen,44,49,500000,Middle,2,0.0374599936835,0.136,2.136,valid_checkpoint_order_thirds
HalfCheetah,AMAF,effective_gate,halfcheetah_primary_frozen,44,50,510000,Middle,2,0.418489661241,-0.056,1.944,valid_checkpoint_order_thirds
HalfCheetah,AMAF,effective_gate,halfcheetah_primary_frozen,44,51,520000,Middle,2,0.347124551119,0.156,2.156,valid_checkpoint_order_thirds
HalfCheetah,AMAF,effective_gate,halfcheetah_primary_frozen,44,52,530000,Middle,2,0.0643201076493,-0.036,1.964,valid_checkpoint_order_thirds
HalfCheetah,AMAF,effective_gate,halfcheetah_primary_frozen,44,53,550000,Middle,2,0.0846625773962,0.176,2.176,valid_checkpoint_order_thirds
HalfCheetah,AMAF,effective_gate,halfcheetah_primary_frozen,44,54,560000,Middle,2,0.458918507725,-0.016,1.984,valid_checkpoint_order_thirds
HalfCheetah,AMAF,effective_gate,halfcheetah_primary_frozen,44,55,570000,Middle,2,0.246632144602,0.196,2.196,valid_checkpoint_order_thirds
HalfCheetah,AMAF,effective_gate,halfcheetah_primary_frozen,44,56,580000,Middle,2,0.000640972182867,0.004,2.004,valid_checkpoint_order_thirds
HalfCheetah,AMAF,effective_gate,halfcheetah_primary_frozen,44,57,590000,Middle,2,0.0611736205034,-0.188,1.812,valid_checkpoint_order_thirds
HalfCheetah,AMAF,effective_gate,halfcheetah_primary_frozen,44,58,600000,Middle,2,0.411894494426,0.024,2.024,valid_checkpoint_order_thirds
HalfCheetah,AMAF,effective_gate,halfcheetah_primary_frozen,44,59,610000,Middle,2,0.0265967507531,-0.168,1.832,valid_checkpoint_order_thirds
HalfCheetah,AMAF,effective_gate,halfcheetah_primary_frozen,44,60,620000,Middle,2,0.238413908918,0.044,2.044,valid_checkpoint_order_thirds
HalfCheetah,AMAF,effective_gate,halfcheetah_primary_frozen,44,61,630000,Middle,2,0.00551534703807,-0.148,1.852,valid_checkpoint_order_thirds
HalfCheetah,AMAF,effective_gate,halfcheetah_primary_frozen,44,62,640000,Middle,2,0.000531869564465,0.064,2.064,valid_checkpoint_order_thirds
HalfCheetah,AMAF,effective_gate,halfcheetah_primary_frozen,44,63,660000,Middle,2,0.300954535378,-0.128,1.872,valid_checkpoint_order_thirds
HalfCheetah,AMAF,effective_gate,halfcheetah_primary_frozen,44,64,670000,Middle,2,0.150540003747,0.084,2.084,valid_checkpoint_order_thirds
HalfCheetah,AMAF,effective_gate,halfcheetah_primary_frozen,44,65,680000,Middle,2,0.232725347309,-0.108,1.892,valid_checkpoint_order_thirds
HalfCheetah,AMAF,effective_gate,halfcheetah_primary_frozen,44,66,690000,Middle,2,0.459964582004,0.104,2.104,valid_checkpoint_order_thirds
HalfCheetah,AMAF,effective_gate,halfcheetah_primary_frozen,44,67,700000,Middle,2,0.115325621034,-0.088,1.912,valid_checkpoint_order_thirds
HalfCheetah,AMAF,effective_gate,halfcheetah_primary_frozen,44,68,710000,Middle,2,0.439325656538,0.124,2.124,valid_checkpoint_order_thirds
HalfCheetah,AMAF,effective_gate,halfcheetah_primary_frozen,44,69,720000,Middle,2,0.0123885190807,-0.068,1.932,valid_checkpoint_order_thirds
HalfCheetah,AMAF,effective_gate,halfcheetah_primary_frozen,44,70,730000,Middle,2,0.0264621198677,0.144,2.144,valid_checkpoint_order_thirds
HalfCheetah,AMAF,effective_gate,halfcheetah_primary_frozen,44,71,740000,Middle,2,0.000909635407394,-0.048,1.952,valid_checkpoint_order_thirds
HalfCheetah,AMAF,effective_gate,halfcheetah_primary_frozen,44,72,750000,Middle,2,0.219153999859,0.164,2.164,valid_checkpoint_order_thirds
HalfCheetah,AMAF,effective_gate,halfcheetah_primary_frozen,44,73,760000,Middle,2,0.0321708028386,-0.028,1.972,valid_checkpoint_order_thirds
HalfCheetah,AMAF,effective_gate,halfcheetah_primary_frozen,44,74,770000,Middle,2,0.06762356869,0.184,2.184,valid_checkpoint_order_thirds
HalfCheetah,AMAF,effective_gate,halfcheetah_primary_frozen,44,75,780000,Middle,2,0.273882074357,-0.008,1.992,valid_checkpoint_order_thirds
HalfCheetah,AMAF,effective_gate,halfcheetah_primary_frozen,44,76,790000,Middle,2,0.0651695745661,-0.2,1.8,valid_checkpoint_order_thirds
HalfCheetah,AMAF,effective_gate,halfcheetah_primary_frozen,44,77,800000,Middle,2,0.0325579879449,0.012,2.012,valid_checkpoint_order_thirds
HalfCheetah,AMAF,effective_gate,halfcheetah_primary_frozen,44,78,810000,Middle,2,0.340313846642,-0.18,1.82,valid_checkpoint_order_thirds
HalfCheetah,AMAF,effective_gate,halfcheetah_primary_frozen,44,79,820000,Middle,2,0.0648349816698,0.032,2.032,valid_checkpoint_order_thirds
HalfCheetah,AMAF,effective_gate,halfcheetah_primary_frozen,44,80,830000,Middle,2,0.0264810044257,-0.16,1.84,valid_checkpoint_order_thirds
HalfCheetah,AMAF,effective_gate,halfcheetah_primary_frozen,44,81,840000,Middle,2,0.0317904786538,0.052,2.052,valid_checkpoint_order_thirds
HalfCheetah,AMAF,effective_gate,halfcheetah_primary_frozen,44,82,850000,Middle,2,0.0884152611963,-0.14,1.86,valid_checkpoint_order_thirds
HalfCheetah,AMAF,effective_gate,halfcheetah_primary_frozen,44,83,860000,Middle,2,0.314501515804,0.072,2.072,valid_checkpoint_order_thirds
HalfCheetah,AMAF,effective_gate,halfcheetah_primary_frozen,44,84,870000,Middle,2,0.0881749527014,-0.12,1.88,valid_checkpoint_order_thirds
HalfCheetah,AMAF,effective_gate,halfcheetah_primary_frozen,44,85,880000,Middle,2,0.0235117730834,0.092,2.092,valid_checkpoint_order_thirds
HalfCheetah,AMAF,effective_gate,halfcheetah_primary_frozen,44,86,890000,Middle,2,0.498726090415,-0.1,1.9,valid_checkpoint_order_thirds
HalfCheetah,AMAF,effective_gate,halfcheetah_primary_frozen,44,87,900000,Middle,2,0.274406110322,0.112,2.112,valid_checkpoint_order_thirds
HalfCheetah,AMAF,effective_gate,halfcheetah_primary_frozen,44,88,910000,Middle,2,0.0510643341464,-0.08,1.92,valid_checkpoint_order_thirds
HalfCheetah,AMAF,effective_gate,halfcheetah_primary_frozen,44,89,920000,Middle,2,0.352739558148,0.132,2.132,valid_checkpoint_order_thirds
HalfCheetah,AMAF,effective_gate,halfcheetah_primary_frozen,44,90,930000,Middle,2,0.477251115017,-0.06,1.94,valid_checkpoint_order_thirds
HalfCheetah,AMAF,effective_gate,halfcheetah_primary_frozen,44,91,940000,Middle,2,0.0525772283966,0.152,2.152,valid_checkpoint_order_thirds
HalfCheetah,AMAF,effective_gate,halfcheetah_primary_frozen,44,92,950000,Middle,2,0.102321623088,-0.04,1.96,valid_checkpoint_order_thirds
HalfCheetah,AMAF,effective_gate,halfcheetah_primary_frozen,44,93,960000,Middle,2,0.00043741901668,0.172,2.172,valid_checkpoint_order_thirds
HalfCheetah,AMAF,effective_gate,halfcheetah_primary_frozen,44,94,970000,Middle,2,0.0721584480786,-0.02,1.98,valid_checkpoint_order_thirds
HalfCheetah,AMAF,effective_gate,halfcheetah_primary_frozen,44,95,980000,Middle,2,0.252995020247,0.192,2.192,valid_checkpoint_order_thirds
HalfCheetah,AMAF,effective_gate,halfcheetah_primary_frozen,44,96,990000,Middle,2,0.320734766924,0,2,valid_checkpoint_order_thirds
HalfCheetah,AMAF,effective_gate,halfcheetah_primary_frozen,44,97,1000000,Late,3,0.000181418453421,-0.192,2.808,valid_checkpoint_order_thirds
HalfCheetah,AMAF,effective_gate,halfcheetah_primary_frozen,44,98,1010000,Late,3,0.0188231684194,0.02,3.02,valid_checkpoint_order_thirds
HalfCheetah,AMAF,effective_gate,halfcheetah_primary_frozen,44,99,1020000,Late,3,0.000612241675415,-0.172,2.828,valid_checkpoint_order_thirds
HalfCheetah,AMAF,effective_gate,halfcheetah_primary_frozen,44,100,1030000,Late,3,0.0379554400084,0.04,3.04,valid_checkpoint_order_thirds
HalfCheetah,AMAF,effective_gate,halfcheetah_primary_frozen,44,101,1040000,Late,3,0.124819405165,-0.152,2.848,valid_checkpoint_order_thirds
HalfCheetah,AMAF,effective_gate,halfcheetah_primary_frozen,44,102,1050000,Late,3,0.0568872484161,0.06,3.06,valid_checkpoint_order_thirds
HalfCheetah,AMAF,effective_gate,halfcheetah_primary_frozen,44,103,1060000,Late,3,0.00127667438348,-0.132,2.868,valid_checkpoint_order_thirds
HalfCheetah,AMAF,effective_gate,halfcheetah_primary_frozen,44,104,1070000,Late,3,0.0593482164068,0.08,3.08,valid_checkpoint_order_thirds
HalfCheetah,AMAF,effective_gate,halfcheetah_primary_frozen,44,105,1080000,Late,3,0.00362849543631,-0.112,2.888,valid_checkpoint_order_thirds
HalfCheetah,AMAF,effective_gate,halfcheetah_primary_frozen,44,106,1090000,Late,3,0.0487836549032,0.1,3.1,valid_checkpoint_order_thirds
HalfCheetah,AMAF,effective_gate,halfcheetah_primary_frozen,44,107,1100000,Late,3,7.98005354055e-05,-0.092,2.908,valid_checkpoint_order_thirds
HalfCheetah,AMAF,effective_gate,halfcheetah_primary_frozen,44,108,1110000,Late,3,0.38000555079,0.12,3.12,valid_checkpoint_order_thirds
HalfCheetah,AMAF,effective_gate,halfcheetah_primary_frozen,44,109,1120000,Late,3,3.98165499711e-06,-0.072,2.928,valid_checkpoint_order_thirds
HalfCheetah,AMAF,effective_gate,halfcheetah_primary_frozen,44,110,1130000,Late,3,0.45949147468,0.14,3.14,valid_checkpoint_order_thirds
HalfCheetah,AMAF,effective_gate,halfcheetah_primary_frozen,44,111,1140000,Late,3,0.323925963543,-0.052,2.948,valid_checkpoint_order_thirds
HalfCheetah,AMAF,effective_gate,halfcheetah_primary_frozen,44,112,1150000,Late,3,0.00994687456846,0.16,3.16,valid_checkpoint_order_thirds
HalfCheetah,AMAF,effective_gate,halfcheetah_primary_frozen,44,113,1160000,Late,3,0.00348591733274,-0.032,2.968,valid_checkpoint_order_thirds
HalfCheetah,AMAF,effective_gate,halfcheetah_primary_frozen,44,114,1170000,Late,3,0.000242235356626,0.18,3.18,valid_checkpoint_order_thirds
HalfCheetah,AMAF,effective_gate,halfcheetah_primary_frozen,44,115,1180000,Late,3,0.198187915146,-0.012,2.988,valid_checkpoint_order_thirds
HalfCheetah,AMAF,effective_gate,halfcheetah_primary_frozen,44,116,1190000,Late,3,0.0014513457338,0.2,3.2,valid_checkpoint_order_thirds
HalfCheetah,AMAF,effective_gate,halfcheetah_primary_frozen,44,117,1200000,Late,3,0.000988518748418,0.008,3.008,valid_checkpoint_order_thirds
HalfCheetah,AMAF,effective_gate,halfcheetah_primary_frozen,44,118,1210000,Late,3,0.182386576992,-0.184,2.816,valid_checkpoint_order_thirds
HalfCheetah,AMAF,effective_gate,halfcheetah_primary_frozen,44,119,1220000,Late,3,0.00191806710613,0.028,3.028,valid_checkpoint_order_thirds
HalfCheetah,AMAF,effective_gate,halfcheetah_primary_frozen,44,120,1230000,Late,3,0.0345902039492,-0.164,2.836,valid_checkpoint_order_thirds
HalfCheetah,AMAF,effective_gate,halfcheetah_primary_frozen,44,121,1240000,Late,3,0.00551292374771,0.048,3.048,valid_checkpoint_order_thirds
HalfCheetah,AMAF,effective_gate,halfcheetah_primary_frozen,44,122,1250000,Late,3,0.0661256219661,-0.144,2.856,valid_checkpoint_order_thirds
HalfCheetah,AMAF,effective_gate,halfcheetah_primary_frozen,44,123,1260000,Late,3,0.000102716475598,0.068,3.068,valid_checkpoint_order_thirds
HalfCheetah,AMAF,effective_gate,halfcheetah_primary_frozen,44,124,1270000,Late,3,4.58372057843e-05,-0.124,2.876,valid_checkpoint_order_thirds
HalfCheetah,AMAF,effective_gate,halfcheetah_primary_frozen,44,125,1280000,Late,3,6.69774111882e-05,0.088,3.088,valid_checkpoint_order_thirds
HalfCheetah,AMAF,effective_gate,halfcheetah_primary_frozen,44,126,1290000,Late,3,2.08768451098e-05,-0.104,2.896,valid_checkpoint_order_thirds
HalfCheetah,AMAF,effective_gate,halfcheetah_primary_frozen,44,127,1300000,Late,3,0.00186595898736,0.108,3.108,valid_checkpoint_order_thirds
HalfCheetah,AMAF,effective_gate,halfcheetah_primary_frozen,44,128,1310000,Late,3,1.7141793538e-05,-0.084,2.916,valid_checkpoint_order_thirds
HalfCheetah,AMAF,effective_gate,halfcheetah_primary_frozen,44,129,1320000,Late,3,0.0037311063662,0.128,3.128,valid_checkpoint_order_thirds
HalfCheetah,AMAF,effective_gate,halfcheetah_primary_frozen,44,130,1330000,Late,3,0.0268745338781,-0.064,2.936,valid_checkpoint_order_thirds
HalfCheetah,AMAF,effective_gate,halfcheetah_primary_frozen,44,131,1340000,Late,3,0.000255823416235,0.148,3.148,valid_checkpoint_order_thirds
HalfCheetah,AMAF,effective_gate,halfcheetah_primary_frozen,44,132,1360000,Late,3,0.000906458011223,-0.044,2.956,valid_checkpoint_order_thirds
HalfCheetah,AMAF,effective_gate,halfcheetah_primary_frozen,44,133,1370000,Late,3,0.000549259593946,0.168,3.168,valid_checkpoint_order_thirds
HalfCheetah,AMAF,effective_gate,halfcheetah_primary_frozen,44,134,1380000,Late,3,0.000221919638504,-0.024,2.976,valid_checkpoint_order_thirds
HalfCheetah,AMAF,effective_gate,halfcheetah_primary_frozen,44,135,1400000,Late,3,1.68040278455e-05,0.188,3.188,valid_checkpoint_order_thirds
HalfCheetah,AMAF,effective_gate,halfcheetah_primary_frozen,44,136,1420000,Late,3,0.000689267551697,-0.004,2.996,valid_checkpoint_order_thirds
HalfCheetah,AMAF,effective_gate,halfcheetah_primary_frozen,44,137,1430000,Late,3,0.00616844811447,-0.196,2.804,valid_checkpoint_order_thirds
HalfCheetah,AMAF,effective_gate,halfcheetah_primary_frozen,44,138,1450000,Late,3,0.000429812998649,0.016,3.016,valid_checkpoint_order_thirds
HalfCheetah,AMAF,effective_gate,halfcheetah_primary_frozen,44,139,1460000,Late,3,0.392837703271,-0.176,2.824,valid_checkpoint_order_thirds
HalfCheetah,AMAF,effective_gate,halfcheetah_primary_frozen,44,140,1470000,Late,3,4.62206981577e-13,0.036,3.036,valid_checkpoint_order_thirds
HalfCheetah,AMAF,effective_gate,halfcheetah_primary_frozen,44,141,1480000,Late,3,0.000470947000484,-0.156,2.844,valid_checkpoint_order_thirds
HalfCheetah,AMAF,effective_gate,halfcheetah_primary_frozen,44,142,1490000,Late,3,2.15016395507e-08,0.056,3.056,valid_checkpoint_order_thirds
HalfCheetah,AMAF,effective_gate,halfcheetah_primary_frozen,44,143,1500000,Late,3,0.0011123138776,-0.136,2.864,valid_checkpoint_order_thirds
HalfCheetah,AMAF,effective_gate,halfcheetah_primary_frozen,55,1,10000,Early,1,1,0.072,1.072,valid_checkpoint_order_thirds
HalfCheetah,AMAF,effective_gate,halfcheetah_primary_frozen,55,2,20000,Early,1,1,-0.12,0.88,valid_checkpoint_order_thirds
HalfCheetah,AMAF,effective_gate,halfcheetah_primary_frozen,55,3,30000,Early,1,0.869628717094,0.092,1.092,valid_checkpoint_order_thirds
HalfCheetah,AMAF,effective_gate,halfcheetah_primary_frozen,55,4,40000,Early,1,0.729242365076,-0.1,0.9,valid_checkpoint_order_thirds
HalfCheetah,AMAF,effective_gate,halfcheetah_primary_frozen,55,5,50000,Early,1,0.00334532735632,0.112,1.112,valid_checkpoint_order_thirds
HalfCheetah,AMAF,effective_gate,halfcheetah_primary_frozen,55,6,60000,Early,1,0.00528877128013,-0.08,0.92,valid_checkpoint_order_thirds
HalfCheetah,AMAF,effective_gate,halfcheetah_primary_frozen,55,7,70000,Early,1,0.462907983942,0.132,1.132,valid_checkpoint_order_thirds
HalfCheetah,AMAF,effective_gate,halfcheetah_primary_frozen,55,8,80000,Early,1,0.000474059400175,-0.06,0.94,valid_checkpoint_order_thirds
HalfCheetah,AMAF,effective_gate,halfcheetah_primary_frozen,55,9,90000,Early,1,6.52379900489e-05,0.152,1.152,valid_checkpoint_order_thirds
HalfCheetah,AMAF,effective_gate,halfcheetah_primary_frozen,55,10,100000,Early,1,0.15079735891,-0.04,0.96,valid_checkpoint_order_thirds
HalfCheetah,AMAF,effective_gate,halfcheetah_primary_frozen,55,11,110000,Early,1,0.139362403909,0.172,1.172,valid_checkpoint_order_thirds
HalfCheetah,AMAF,effective_gate,halfcheetah_primary_frozen,55,12,120000,Early,1,0.414542293522,-0.02,0.98,valid_checkpoint_order_thirds
HalfCheetah,AMAF,effective_gate,halfcheetah_primary_frozen,55,13,130000,Early,1,0.246997458003,0.192,1.192,valid_checkpoint_order_thirds
HalfCheetah,AMAF,effective_gate,halfcheetah_primary_frozen,55,14,140000,Early,1,0.437100519187,0,1,valid_checkpoint_order_thirds
HalfCheetah,AMAF,effective_gate,halfcheetah_primary_frozen,55,15,150000,Early,1,0.00383309282514,-0.192,0.808,valid_checkpoint_order_thirds
HalfCheetah,AMAF,effective_gate,halfcheetah_primary_frozen,55,16,160000,Early,1,0.248624226906,0.02,1.02,valid_checkpoint_order_thirds
HalfCheetah,AMAF,effective_gate,halfcheetah_primary_frozen,55,17,170000,Early,1,0.0238821271758,-0.172,0.828,valid_checkpoint_order_thirds
HalfCheetah,AMAF,effective_gate,halfcheetah_primary_frozen,55,18,180000,Early,1,0.401713120255,0.04,1.04,valid_checkpoint_order_thirds
HalfCheetah,AMAF,effective_gate,halfcheetah_primary_frozen,55,19,190000,Early,1,0.481562999089,-0.152,0.848,valid_checkpoint_order_thirds
HalfCheetah,AMAF,effective_gate,halfcheetah_primary_frozen,55,20,200000,Early,1,0.468111073205,0.06,1.06,valid_checkpoint_order_thirds
HalfCheetah,AMAF,effective_gate,halfcheetah_primary_frozen,55,21,210000,Early,1,0.161143659583,-0.132,0.868,valid_checkpoint_order_thirds
HalfCheetah,AMAF,effective_gate,halfcheetah_primary_frozen,55,22,220000,Early,1,0.214379501333,0.08,1.08,valid_checkpoint_order_thirds
HalfCheetah,AMAF,effective_gate,halfcheetah_primary_frozen,55,23,230000,Early,1,0.174376113192,-0.112,0.888,valid_checkpoint_order_thirds
HalfCheetah,AMAF,effective_gate,halfcheetah_primary_frozen,55,24,240000,Early,1,0.493594461087,0.1,1.1,valid_checkpoint_order_thirds
HalfCheetah,AMAF,effective_gate,halfcheetah_primary_frozen,55,25,250000,Early,1,0.340624554087,-0.092,0.908,valid_checkpoint_order_thirds
HalfCheetah,AMAF,effective_gate,halfcheetah_primary_frozen,55,26,260000,Early,1,0.391336338287,0.12,1.12,valid_checkpoint_order_thirds
HalfCheetah,AMAF,effective_gate,halfcheetah_primary_frozen,55,27,270000,Early,1,0.305004849215,-0.072,0.928,valid_checkpoint_order_thirds
HalfCheetah,AMAF,effective_gate,halfcheetah_primary_frozen,55,28,280000,Early,1,0.359342922412,0.14,1.14,valid_checkpoint_order_thirds
HalfCheetah,AMAF,effective_gate,halfcheetah_primary_frozen,55,29,290000,Early,1,0.668540077424,-0.052,0.948,valid_checkpoint_order_thirds
HalfCheetah,AMAF,effective_gate,halfcheetah_primary_frozen,55,30,300000,Early,1,0.607369557057,0.16,1.16,valid_checkpoint_order_thirds
HalfCheetah,AMAF,effective_gate,halfcheetah_primary_frozen,55,31,310000,Early,1,0.182767314165,-0.032,0.968,valid_checkpoint_order_thirds
HalfCheetah,AMAF,effective_gate,halfcheetah_primary_frozen,55,32,320000,Early,1,0.366082854707,0.18,1.18,valid_checkpoint_order_thirds
HalfCheetah,AMAF,effective_gate,halfcheetah_primary_frozen,55,33,330000,Early,1,0.00506338977467,-0.012,0.988,valid_checkpoint_order_thirds
HalfCheetah,AMAF,effective_gate,halfcheetah_primary_frozen,55,34,340000,Early,1,0.389238047698,0.2,1.2,valid_checkpoint_order_thirds
HalfCheetah,AMAF,effective_gate,halfcheetah_primary_frozen,55,35,350000,Early,1,0.149236044593,0.008,1.008,valid_checkpoint_order_thirds
HalfCheetah,AMAF,effective_gate,halfcheetah_primary_frozen,55,36,360000,Early,1,0.00822538225753,-0.184,0.816,valid_checkpoint_order_thirds
HalfCheetah,AMAF,effective_gate,halfcheetah_primary_frozen,55,37,370000,Early,1,0.448803719052,0.028,1.028,valid_checkpoint_order_thirds
HalfCheetah,AMAF,effective_gate,halfcheetah_primary_frozen,55,38,380000,Early,1,0.426373562329,-0.164,0.836,valid_checkpoint_order_thirds
HalfCheetah,AMAF,effective_gate,halfcheetah_primary_frozen,55,39,390000,Early,1,0.121126861532,0.048,1.048,valid_checkpoint_order_thirds
HalfCheetah,AMAF,effective_gate,halfcheetah_primary_frozen,55,40,400000,Early,1,0.266243643366,-0.144,0.856,valid_checkpoint_order_thirds
HalfCheetah,AMAF,effective_gate,halfcheetah_primary_frozen,55,41,410000,Early,1,0.0289313844291,0.068,1.068,valid_checkpoint_order_thirds
HalfCheetah,AMAF,effective_gate,halfcheetah_primary_frozen,55,42,420000,Early,1,0.480100047847,-0.124,0.876,valid_checkpoint_order_thirds
HalfCheetah,AMAF,effective_gate,halfcheetah_primary_frozen,55,43,430000,Early,1,0.105667012947,0.088,1.088,valid_checkpoint_order_thirds
HalfCheetah,AMAF,effective_gate,halfcheetah_primary_frozen,55,44,440000,Early,1,0.569396921718,-0.104,0.896,valid_checkpoint_order_thirds
HalfCheetah,AMAF,effective_gate,halfcheetah_primary_frozen,55,45,450000,Early,1,0.500546535677,0.108,1.108,valid_checkpoint_order_thirds
HalfCheetah,AMAF,effective_gate,halfcheetah_primary_frozen,55,46,460000,Early,1,0.00164797752746,-0.084,0.916,valid_checkpoint_order_thirds
HalfCheetah,AMAF,effective_gate,halfcheetah_primary_frozen,55,47,470000,Early,1,0.074179816742,0.128,1.128,valid_checkpoint_order_thirds
HalfCheetah,AMAF,effective_gate,halfcheetah_primary_frozen,55,48,480000,Early,1,0.421766414545,-0.064,0.936,valid_checkpoint_order_thirds
HalfCheetah,AMAF,effective_gate,halfcheetah_primary_frozen,55,49,490000,Early,1,0.0265805141075,0.148,1.148,valid_checkpoint_order_thirds
HalfCheetah,AMAF,effective_gate,halfcheetah_primary_frozen,55,50,500000,Early,1,0.499495537485,-0.044,0.956,valid_checkpoint_order_thirds
HalfCheetah,AMAF,effective_gate,halfcheetah_primary_frozen,55,51,510000,Middle,2,0.0198050430434,0.168,2.168,valid_checkpoint_order_thirds
HalfCheetah,AMAF,effective_gate,halfcheetah_primary_frozen,55,52,520000,Middle,2,0.399331363229,-0.024,1.976,valid_checkpoint_order_thirds
HalfCheetah,AMAF,effective_gate,halfcheetah_primary_frozen,55,53,530000,Middle,2,0.292450263682,0.188,2.188,valid_checkpoint_order_thirds
HalfCheetah,AMAF,effective_gate,halfcheetah_primary_frozen,55,54,540000,Middle,2,0.390359977151,-0.004,1.996,valid_checkpoint_order_thirds
HalfCheetah,AMAF,effective_gate,halfcheetah_primary_frozen,55,55,550000,Middle,2,0.00205623793437,-0.196,1.804,valid_checkpoint_order_thirds
HalfCheetah,AMAF,effective_gate,halfcheetah_primary_frozen,55,56,560000,Middle,2,0.226433922014,0.016,2.016,valid_checkpoint_order_thirds
HalfCheetah,AMAF,effective_gate,halfcheetah_primary_frozen,55,57,570000,Middle,2,0.0110474289621,-0.176,1.824,valid_checkpoint_order_thirds
HalfCheetah,AMAF,effective_gate,halfcheetah_primary_frozen,55,58,580000,Middle,2,0.234302863884,0.036,2.036,valid_checkpoint_order_thirds
HalfCheetah,AMAF,effective_gate,halfcheetah_primary_frozen,55,59,590000,Middle,2,0.00606747879939,-0.156,1.844,valid_checkpoint_order_thirds
HalfCheetah,AMAF,effective_gate,halfcheetah_primary_frozen,55,60,600000,Middle,2,0.571149016462,0.056,2.056,valid_checkpoint_order_thirds
HalfCheetah,AMAF,effective_gate,halfcheetah_primary_frozen,55,61,610000,Middle,2,0.0230851145575,-0.136,1.864,valid_checkpoint_order_thirds
HalfCheetah,AMAF,effective_gate,halfcheetah_primary_frozen,55,62,620000,Middle,2,0.752868529518,0.076,2.076,valid_checkpoint_order_thirds
HalfCheetah,AMAF,effective_gate,halfcheetah_primary_frozen,55,63,630000,Middle,2,0.495270763115,-0.116,1.884,valid_checkpoint_order_thirds
HalfCheetah,AMAF,effective_gate,halfcheetah_primary_frozen,55,64,640000,Middle,2,0.00121127838255,0.096,2.096,valid_checkpoint_order_thirds
HalfCheetah,AMAF,effective_gate,halfcheetah_primary_frozen,55,65,650000,Middle,2,0.0110336736116,-0.096,1.904,valid_checkpoint_order_thirds
HalfCheetah,AMAF,effective_gate,halfcheetah_primary_frozen,55,66,660000,Middle,2,0.239315501346,0.116,2.116,valid_checkpoint_order_thirds
HalfCheetah,AMAF,effective_gate,halfcheetah_primary_frozen,55,67,670000,Middle,2,0.0371106129645,-0.076,1.924,valid_checkpoint_order_thirds
HalfCheetah,AMAF,effective_gate,halfcheetah_primary_frozen,55,68,690000,Middle,2,0.0953502829668,0.136,2.136,valid_checkpoint_order_thirds
HalfCheetah,AMAF,effective_gate,halfcheetah_primary_frozen,55,69,700000,Middle,2,0.408106138608,-0.056,1.944,valid_checkpoint_order_thirds
HalfCheetah,AMAF,effective_gate,halfcheetah_primary_frozen,55,70,710000,Middle,2,0.597618380322,0.156,2.156,valid_checkpoint_order_thirds
HalfCheetah,AMAF,effective_gate,halfcheetah_primary_frozen,55,71,720000,Middle,2,0.426137219936,-0.036,1.964,valid_checkpoint_order_thirds
HalfCheetah,AMAF,effective_gate,halfcheetah_primary_frozen,55,72,730000,Middle,2,0.00833547186061,0.176,2.176,valid_checkpoint_order_thirds
HalfCheetah,AMAF,effective_gate,halfcheetah_primary_frozen,55,73,740000,Middle,2,0.115378205444,-0.016,1.984,valid_checkpoint_order_thirds
HalfCheetah,AMAF,effective_gate,halfcheetah_primary_frozen,55,74,750000,Middle,2,0.0450449696661,0.196,2.196,valid_checkpoint_order_thirds
HalfCheetah,AMAF,effective_gate,halfcheetah_primary_frozen,55,75,760000,Middle,2,0.28158495255,0.004,2.004,valid_checkpoint_order_thirds
HalfCheetah,AMAF,effective_gate,halfcheetah_primary_frozen,55,76,770000,Middle,2,0.034022239606,-0.188,1.812,valid_checkpoint_order_thirds
HalfCheetah,AMAF,effective_gate,halfcheetah_primary_frozen,55,77,780000,Middle,2,0.483972745767,0.024,2.024,valid_checkpoint_order_thirds
HalfCheetah,AMAF,effective_gate,halfcheetah_primary_frozen,55,78,790000,Middle,2,0.0445722144064,-0.168,1.832,valid_checkpoint_order_thirds
HalfCheetah,AMAF,effective_gate,halfcheetah_primary_frozen,55,79,800000,Middle,2,0.213629586884,0.044,2.044,valid_checkpoint_order_thirds
HalfCheetah,AMAF,effective_gate,halfcheetah_primary_frozen,55,80,810000,Middle,2,0.0068679739413,-0.148,1.852,valid_checkpoint_order_thirds
HalfCheetah,AMAF,effective_gate,halfcheetah_primary_frozen,55,81,820000,Middle,2,0.439651385329,0.064,2.064,valid_checkpoint_order_thirds
HalfCheetah,AMAF,effective_gate,halfcheetah_primary_frozen,55,82,830000,Middle,2,0.00170601412776,-0.128,1.872,valid_checkpoint_order_thirds
HalfCheetah,AMAF,effective_gate,halfcheetah_primary_frozen,55,83,840000,Middle,2,0.175321417929,0.084,2.084,valid_checkpoint_order_thirds
HalfCheetah,AMAF,effective_gate,halfcheetah_primary_frozen,55,84,850000,Middle,2,0.520930521064,-0.108,1.892,valid_checkpoint_order_thirds
HalfCheetah,AMAF,effective_gate,halfcheetah_primary_frozen,55,85,860000,Middle,2,0.150010811798,0.104,2.104,valid_checkpoint_order_thirds
HalfCheetah,AMAF,effective_gate,halfcheetah_primary_frozen,55,86,870000,Middle,2,0.308249146642,-0.088,1.912,valid_checkpoint_order_thirds
HalfCheetah,AMAF,effective_gate,halfcheetah_primary_frozen,55,87,880000,Middle,2,0.540033012823,0.124,2.124,valid_checkpoint_order_thirds
HalfCheetah,AMAF,effective_gate,halfcheetah_primary_frozen,55,88,890000,Middle,2,0.000491852871684,-0.068,1.932,valid_checkpoint_order_thirds
HalfCheetah,AMAF,effective_gate,halfcheetah_primary_frozen,55,89,900000,Middle,2,0.010185473089,0.144,2.144,valid_checkpoint_order_thirds
HalfCheetah,AMAF,effective_gate,halfcheetah_primary_frozen,55,90,910000,Middle,2,0.411140682729,-0.048,1.952,valid_checkpoint_order_thirds
HalfCheetah,AMAF,effective_gate,halfcheetah_primary_frozen,55,91,920000,Middle,2,0.0390325303341,0.164,2.164,valid_checkpoint_order_thirds
HalfCheetah,AMAF,effective_gate,halfcheetah_primary_frozen,55,92,930000,Middle,2,0.539248054549,-0.028,1.972,valid_checkpoint_order_thirds
HalfCheetah,AMAF,effective_gate,halfcheetah_primary_frozen,55,93,940000,Middle,2,0.00181567258765,0.184,2.184,valid_checkpoint_order_thirds
HalfCheetah,AMAF,effective_gate,halfcheetah_primary_frozen,55,94,950000,Middle,2,0.000294053991173,-0.008,1.992,valid_checkpoint_order_thirds
HalfCheetah,AMAF,effective_gate,halfcheetah_primary_frozen,55,95,960000,Middle,2,0.000819227795996,-0.2,1.8,valid_checkpoint_order_thirds
HalfCheetah,AMAF,effective_gate,halfcheetah_primary_frozen,55,96,970000,Middle,2,0.436750125736,0.012,2.012,valid_checkpoint_order_thirds
HalfCheetah,AMAF,effective_gate,halfcheetah_primary_frozen,55,97,980000,Middle,2,0.011952589017,-0.18,1.82,valid_checkpoint_order_thirds
HalfCheetah,AMAF,effective_gate,halfcheetah_primary_frozen,55,98,990000,Middle,2,0.314413029566,0.032,2.032,valid_checkpoint_order_thirds
HalfCheetah,AMAF,effective_gate,halfcheetah_primary_frozen,55,99,1000000,Middle,2,0.499639024243,-0.16,1.84,valid_checkpoint_order_thirds
HalfCheetah,AMAF,effective_gate,halfcheetah_primary_frozen,55,100,1010000,Late,3,0.282650491457,0.052,3.052,valid_checkpoint_order_thirds
HalfCheetah,AMAF,effective_gate,halfcheetah_primary_frozen,55,101,1020000,Late,3,1.72506921863e-05,-0.14,2.86,valid_checkpoint_order_thirds
HalfCheetah,AMAF,effective_gate,halfcheetah_primary_frozen,55,102,1030000,Late,3,0.000121625339125,0.072,3.072,valid_checkpoint_order_thirds
HalfCheetah,AMAF,effective_gate,halfcheetah_primary_frozen,55,103,1040000,Late,3,0.503630175134,-0.12,2.88,valid_checkpoint_order_thirds
HalfCheetah,AMAF,effective_gate,halfcheetah_primary_frozen,55,104,1050000,Late,3,0.161414190173,0.092,3.092,valid_checkpoint_order_thirds
HalfCheetah,AMAF,effective_gate,halfcheetah_primary_frozen,55,105,1060000,Late,3,7.02738967753e-07,-0.1,2.9,valid_checkpoint_order_thirds
HalfCheetah,AMAF,effective_gate,halfcheetah_primary_frozen,55,106,1070000,Late,3,0.0387017842243,0.112,3.112,valid_checkpoint_order_thirds
HalfCheetah,AMAF,effective_gate,halfcheetah_primary_frozen,55,107,1080000,Late,3,0.0747509448328,-0.08,2.92,valid_checkpoint_order_thirds
HalfCheetah,AMAF,effective_gate,halfcheetah_primary_frozen,55,108,1090000,Late,3,4.63009670185e-08,0.132,3.132,valid_checkpoint_order_thirds
HalfCheetah,AMAF,effective_gate,halfcheetah_primary_frozen,55,109,1100000,Late,3,0.000195427222761,-0.06,2.94,valid_checkpoint_order_thirds
HalfCheetah,AMAF,effective_gate,halfcheetah_primary_frozen,55,110,1110000,Late,3,0.404575984258,0.152,3.152,valid_checkpoint_order_thirds
HalfCheetah,AMAF,effective_gate,halfcheetah_primary_frozen,55,111,1120000,Late,3,6.45055798086e-05,-0.04,2.96,valid_checkpoint_order_thirds
HalfCheetah,AMAF,effective_gate,halfcheetah_primary_frozen,55,112,1130000,Late,3,0.000677608879702,0.172,3.172,valid_checkpoint_order_thirds
HalfCheetah,AMAF,effective_gate,halfcheetah_primary_frozen,55,113,1140000,Late,3,0.00137873919445,-0.02,2.98,valid_checkpoint_order_thirds
HalfCheetah,AMAF,effective_gate,halfcheetah_primary_frozen,55,114,1150000,Late,3,0.509627842405,0.192,3.192,valid_checkpoint_order_thirds
HalfCheetah,AMAF,effective_gate,halfcheetah_primary_frozen,55,115,1160000,Late,3,1.06391498714e-07,0,3,valid_checkpoint_order_thirds
HalfCheetah,AMAF,effective_gate,halfcheetah_primary_frozen,55,116,1170000,Late,3,0.0331300898695,-0.192,2.808,valid_checkpoint_order_thirds
HalfCheetah,AMAF,effective_gate,halfcheetah_primary_frozen,55,117,1190000,Late,3,0.00154454669305,0.02,3.02,valid_checkpoint_order_thirds
HalfCheetah,AMAF,effective_gate,halfcheetah_primary_frozen,55,118,1200000,Late,3,0.358562483067,-0.172,2.828,valid_checkpoint_order_thirds
HalfCheetah,AMAF,effective_gate,halfcheetah_primary_frozen,55,119,1210000,Late,3,0.00872057998277,0.04,3.04,valid_checkpoint_order_thirds
HalfCheetah,AMAF,effective_gate,halfcheetah_primary_frozen,55,120,1220000,Late,3,1.04201274384e-05,-0.152,2.848,valid_checkpoint_order_thirds
HalfCheetah,AMAF,effective_gate,halfcheetah_primary_frozen,55,121,1230000,Late,3,3.1679209919e-05,0.06,3.06,valid_checkpoint_order_thirds
HalfCheetah,AMAF,effective_gate,halfcheetah_primary_frozen,55,122,1240000,Late,3,0.00135057697295,-0.132,2.868,valid_checkpoint_order_thirds
HalfCheetah,AMAF,effective_gate,halfcheetah_primary_frozen,55,123,1250000,Late,3,0.115920147301,0.08,3.08,valid_checkpoint_order_thirds
HalfCheetah,AMAF,effective_gate,halfcheetah_primary_frozen,55,124,1260000,Late,3,7.12924811819e-05,-0.112,2.888,valid_checkpoint_order_thirds
HalfCheetah,AMAF,effective_gate,halfcheetah_primary_frozen,55,125,1270000,Late,3,0.0321339160176,0.1,3.1,valid_checkpoint_order_thirds
HalfCheetah,AMAF,effective_gate,halfcheetah_primary_frozen,55,126,1280000,Late,3,6.52326998177e-08,-0.092,2.908,valid_checkpoint_order_thirds
HalfCheetah,AMAF,effective_gate,halfcheetah_primary_frozen,55,127,1290000,Late,3,3.68722472005e-10,0.12,3.12,valid_checkpoint_order_thirds
HalfCheetah,AMAF,effective_gate,halfcheetah_primary_frozen,55,128,1300000,Late,3,0.000198848064967,-0.072,2.928,valid_checkpoint_order_thirds
HalfCheetah,AMAF,effective_gate,halfcheetah_primary_frozen,55,129,1310000,Late,3,0.00551650554803,0.14,3.14,valid_checkpoint_order_thirds
HalfCheetah,AMAF,effective_gate,halfcheetah_primary_frozen,55,130,1320000,Late,3,1.22584466073e-09,-0.052,2.948,valid_checkpoint_order_thirds
HalfCheetah,AMAF,effective_gate,halfcheetah_primary_frozen,55,131,1330000,Late,3,0.0442144379498,0.16,3.16,valid_checkpoint_order_thirds
HalfCheetah,AMAF,effective_gate,halfcheetah_primary_frozen,55,132,1340000,Late,3,2.45540203961e-19,-0.032,2.968,valid_checkpoint_order_thirds
HalfCheetah,AMAF,effective_gate,halfcheetah_primary_frozen,55,133,1350000,Late,3,0.000856992227012,0.18,3.18,valid_checkpoint_order_thirds
HalfCheetah,AMAF,effective_gate,halfcheetah_primary_frozen,55,134,1360000,Late,3,7.2324015758e-05,-0.012,2.988,valid_checkpoint_order_thirds
HalfCheetah,AMAF,effective_gate,halfcheetah_primary_frozen,55,135,1370000,Late,3,9.60035997879e-08,0.2,3.2,valid_checkpoint_order_thirds
HalfCheetah,AMAF,effective_gate,halfcheetah_primary_frozen,55,136,1380000,Late,3,4.53565048122e-18,0.008,3.008,valid_checkpoint_order_thirds
HalfCheetah,AMAF,effective_gate,halfcheetah_primary_frozen,55,137,1390000,Late,3,0.00498071005205,-0.184,2.816,valid_checkpoint_order_thirds
HalfCheetah,AMAF,effective_gate,halfcheetah_primary_frozen,55,138,1400000,Late,3,3.24759773247e-20,0.028,3.028,valid_checkpoint_order_thirds
HalfCheetah,AMAF,effective_gate,halfcheetah_primary_frozen,55,139,1410000,Late,3,1.7454622011e-08,-0.164,2.836,valid_checkpoint_order_thirds
HalfCheetah,AMAF,effective_gate,halfcheetah_primary_frozen,55,140,1420000,Late,3,0.0319923301173,0.048,3.048,valid_checkpoint_order_thirds
HalfCheetah,AMAF,effective_gate,halfcheetah_primary_frozen,55,141,1430000,Late,3,8.84886443694e-07,-0.144,2.856,valid_checkpoint_order_thirds
HalfCheetah,AMAF,effective_gate,halfcheetah_primary_frozen,55,142,1440000,Late,3,4.16020589136e-06,0.068,3.068,valid_checkpoint_order_thirds
HalfCheetah,AMAF,effective_gate,halfcheetah_primary_frozen,55,143,1450000,Late,3,1.91006107569e-17,-0.124,2.876,valid_checkpoint_order_thirds
HalfCheetah,AMAF,effective_gate,halfcheetah_primary_frozen,55,144,1460000,Late,3,0.00127760459489,0.088,3.088,valid_checkpoint_order_thirds
HalfCheetah,AMAF,effective_gate,halfcheetah_primary_frozen,55,145,1470000,Late,3,2.1515005778e-05,-0.104,2.896,valid_checkpoint_order_thirds
HalfCheetah,AMAF,effective_gate,halfcheetah_primary_frozen,55,146,1480000,Late,3,0.000752782826637,0.108,3.108,valid_checkpoint_order_thirds
HalfCheetah,AMAF,effective_gate,halfcheetah_primary_frozen,55,147,1490000,Late,3,4.56045648632e-06,-0.084,2.916,valid_checkpoint_order_thirds
HalfCheetah,AMAF,effective_gate,halfcheetah_primary_frozen,55,148,1500000,Late,3,0.0619225709239,0.128,3.128,valid_checkpoint_order_thirds
HalfCheetah,AMAF,effective_gate,halfcheetah_replication_frozen,66,1,10000,Early,1,1,0.084,1.084,valid_checkpoint_order_thirds
HalfCheetah,AMAF,effective_gate,halfcheetah_replication_frozen,66,2,20000,Early,1,1,-0.108,0.892,valid_checkpoint_order_thirds
HalfCheetah,AMAF,effective_gate,halfcheetah_replication_frozen,66,3,30000,Early,1,0.578542087873,0.104,1.104,valid_checkpoint_order_thirds
HalfCheetah,AMAF,effective_gate,halfcheetah_replication_frozen,66,4,40000,Early,1,0.056194882684,-0.088,0.912,valid_checkpoint_order_thirds
HalfCheetah,AMAF,effective_gate,halfcheetah_replication_frozen,66,5,50000,Early,1,0.0643253276261,0.124,1.124,valid_checkpoint_order_thirds
HalfCheetah,AMAF,effective_gate,halfcheetah_replication_frozen,66,6,60000,Early,1,0.742866424065,-0.068,0.932,valid_checkpoint_order_thirds
HalfCheetah,AMAF,effective_gate,halfcheetah_replication_frozen,66,7,70000,Early,1,0.0108763413492,0.144,1.144,valid_checkpoint_order_thirds
HalfCheetah,AMAF,effective_gate,halfcheetah_replication_frozen,66,8,80000,Early,1,0.00270200333437,-0.048,0.952,valid_checkpoint_order_thirds
HalfCheetah,AMAF,effective_gate,halfcheetah_replication_frozen,66,9,90000,Early,1,0.230214051031,0.164,1.164,valid_checkpoint_order_thirds
HalfCheetah,AMAF,effective_gate,halfcheetah_replication_frozen,66,10,100000,Early,1,0.431210766688,-0.028,0.972,valid_checkpoint_order_thirds
HalfCheetah,AMAF,effective_gate,halfcheetah_replication_frozen,66,11,110000,Early,1,0.0374223082623,0.184,1.184,valid_checkpoint_order_thirds
HalfCheetah,AMAF,effective_gate,halfcheetah_replication_frozen,66,12,120000,Early,1,0.0541648699628,-0.008,0.992,valid_checkpoint_order_thirds
HalfCheetah,AMAF,effective_gate,halfcheetah_replication_frozen,66,13,130000,Early,1,0.0823409670917,-0.2,0.8,valid_checkpoint_order_thirds
HalfCheetah,AMAF,effective_gate,halfcheetah_replication_frozen,66,14,140000,Early,1,0.0489713671869,0.012,1.012,valid_checkpoint_order_thirds
HalfCheetah,AMAF,effective_gate,halfcheetah_replication_frozen,66,15,150000,Early,1,0.202098052747,-0.18,0.82,valid_checkpoint_order_thirds
HalfCheetah,AMAF,effective_gate,halfcheetah_replication_frozen,66,16,160000,Early,1,0.0292176662337,0.032,1.032,valid_checkpoint_order_thirds
HalfCheetah,AMAF,effective_gate,halfcheetah_replication_frozen,66,17,170000,Early,1,0.0213963462246,-0.16,0.84,valid_checkpoint_order_thirds
HalfCheetah,AMAF,effective_gate,halfcheetah_replication_frozen,66,18,180000,Early,1,0.0381740548423,0.052,1.052,valid_checkpoint_order_thirds
HalfCheetah,AMAF,effective_gate,halfcheetah_replication_frozen,66,19,190000,Early,1,0.659616200641,-0.14,0.86,valid_checkpoint_order_thirds
HalfCheetah,AMAF,effective_gate,halfcheetah_replication_frozen,66,20,200000,Early,1,0.077631282839,0.072,1.072,valid_checkpoint_order_thirds
HalfCheetah,AMAF,effective_gate,halfcheetah_replication_frozen,66,21,210000,Early,1,4.510890943e-05,-0.12,0.88,valid_checkpoint_order_thirds
HalfCheetah,AMAF,effective_gate,halfcheetah_replication_frozen,66,22,220000,Early,1,0.0370639418849,0.092,1.092,valid_checkpoint_order_thirds
HalfCheetah,AMAF,effective_gate,halfcheetah_replication_frozen,66,23,230000,Early,1,0.457725850809,-0.1,0.9,valid_checkpoint_order_thirds
HalfCheetah,AMAF,effective_gate,halfcheetah_replication_frozen,66,24,240000,Early,1,0.501906975828,0.112,1.112,valid_checkpoint_order_thirds
HalfCheetah,AMAF,effective_gate,halfcheetah_replication_frozen,66,25,250000,Early,1,0.000701662909731,-0.08,0.92,valid_checkpoint_order_thirds
HalfCheetah,AMAF,effective_gate,halfcheetah_replication_frozen,66,26,260000,Early,1,0.00130210069826,0.132,1.132,valid_checkpoint_order_thirds
HalfCheetah,AMAF,effective_gate,halfcheetah_replication_frozen,66,27,270000,Early,1,0.444724501171,-0.06,0.94,valid_checkpoint_order_thirds
HalfCheetah,AMAF,effective_gate,halfcheetah_replication_frozen,66,28,280000,Early,1,0.480656600672,0.152,1.152,valid_checkpoint_order_thirds
HalfCheetah,AMAF,effective_gate,halfcheetah_replication_frozen,66,29,290000,Early,1,0.0102464082861,-0.04,0.96,valid_checkpoint_order_thirds
HalfCheetah,AMAF,effective_gate,halfcheetah_replication_frozen,66,30,300000,Early,1,0.723853951112,0.172,1.172,valid_checkpoint_order_thirds
HalfCheetah,AMAF,effective_gate,halfcheetah_replication_frozen,66,31,310000,Early,1,0.0542606290374,-0.02,0.98,valid_checkpoint_order_thirds
HalfCheetah,AMAF,effective_gate,halfcheetah_replication_frozen,66,32,320000,Early,1,0.338239421872,0.192,1.192,valid_checkpoint_order_thirds
HalfCheetah,AMAF,effective_gate,halfcheetah_replication_frozen,66,33,330000,Early,1,0.0827937420955,0,1,valid_checkpoint_order_thirds
HalfCheetah,AMAF,effective_gate,halfcheetah_replication_frozen,66,34,340000,Early,1,0.362864721372,-0.192,0.808,valid_checkpoint_order_thirds
HalfCheetah,AMAF,effective_gate,halfcheetah_replication_frozen,66,35,350000,Early,1,0.797555528943,0.02,1.02,valid_checkpoint_order_thirds
HalfCheetah,AMAF,effective_gate,halfcheetah_replication_frozen,66,36,360000,Early,1,0.226348140943,-0.172,0.828,valid_checkpoint_order_thirds
HalfCheetah,AMAF,effective_gate,halfcheetah_replication_frozen,66,37,370000,Early,1,0.635705656001,0.04,1.04,valid_checkpoint_order_thirds
HalfCheetah,AMAF,effective_gate,halfcheetah_replication_frozen,66,38,380000,Early,1,0.46376505912,-0.152,0.848,valid_checkpoint_order_thirds
HalfCheetah,AMAF,effective_gate,halfcheetah_replication_frozen,66,39,390000,Early,1,0.213520450866,0.06,1.06,valid_checkpoint_order_thirds
HalfCheetah,AMAF,effective_gate,halfcheetah_replication_frozen,66,40,400000,Early,1,0.240267653843,-0.132,0.868,valid_checkpoint_order_thirds
HalfCheetah,AMAF,effective_gate,halfcheetah_replication_frozen,66,41,410000,Early,1,0.163820069791,0.08,1.08,valid_checkpoint_order_thirds
HalfCheetah,AMAF,effective_gate,halfcheetah_replication_frozen,66,42,420000,Early,1,0.0119440925086,-0.112,0.888,valid_checkpoint_order_thirds
HalfCheetah,AMAF,effective_gate,halfcheetah_replication_frozen,66,43,430000,Early,1,0.02422793175,0.1,1.1,valid_checkpoint_order_thirds
HalfCheetah,AMAF,effective_gate,halfcheetah_replication_frozen,66,44,440000,Early,1,0.162760359845,-0.092,0.908,valid_checkpoint_order_thirds
HalfCheetah,AMAF,effective_gate,halfcheetah_replication_frozen,66,45,450000,Early,1,0.339148004859,0.12,1.12,valid_checkpoint_order_thirds
HalfCheetah,AMAF,effective_gate,halfcheetah_replication_frozen,66,46,460000,Early,1,0.117395873538,-0.072,0.928,valid_checkpoint_order_thirds
HalfCheetah,AMAF,effective_gate,halfcheetah_replication_frozen,66,47,470000,Early,1,0.693244201138,0.14,1.14,valid_checkpoint_order_thirds
HalfCheetah,AMAF,effective_gate,halfcheetah_replication_frozen,66,48,480000,Early,1,0.00128384344661,-0.052,0.948,valid_checkpoint_order_thirds
HalfCheetah,AMAF,effective_gate,halfcheetah_replication_frozen,66,49,490000,Early,1,0.436421952869,0.16,1.16,valid_checkpoint_order_thirds
HalfCheetah,AMAF,effective_gate,halfcheetah_replication_frozen,66,50,500000,Middle,2,0.356225943552,-0.032,1.968,valid_checkpoint_order_thirds
HalfCheetah,AMAF,effective_gate,halfcheetah_replication_frozen,66,51,510000,Middle,2,0.0337029577258,0.18,2.18,valid_checkpoint_order_thirds
HalfCheetah,AMAF,effective_gate,halfcheetah_replication_frozen,66,52,520000,Middle,2,0.00482828651684,-0.012,1.988,valid_checkpoint_order_thirds
HalfCheetah,AMAF,effective_gate,halfcheetah_replication_frozen,66,53,530000,Middle,2,0.00294927085636,0.2,2.2,valid_checkpoint_order_thirds
HalfCheetah,AMAF,effective_gate,halfcheetah_replication_frozen,66,54,540000,Middle,2,0.508521061589,0.008,2.008,valid_checkpoint_order_thirds
HalfCheetah,AMAF,effective_gate,halfcheetah_replication_frozen,66,55,550000,Middle,2,0.0303870093479,-0.184,1.816,valid_checkpoint_order_thirds
HalfCheetah,AMAF,effective_gate,halfcheetah_replication_frozen,66,56,560000,Middle,2,0.246493690487,0.028,2.028,valid_checkpoint_order_thirds
HalfCheetah,AMAF,effective_gate,halfcheetah_replication_frozen,66,57,570000,Middle,2,0.0347279965487,-0.164,1.836,valid_checkpoint_order_thirds
HalfCheetah,AMAF,effective_gate,halfcheetah_replication_frozen,66,58,580000,Middle,2,0.005308149991,0.048,2.048,valid_checkpoint_order_thirds
HalfCheetah,AMAF,effective_gate,halfcheetah_replication_frozen,66,59,590000,Middle,2,0.00161712974399,-0.144,1.856,valid_checkpoint_order_thirds
HalfCheetah,AMAF,effective_gate,halfcheetah_replication_frozen,66,60,600000,Middle,2,0.532262575345,0.068,2.068,valid_checkpoint_order_thirds
HalfCheetah,AMAF,effective_gate,halfcheetah_replication_frozen,66,61,610000,Middle,2,0.11077856348,-0.124,1.876,valid_checkpoint_order_thirds
HalfCheetah,AMAF,effective_gate,halfcheetah_replication_frozen,66,62,620000,Middle,2,0.194697744007,0.088,2.088,valid_checkpoint_order_thirds
HalfCheetah,AMAF,effective_gate,halfcheetah_replication_frozen,66,63,630000,Middle,2,0.302165371272,-0.104,1.896,valid_checkpoint_order_thirds
HalfCheetah,AMAF,effective_gate,halfcheetah_replication_frozen,66,64,640000,Middle,2,0.0507789939109,0.108,2.108,valid_checkpoint_order_thirds
HalfCheetah,AMAF,effective_gate,halfcheetah_replication_frozen,66,65,650000,Middle,2,0.31594582344,-0.084,1.916,valid_checkpoint_order_thirds
HalfCheetah,AMAF,effective_gate,halfcheetah_replication_frozen,66,66,660000,Middle,2,5.1253866854e-06,0.128,2.128,valid_checkpoint_order_thirds
HalfCheetah,AMAF,effective_gate,halfcheetah_replication_frozen,66,67,670000,Middle,2,0.0786653601747,-0.064,1.936,valid_checkpoint_order_thirds
HalfCheetah,AMAF,effective_gate,halfcheetah_replication_frozen,66,68,680000,Middle,2,0.0345735718037,0.148,2.148,valid_checkpoint_order_thirds
HalfCheetah,AMAF,effective_gate,halfcheetah_replication_frozen,66,69,690000,Middle,2,0.147568780239,-0.044,1.956,valid_checkpoint_order_thirds
HalfCheetah,AMAF,effective_gate,halfcheetah_replication_frozen,66,70,700000,Middle,2,0.0255375224163,0.168,2.168,valid_checkpoint_order_thirds
HalfCheetah,AMAF,effective_gate,halfcheetah_replication_frozen,66,71,710000,Middle,2,0.0203289138651,-0.024,1.976,valid_checkpoint_order_thirds
HalfCheetah,AMAF,effective_gate,halfcheetah_replication_frozen,66,72,720000,Middle,2,0.495687185075,0.188,2.188,valid_checkpoint_order_thirds
HalfCheetah,AMAF,effective_gate,halfcheetah_replication_frozen,66,73,730000,Middle,2,0.00131423004708,-0.004,1.996,valid_checkpoint_order_thirds
HalfCheetah,AMAF,effective_gate,halfcheetah_replication_frozen,66,74,740000,Middle,2,0.252436315417,-0.196,1.804,valid_checkpoint_order_thirds
HalfCheetah,AMAF,effective_gate,halfcheetah_replication_frozen,66,75,750000,Middle,2,0.0616599574402,0.016,2.016,valid_checkpoint_order_thirds
HalfCheetah,AMAF,effective_gate,halfcheetah_replication_frozen,66,76,760000,Middle,2,0.00182406723637,-0.176,1.824,valid_checkpoint_order_thirds
HalfCheetah,AMAF,effective_gate,halfcheetah_replication_frozen,66,77,770000,Middle,2,3.12335053677e-06,0.036,2.036,valid_checkpoint_order_thirds
HalfCheetah,AMAF,effective_gate,halfcheetah_replication_frozen,66,78,780000,Middle,2,0.279658089944,-0.156,1.844,valid_checkpoint_order_thirds
HalfCheetah,AMAF,effective_gate,halfcheetah_replication_frozen,66,79,790000,Middle,2,9.88331625504e-08,0.056,2.056,valid_checkpoint_order_thirds
HalfCheetah,AMAF,effective_gate,halfcheetah_replication_frozen,66,80,800000,Middle,2,0.118382755387,-0.136,1.864,valid_checkpoint_order_thirds
HalfCheetah,AMAF,effective_gate,halfcheetah_replication_frozen,66,81,810000,Middle,2,0.00521998797556,0.076,2.076,valid_checkpoint_order_thirds
HalfCheetah,AMAF,effective_gate,halfcheetah_replication_frozen,66,82,820000,Middle,2,0.238155307069,-0.116,1.884,valid_checkpoint_order_thirds
HalfCheetah,AMAF,effective_gate,halfcheetah_replication_frozen,66,83,830000,Middle,2,0.00190520386565,0.096,2.096,valid_checkpoint_order_thirds
HalfCheetah,AMAF,effective_gate,halfcheetah_replication_frozen,66,84,840000,Middle,2,0.00133309414973,-0.096,1.904,valid_checkpoint_order_thirds
HalfCheetah,AMAF,effective_gate,halfcheetah_replication_frozen,66,85,850000,Middle,2,0.00579867529099,0.116,2.116,valid_checkpoint_order_thirds
HalfCheetah,AMAF,effective_gate,halfcheetah_replication_frozen,66,86,860000,Middle,2,0.150039484304,-0.076,1.924,valid_checkpoint_order_thirds
HalfCheetah,AMAF,effective_gate,halfcheetah_replication_frozen,66,87,870000,Middle,2,0.475840229548,0.136,2.136,valid_checkpoint_order_thirds
HalfCheetah,AMAF,effective_gate,halfcheetah_replication_frozen,66,88,880000,Middle,2,0.462099312698,-0.056,1.944,valid_checkpoint_order_thirds
HalfCheetah,AMAF,effective_gate,halfcheetah_replication_frozen,66,89,890000,Middle,2,0.192146577591,0.156,2.156,valid_checkpoint_order_thirds
HalfCheetah,AMAF,effective_gate,halfcheetah_replication_frozen,66,90,900000,Middle,2,0.493424654898,-0.036,1.964,valid_checkpoint_order_thirds
HalfCheetah,AMAF,effective_gate,halfcheetah_replication_frozen,66,91,910000,Middle,2,0.00191899991205,0.176,2.176,valid_checkpoint_order_thirds
HalfCheetah,AMAF,effective_gate,halfcheetah_replication_frozen,66,92,920000,Middle,2,0.725427410177,-0.016,1.984,valid_checkpoint_order_thirds
HalfCheetah,AMAF,effective_gate,halfcheetah_replication_frozen,66,93,930000,Middle,2,0.499185503269,0.196,2.196,valid_checkpoint_order_thirds
HalfCheetah,AMAF,effective_gate,halfcheetah_replication_frozen,66,94,940000,Middle,2,0.139461372015,0.004,2.004,valid_checkpoint_order_thirds
HalfCheetah,AMAF,effective_gate,halfcheetah_replication_frozen,66,95,950000,Middle,2,1.84448529302e-05,-0.188,1.812,valid_checkpoint_order_thirds
HalfCheetah,AMAF,effective_gate,halfcheetah_replication_frozen,66,96,960000,Middle,2,0.0224938471618,0.024,2.024,valid_checkpoint_order_thirds
HalfCheetah,AMAF,effective_gate,halfcheetah_replication_frozen,66,97,970000,Middle,2,1.88336518412e-07,-0.168,1.832,valid_checkpoint_order_thirds
HalfCheetah,AMAF,effective_gate,halfcheetah_replication_frozen,66,98,980000,Late,3,0.0557464985632,0.044,3.044,valid_checkpoint_order_thirds
HalfCheetah,AMAF,effective_gate,halfcheetah_replication_frozen,66,99,990000,Late,3,0.049722361502,-0.148,2.852,valid_checkpoint_order_thirds
HalfCheetah,AMAF,effective_gate,halfcheetah_replication_frozen,66,100,1000000,Late,3,0.0684349514221,0.064,3.064,valid_checkpoint_order_thirds
HalfCheetah,AMAF,effective_gate,halfcheetah_replication_frozen,66,101,1010000,Late,3,0.314480098735,-0.128,2.872,valid_checkpoint_order_thirds
HalfCheetah,AMAF,effective_gate,halfcheetah_replication_frozen,66,102,1020000,Late,3,0.193250273318,0.084,3.084,valid_checkpoint_order_thirds
HalfCheetah,AMAF,effective_gate,halfcheetah_replication_frozen,66,103,1030000,Late,3,0.0730414048825,-0.108,2.892,valid_checkpoint_order_thirds
HalfCheetah,AMAF,effective_gate,halfcheetah_replication_frozen,66,104,1040000,Late,3,0.000869632235953,0.104,3.104,valid_checkpoint_order_thirds
HalfCheetah,AMAF,effective_gate,halfcheetah_replication_frozen,66,105,1050000,Late,3,0.157997835995,-0.088,2.912,valid_checkpoint_order_thirds
HalfCheetah,AMAF,effective_gate,halfcheetah_replication_frozen,66,106,1060000,Late,3,0.160292267816,0.124,3.124,valid_checkpoint_order_thirds
HalfCheetah,AMAF,effective_gate,halfcheetah_replication_frozen,66,107,1070000,Late,3,0.50821061825,-0.068,2.932,valid_checkpoint_order_thirds
HalfCheetah,AMAF,effective_gate,halfcheetah_replication_frozen,66,108,1080000,Late,3,0.0513189815141,0.144,3.144,valid_checkpoint_order_thirds
HalfCheetah,AMAF,effective_gate,halfcheetah_replication_frozen,66,109,1090000,Late,3,0.495847883281,-0.048,2.952,valid_checkpoint_order_thirds
HalfCheetah,AMAF,effective_gate,halfcheetah_replication_frozen,66,110,1100000,Late,3,0.418045378821,0.164,3.164,valid_checkpoint_order_thirds
HalfCheetah,AMAF,effective_gate,halfcheetah_replication_frozen,66,111,1110000,Late,3,7.81662320849e-05,-0.028,2.972,valid_checkpoint_order_thirds
HalfCheetah,AMAF,effective_gate,halfcheetah_replication_frozen,66,112,1120000,Late,3,0.0303079662255,0.184,3.184,valid_checkpoint_order_thirds
HalfCheetah,AMAF,effective_gate,halfcheetah_replication_frozen,66,113,1130000,Late,3,0.676121453833,-0.008,2.992,valid_checkpoint_order_thirds
HalfCheetah,AMAF,effective_gate,halfcheetah_replication_frozen,66,114,1140000,Late,3,2.57243477259e-06,-0.2,2.8,valid_checkpoint_order_thirds
HalfCheetah,AMAF,effective_gate,halfcheetah_replication_frozen,66,115,1150000,Late,3,0.654013693128,0.012,3.012,valid_checkpoint_order_thirds
HalfCheetah,AMAF,effective_gate,halfcheetah_replication_frozen,66,116,1160000,Late,3,0.00590683716665,-0.18,2.82,valid_checkpoint_order_thirds
HalfCheetah,AMAF,effective_gate,halfcheetah_replication_frozen,66,117,1170000,Late,3,0.446845823845,0.032,3.032,valid_checkpoint_order_thirds
HalfCheetah,AMAF,effective_gate,halfcheetah_replication_frozen,66,118,1180000,Late,3,4.12001665175e-07,-0.16,2.84,valid_checkpoint_order_thirds
HalfCheetah,AMAF,effective_gate,halfcheetah_replication_frozen,66,119,1190000,Late,3,1.49537641916e-05,0.052,3.052,valid_checkpoint_order_thirds
HalfCheetah,AMAF,effective_gate,halfcheetah_replication_frozen,66,120,1200000,Late,3,0.0412281214429,-0.14,2.86,valid_checkpoint_order_thirds
HalfCheetah,AMAF,effective_gate,halfcheetah_replication_frozen,66,121,1210000,Late,3,0.524845028364,0.072,3.072,valid_checkpoint_order_thirds
HalfCheetah,AMAF,effective_gate,halfcheetah_replication_frozen,66,122,1220000,Late,3,0.282562079217,-0.12,2.88,valid_checkpoint_order_thirds
HalfCheetah,AMAF,effective_gate,halfcheetah_replication_frozen,66,123,1230000,Late,3,0.208916991905,0.092,3.092,valid_checkpoint_order_thirds
HalfCheetah,AMAF,effective_gate,halfcheetah_replication_frozen,66,124,1240000,Late,3,0.00166875994285,-0.1,2.9,valid_checkpoint_order_thirds
HalfCheetah,AMAF,effective_gate,halfcheetah_replication_frozen,66,125,1250000,Late,3,0.000155324576993,0.112,3.112,valid_checkpoint_order_thirds
HalfCheetah,AMAF,effective_gate,halfcheetah_replication_frozen,66,126,1260000,Late,3,0.00646839537429,-0.08,2.92,valid_checkpoint_order_thirds
HalfCheetah,AMAF,effective_gate,halfcheetah_replication_frozen,66,127,1270000,Late,3,1.89865497709e-10,0.132,3.132,valid_checkpoint_order_thirds
HalfCheetah,AMAF,effective_gate,halfcheetah_replication_frozen,66,128,1280000,Late,3,1.56762658572e-05,-0.06,2.94,valid_checkpoint_order_thirds
HalfCheetah,AMAF,effective_gate,halfcheetah_replication_frozen,66,129,1290000,Late,3,9.66345320385e-07,0.152,3.152,valid_checkpoint_order_thirds
HalfCheetah,AMAF,effective_gate,halfcheetah_replication_frozen,66,130,1300000,Late,3,0.000436055780347,-0.04,2.96,valid_checkpoint_order_thirds
HalfCheetah,AMAF,effective_gate,halfcheetah_replication_frozen,66,131,1310000,Late,3,0.00379154796653,0.172,3.172,valid_checkpoint_order_thirds
HalfCheetah,AMAF,effective_gate,halfcheetah_replication_frozen,66,132,1320000,Late,3,0.134989112941,-0.02,2.98,valid_checkpoint_order_thirds
HalfCheetah,AMAF,effective_gate,halfcheetah_replication_frozen,66,133,1330000,Late,3,0.00930934378084,0.192,3.192,valid_checkpoint_order_thirds
HalfCheetah,AMAF,effective_gate,halfcheetah_replication_frozen,66,134,1340000,Late,3,3.6401215321e-07,0,3,valid_checkpoint_order_thirds
HalfCheetah,AMAF,effective_gate,halfcheetah_replication_frozen,66,135,1350000,Late,3,3.6809550901e-05,-0.192,2.808,valid_checkpoint_order_thirds
HalfCheetah,AMAF,effective_gate,halfcheetah_replication_frozen,66,136,1370000,Late,3,0.00480123614381,0.02,3.02,valid_checkpoint_order_thirds
HalfCheetah,AMAF,effective_gate,halfcheetah_replication_frozen,66,137,1400000,Late,3,0.00116585774788,-0.172,2.828,valid_checkpoint_order_thirds
HalfCheetah,AMAF,effective_gate,halfcheetah_replication_frozen,66,138,1410000,Late,3,7.30682591444e-05,0.04,3.04,valid_checkpoint_order_thirds
HalfCheetah,AMAF,effective_gate,halfcheetah_replication_frozen,66,139,1430000,Late,3,0.00815309502174,-0.152,2.848,valid_checkpoint_order_thirds
HalfCheetah,AMAF,effective_gate,halfcheetah_replication_frozen,66,140,1440000,Late,3,0.123527771015,0.06,3.06,valid_checkpoint_order_thirds
HalfCheetah,AMAF,effective_gate,halfcheetah_replication_frozen,66,141,1450000,Late,3,0.227693024198,-0.132,2.868,valid_checkpoint_order_thirds
HalfCheetah,AMAF,effective_gate,halfcheetah_replication_frozen,66,142,1470000,Late,3,0.00161749665657,0.08,3.08,valid_checkpoint_order_thirds
HalfCheetah,AMAF,effective_gate,halfcheetah_replication_frozen,66,143,1480000,Late,3,2.65851992562e-10,-0.112,2.888,valid_checkpoint_order_thirds
HalfCheetah,AMAF,effective_gate,halfcheetah_replication_frozen,66,144,1490000,Late,3,0.0951337656601,0.1,3.1,valid_checkpoint_order_thirds
HalfCheetah,AMAF,effective_gate,halfcheetah_replication_frozen,66,145,1500000,Late,3,5.41342342364e-06,-0.092,2.908,valid_checkpoint_order_thirds
HalfCheetah,AMAF,effective_gate,halfcheetah_replication_frozen,77,1,10000,Early,1,1,0.096,1.096,valid_checkpoint_order_thirds
HalfCheetah,AMAF,effective_gate,halfcheetah_replication_frozen,77,2,20000,Early,1,1,-0.096,0.904,valid_checkpoint_order_thirds
HalfCheetah,AMAF,effective_gate,halfcheetah_replication_frozen,77,3,30000,Early,1,0.461471969124,0.116,1.116,valid_checkpoint_order_thirds
HalfCheetah,AMAF,effective_gate,halfcheetah_replication_frozen,77,4,40000,Early,1,0.446959517888,-0.076,0.924,valid_checkpoint_order_thirds
HalfCheetah,AMAF,effective_gate,halfcheetah_replication_frozen,77,5,50000,Early,1,0.0203525245973,0.136,1.136,valid_checkpoint_order_thirds
HalfCheetah,AMAF,effective_gate,halfcheetah_replication_frozen,77,6,60000,Early,1,0.0097975249932,-0.056,0.944,valid_checkpoint_order_thirds
HalfCheetah,AMAF,effective_gate,halfcheetah_replication_frozen,77,7,70000,Early,1,0.00567375111217,0.156,1.156,valid_checkpoint_order_thirds
HalfCheetah,AMAF,effective_gate,halfcheetah_replication_frozen,77,8,80000,Early,1,0.136698602216,-0.036,0.964,valid_checkpoint_order_thirds
HalfCheetah,AMAF,effective_gate,halfcheetah_replication_frozen,77,9,90000,Early,1,6.73366337055e-05,0.176,1.176,valid_checkpoint_order_thirds
HalfCheetah,AMAF,effective_gate,halfcheetah_replication_frozen,77,10,100000,Early,1,0.0899186037468,-0.016,0.984,valid_checkpoint_order_thirds
HalfCheetah,AMAF,effective_gate,halfcheetah_replication_frozen,77,11,110000,Early,1,8.08245752502e-05,0.196,1.196,valid_checkpoint_order_thirds
HalfCheetah,AMAF,effective_gate,halfcheetah_replication_frozen,77,12,120000,Early,1,0.0112154579862,0.004,1.004,valid_checkpoint_order_thirds
HalfCheetah,AMAF,effective_gate,halfcheetah_replication_frozen,77,13,130000,Early,1,0.104682303548,-0.188,0.812,valid_checkpoint_order_thirds
HalfCheetah,AMAF,effective_gate,halfcheetah_replication_frozen,77,14,140000,Early,1,0.117454276519,0.024,1.024,valid_checkpoint_order_thirds
HalfCheetah,AMAF,effective_gate,halfcheetah_replication_frozen,77,15,150000,Early,1,0.673700653721,-0.168,0.832,valid_checkpoint_order_thirds
HalfCheetah,AMAF,effective_gate,halfcheetah_replication_frozen,77,16,160000,Early,1,0.0584401896145,0.044,1.044,valid_checkpoint_order_thirds
HalfCheetah,AMAF,effective_gate,halfcheetah_replication_frozen,77,17,170000,Early,1,0.0360406523961,-0.148,0.852,valid_checkpoint_order_thirds
HalfCheetah,AMAF,effective_gate,halfcheetah_replication_frozen,77,18,180000,Early,1,0.105403277833,0.064,1.064,valid_checkpoint_order_thirds
HalfCheetah,AMAF,effective_gate,halfcheetah_replication_frozen,77,19,190000,Early,1,0.000205713615688,-0.128,0.872,valid_checkpoint_order_thirds
HalfCheetah,AMAF,effective_gate,halfcheetah_replication_frozen,77,20,200000,Early,1,0.0460631938738,0.084,1.084,valid_checkpoint_order_thirds
HalfCheetah,AMAF,effective_gate,halfcheetah_replication_frozen,77,21,210000,Early,1,0.0903478098173,-0.108,0.892,valid_checkpoint_order_thirds
HalfCheetah,AMAF,effective_gate,halfcheetah_replication_frozen,77,22,220000,Early,1,0.00595655182429,0.104,1.104,valid_checkpoint_order_thirds
HalfCheetah,AMAF,effective_gate,halfcheetah_replication_frozen,77,23,230000,Early,1,0.308638346669,-0.088,0.912,valid_checkpoint_order_thirds
HalfCheetah,AMAF,effective_gate,halfcheetah_replication_frozen,77,24,240000,Early,1,0.170170504105,0.124,1.124,valid_checkpoint_order_thirds
HalfCheetah,AMAF,effective_gate,halfcheetah_replication_frozen,77,25,250000,Early,1,0.200531734851,-0.068,0.932,valid_checkpoint_order_thirds
HalfCheetah,AMAF,effective_gate,halfcheetah_replication_frozen,77,26,260000,Early,1,0.0363643475989,0.144,1.144,valid_checkpoint_order_thirds
HalfCheetah,AMAF,effective_gate,halfcheetah_replication_frozen,77,27,270000,Early,1,0.428831696503,-0.048,0.952,valid_checkpoint_order_thirds
HalfCheetah,AMAF,effective_gate,halfcheetah_replication_frozen,77,28,280000,Early,1,0.0274186550325,0.164,1.164,valid_checkpoint_order_thirds
HalfCheetah,AMAF,effective_gate,halfcheetah_replication_frozen,77,29,290000,Early,1,0.117059282541,-0.028,0.972,valid_checkpoint_order_thirds
HalfCheetah,AMAF,effective_gate,halfcheetah_replication_frozen,77,30,300000,Early,1,0.25414770987,0.184,1.184,valid_checkpoint_order_thirds
HalfCheetah,AMAF,effective_gate,halfcheetah_replication_frozen,77,31,310000,Early,1,0.294125281911,-0.008,0.992,valid_checkpoint_order_thirds
HalfCheetah,AMAF,effective_gate,halfcheetah_replication_frozen,77,32,320000,Early,1,0.499957039737,-0.2,0.8,valid_checkpoint_order_thirds
HalfCheetah,AMAF,effective_gate,halfcheetah_replication_frozen,77,33,330000,Early,1,0.0103681538129,0.012,1.012,valid_checkpoint_order_thirds
HalfCheetah,AMAF,effective_gate,halfcheetah_replication_frozen,77,34,340000,Early,1,0.0771985170246,-0.18,0.82,valid_checkpoint_order_thirds
HalfCheetah,AMAF,effective_gate,halfcheetah_replication_frozen,77,35,350000,Early,1,0.103462584907,0.032,1.032,valid_checkpoint_order_thirds
HalfCheetah,AMAF,effective_gate,halfcheetah_replication_frozen,77,36,360000,Early,1,0.115212128334,-0.16,0.84,valid_checkpoint_order_thirds
HalfCheetah,AMAF,effective_gate,halfcheetah_replication_frozen,77,37,370000,Early,1,0.19399917295,0.052,1.052,valid_checkpoint_order_thirds
HalfCheetah,AMAF,effective_gate,halfcheetah_replication_frozen,77,38,380000,Early,1,0.448867855023,-0.14,0.86,valid_checkpoint_order_thirds
HalfCheetah,AMAF,effective_gate,halfcheetah_replication_frozen,77,39,390000,Early,1,0.282700425466,0.072,1.072,valid_checkpoint_order_thirds
HalfCheetah,AMAF,effective_gate,halfcheetah_replication_frozen,77,40,400000,Early,1,0.0279729569424,-0.12,0.88,valid_checkpoint_order_thirds
HalfCheetah,AMAF,effective_gate,halfcheetah_replication_frozen,77,41,410000,Early,1,0.0092176633203,0.092,1.092,valid_checkpoint_order_thirds
HalfCheetah,AMAF,effective_gate,halfcheetah_replication_frozen,77,42,420000,Early,1,0.0703581757426,-0.1,0.9,valid_checkpoint_order_thirds
HalfCheetah,AMAF,effective_gate,halfcheetah_replication_frozen,77,43,430000,Early,1,0.00389287555216,0.112,1.112,valid_checkpoint_order_thirds
HalfCheetah,AMAF,effective_gate,halfcheetah_replication_frozen,77,44,440000,Early,1,0.108704558899,-0.08,0.92,valid_checkpoint_order_thirds
HalfCheetah,AMAF,effective_gate,halfcheetah_replication_frozen,77,45,450000,Early,1,0.0700160227569,0.132,1.132,valid_checkpoint_order_thirds
HalfCheetah,AMAF,effective_gate,halfcheetah_replication_frozen,77,46,460000,Early,1,0.0178389651338,-0.06,0.94,valid_checkpoint_order_thirds
HalfCheetah,AMAF,effective_gate,halfcheetah_replication_frozen,77,47,470000,Early,1,0.120597125238,0.152,1.152,valid_checkpoint_order_thirds
HalfCheetah,AMAF,effective_gate,halfcheetah_replication_frozen,77,48,480000,Early,1,0.0856434709568,-0.04,0.96,valid_checkpoint_order_thirds
HalfCheetah,AMAF,effective_gate,halfcheetah_replication_frozen,77,49,490000,Middle,2,0.230578001571,0.172,2.172,valid_checkpoint_order_thirds
HalfCheetah,AMAF,effective_gate,halfcheetah_replication_frozen,77,50,500000,Middle,2,0.103848072588,-0.02,1.98,valid_checkpoint_order_thirds
HalfCheetah,AMAF,effective_gate,halfcheetah_replication_frozen,77,51,510000,Middle,2,0.00397664865149,0.192,2.192,valid_checkpoint_order_thirds
HalfCheetah,AMAF,effective_gate,halfcheetah_replication_frozen,77,52,520000,Middle,2,0.148513806053,0,2,valid_checkpoint_order_thirds
HalfCheetah,AMAF,effective_gate,halfcheetah_replication_frozen,77,53,530000,Middle,2,0.0746651988372,-0.192,1.808,valid_checkpoint_order_thirds
HalfCheetah,AMAF,effective_gate,halfcheetah_replication_frozen,77,54,540000,Middle,2,0.296001470372,0.02,2.02,valid_checkpoint_order_thirds
HalfCheetah,AMAF,effective_gate,halfcheetah_replication_frozen,77,55,550000,Middle,2,0.118146496142,-0.172,1.828,valid_checkpoint_order_thirds
HalfCheetah,AMAF,effective_gate,halfcheetah_replication_frozen,77,56,560000,Middle,2,0.455440009392,0.04,2.04,valid_checkpoint_order_thirds
HalfCheetah,AMAF,effective_gate,halfcheetah_replication_frozen,77,57,570000,Middle,2,0.228677535315,-0.152,1.848,valid_checkpoint_order_thirds
HalfCheetah,AMAF,effective_gate,halfcheetah_replication_frozen,77,58,580000,Middle,2,0.0254044723274,0.06,2.06,valid_checkpoint_order_thirds
HalfCheetah,AMAF,effective_gate,halfcheetah_replication_frozen,77,59,590000,Middle,2,0.0367690391047,-0.132,1.868,valid_checkpoint_order_thirds
HalfCheetah,AMAF,effective_gate,halfcheetah_replication_frozen,77,60,600000,Middle,2,0.127560977835,0.08,2.08,valid_checkpoint_order_thirds
HalfCheetah,AMAF,effective_gate,halfcheetah_replication_frozen,77,61,610000,Middle,2,0.155454711242,-0.112,1.888,valid_checkpoint_order_thirds
HalfCheetah,AMAF,effective_gate,halfcheetah_replication_frozen,77,62,620000,Middle,2,0.262161412407,0.1,2.1,valid_checkpoint_order_thirds
HalfCheetah,AMAF,effective_gate,halfcheetah_replication_frozen,77,63,630000,Middle,2,0.559793678697,-0.092,1.908,valid_checkpoint_order_thirds
HalfCheetah,AMAF,effective_gate,halfcheetah_replication_frozen,77,64,640000,Middle,2,0.0597406223535,0.12,2.12,valid_checkpoint_order_thirds
HalfCheetah,AMAF,effective_gate,halfcheetah_replication_frozen,77,65,650000,Middle,2,0.109072969,-0.072,1.928,valid_checkpoint_order_thirds
HalfCheetah,AMAF,effective_gate,halfcheetah_replication_frozen,77,66,660000,Middle,2,0.0920803363596,0.14,2.14,valid_checkpoint_order_thirds
HalfCheetah,AMAF,effective_gate,halfcheetah_replication_frozen,77,67,670000,Middle,2,0.649400834169,-0.052,1.948,valid_checkpoint_order_thirds
HalfCheetah,AMAF,effective_gate,halfcheetah_replication_frozen,77,68,680000,Middle,2,0.0633152455587,0.16,2.16,valid_checkpoint_order_thirds
HalfCheetah,AMAF,effective_gate,halfcheetah_replication_frozen,77,69,690000,Middle,2,0.086203957063,-0.032,1.968,valid_checkpoint_order_thirds
HalfCheetah,AMAF,effective_gate,halfcheetah_replication_frozen,77,70,700000,Middle,2,0.620220738778,0.18,2.18,valid_checkpoint_order_thirds
HalfCheetah,AMAF,effective_gate,halfcheetah_replication_frozen,77,71,710000,Middle,2,0.00651767229624,-0.012,1.988,valid_checkpoint_order_thirds
HalfCheetah,AMAF,effective_gate,halfcheetah_replication_frozen,77,72,720000,Middle,2,0.418980743716,0.2,2.2,valid_checkpoint_order_thirds
HalfCheetah,AMAF,effective_gate,halfcheetah_replication_frozen,77,73,730000,Middle,2,0.042434275252,0.008,2.008,valid_checkpoint_order_thirds
HalfCheetah,AMAF,effective_gate,halfcheetah_replication_frozen,77,74,740000,Middle,2,0.316368114213,-0.184,1.816,valid_checkpoint_order_thirds
HalfCheetah,AMAF,effective_gate,halfcheetah_replication_frozen,77,75,750000,Middle,2,0.00872178936785,0.028,2.028,valid_checkpoint_order_thirds
HalfCheetah,AMAF,effective_gate,halfcheetah_replication_frozen,77,76,760000,Middle,2,0.0578978784359,-0.164,1.836,valid_checkpoint_order_thirds
HalfCheetah,AMAF,effective_gate,halfcheetah_replication_frozen,77,77,770000,Middle,2,0.223644327491,0.048,2.048,valid_checkpoint_order_thirds
HalfCheetah,AMAF,effective_gate,halfcheetah_replication_frozen,77,78,780000,Middle,2,0.00312637635711,-0.144,1.856,valid_checkpoint_order_thirds
HalfCheetah,AMAF,effective_gate,halfcheetah_replication_frozen,77,79,790000,Middle,2,0.00159760994282,0.068,2.068,valid_checkpoint_order_thirds
HalfCheetah,AMAF,effective_gate,halfcheetah_replication_frozen,77,80,800000,Middle,2,0.628055476679,-0.124,1.876,valid_checkpoint_order_thirds
HalfCheetah,AMAF,effective_gate,halfcheetah_replication_frozen,77,81,820000,Middle,2,0.00461584731616,0.088,2.088,valid_checkpoint_order_thirds
HalfCheetah,AMAF,effective_gate,halfcheetah_replication_frozen,77,82,830000,Middle,2,0.0096548517199,-0.104,1.896,valid_checkpoint_order_thirds
HalfCheetah,AMAF,effective_gate,halfcheetah_replication_frozen,77,83,840000,Middle,2,0.0017559839605,0.108,2.108,valid_checkpoint_order_thirds
HalfCheetah,AMAF,effective_gate,halfcheetah_replication_frozen,77,84,850000,Middle,2,0.0149591315132,-0.084,1.916,valid_checkpoint_order_thirds
HalfCheetah,AMAF,effective_gate,halfcheetah_replication_frozen,77,85,860000,Middle,2,0.276877636376,0.128,2.128,valid_checkpoint_order_thirds
HalfCheetah,AMAF,effective_gate,halfcheetah_replication_frozen,77,86,870000,Middle,2,0.0670884208427,-0.064,1.936,valid_checkpoint_order_thirds
HalfCheetah,AMAF,effective_gate,halfcheetah_replication_frozen,77,87,880000,Middle,2,0.673258327168,0.148,2.148,valid_checkpoint_order_thirds
HalfCheetah,AMAF,effective_gate,halfcheetah_replication_frozen,77,88,890000,Middle,2,0.237131995509,-0.044,1.956,valid_checkpoint_order_thirds
HalfCheetah,AMAF,effective_gate,halfcheetah_replication_frozen,77,89,900000,Middle,2,0.311754074918,0.168,2.168,valid_checkpoint_order_thirds
HalfCheetah,AMAF,effective_gate,halfcheetah_replication_frozen,77,90,910000,Middle,2,0.488631420558,-0.024,1.976,valid_checkpoint_order_thirds
HalfCheetah,AMAF,effective_gate,halfcheetah_replication_frozen,77,91,920000,Middle,2,0.0279045256935,0.188,2.188,valid_checkpoint_order_thirds
HalfCheetah,AMAF,effective_gate,halfcheetah_replication_frozen,77,92,930000,Middle,2,0.365084614476,-0.004,1.996,valid_checkpoint_order_thirds
HalfCheetah,AMAF,effective_gate,halfcheetah_replication_frozen,77,93,940000,Middle,2,0.0173375962723,-0.196,1.804,valid_checkpoint_order_thirds
HalfCheetah,AMAF,effective_gate,halfcheetah_replication_frozen,77,94,950000,Middle,2,0.0216873395309,0.016,2.016,valid_checkpoint_order_thirds
HalfCheetah,AMAF,effective_gate,halfcheetah_replication_frozen,77,95,960000,Middle,2,0.0351285868215,-0.176,1.824,valid_checkpoint_order_thirds
HalfCheetah,AMAF,effective_gate,halfcheetah_replication_frozen,77,96,970000,Middle,2,0.0133597098248,0.036,2.036,valid_checkpoint_order_thirds
HalfCheetah,AMAF,effective_gate,halfcheetah_replication_frozen,77,97,980000,Late,3,0.271014093883,-0.156,2.844,valid_checkpoint_order_thirds
HalfCheetah,AMAF,effective_gate,halfcheetah_replication_frozen,77,98,990000,Late,3,0.00794927293901,0.056,3.056,valid_checkpoint_order_thirds
HalfCheetah,AMAF,effective_gate,halfcheetah_replication_frozen,77,99,1000000,Late,3,0.127192464317,-0.136,2.864,valid_checkpoint_order_thirds
HalfCheetah,AMAF,effective_gate,halfcheetah_replication_frozen,77,100,1010000,Late,3,0.00327953768463,0.076,3.076,valid_checkpoint_order_thirds
HalfCheetah,AMAF,effective_gate,halfcheetah_replication_frozen,77,101,1020000,Late,3,0.0167378185978,-0.116,2.884,valid_checkpoint_order_thirds
HalfCheetah,AMAF,effective_gate,halfcheetah_replication_frozen,77,102,1030000,Late,3,0.0828913959642,0.096,3.096,valid_checkpoint_order_thirds
HalfCheetah,AMAF,effective_gate,halfcheetah_replication_frozen,77,103,1040000,Late,3,0.0624838996561,-0.096,2.904,valid_checkpoint_order_thirds
HalfCheetah,AMAF,effective_gate,halfcheetah_replication_frozen,77,104,1050000,Late,3,0.449033271554,0.116,3.116,valid_checkpoint_order_thirds
HalfCheetah,AMAF,effective_gate,halfcheetah_replication_frozen,77,105,1060000,Late,3,0.669467380673,-0.076,2.924,valid_checkpoint_order_thirds
HalfCheetah,AMAF,effective_gate,halfcheetah_replication_frozen,77,106,1070000,Late,3,0.216141804454,0.136,3.136,valid_checkpoint_order_thirds
HalfCheetah,AMAF,effective_gate,halfcheetah_replication_frozen,77,107,1080000,Late,3,0.000548090913848,-0.056,2.944,valid_checkpoint_order_thirds
HalfCheetah,AMAF,effective_gate,halfcheetah_replication_frozen,77,108,1090000,Late,3,0.0432729686192,0.156,3.156,valid_checkpoint_order_thirds
HalfCheetah,AMAF,effective_gate,halfcheetah_replication_frozen,77,109,1100000,Late,3,0.149077817783,-0.036,2.964,valid_checkpoint_order_thirds
HalfCheetah,AMAF,effective_gate,halfcheetah_replication_frozen,77,110,1110000,Late,3,0.0164673624024,0.176,3.176,valid_checkpoint_order_thirds
HalfCheetah,AMAF,effective_gate,halfcheetah_replication_frozen,77,111,1120000,Late,3,0.000956240216044,-0.016,2.984,valid_checkpoint_order_thirds
HalfCheetah,AMAF,effective_gate,halfcheetah_replication_frozen,77,112,1130000,Late,3,0.026177542931,0.196,3.196,valid_checkpoint_order_thirds
HalfCheetah,AMAF,effective_gate,halfcheetah_replication_frozen,77,113,1140000,Late,3,0.000806223110545,0.004,3.004,valid_checkpoint_order_thirds
HalfCheetah,AMAF,effective_gate,halfcheetah_replication_frozen,77,114,1150000,Late,3,0.000361337420243,-0.188,2.812,valid_checkpoint_order_thirds
HalfCheetah,AMAF,effective_gate,halfcheetah_replication_frozen,77,115,1160000,Late,3,0.0607166609394,0.024,3.024,valid_checkpoint_order_thirds
HalfCheetah,AMAF,effective_gate,halfcheetah_replication_frozen,77,116,1180000,Late,3,0.0412075636602,-0.168,2.832,valid_checkpoint_order_thirds
HalfCheetah,AMAF,effective_gate,halfcheetah_replication_frozen,77,117,1190000,Late,3,8.39414115265e-05,0.044,3.044,valid_checkpoint_order_thirds
HalfCheetah,AMAF,effective_gate,halfcheetah_replication_frozen,77,118,1200000,Late,3,0.00450596284954,-0.148,2.852,valid_checkpoint_order_thirds
HalfCheetah,AMAF,effective_gate,halfcheetah_replication_frozen,77,119,1210000,Late,3,3.55141769368e-05,0.064,3.064,valid_checkpoint_order_thirds
HalfCheetah,AMAF,effective_gate,halfcheetah_replication_frozen,77,120,1220000,Late,3,1.31081770362e-05,-0.128,2.872,valid_checkpoint_order_thirds
HalfCheetah,AMAF,effective_gate,halfcheetah_replication_frozen,77,121,1230000,Late,3,0.00879670874843,0.084,3.084,valid_checkpoint_order_thirds
HalfCheetah,AMAF,effective_gate,halfcheetah_replication_frozen,77,122,1240000,Late,3,0.028173357548,-0.108,2.892,valid_checkpoint_order_thirds
HalfCheetah,AMAF,effective_gate,halfcheetah_replication_frozen,77,123,1250000,Late,3,0.0267672287009,0.104,3.104,valid_checkpoint_order_thirds
HalfCheetah,AMAF,effective_gate,halfcheetah_replication_frozen,77,124,1260000,Late,3,0.0063044268123,-0.088,2.912,valid_checkpoint_order_thirds
HalfCheetah,AMAF,effective_gate,halfcheetah_replication_frozen,77,125,1270000,Late,3,0.0521550239067,0.124,3.124,valid_checkpoint_order_thirds
HalfCheetah,AMAF,effective_gate,halfcheetah_replication_frozen,77,126,1280000,Late,3,0.0115462273449,-0.068,2.932,valid_checkpoint_order_thirds
HalfCheetah,AMAF,effective_gate,halfcheetah_replication_frozen,77,127,1290000,Late,3,0.00955297984779,0.144,3.144,valid_checkpoint_order_thirds
HalfCheetah,AMAF,effective_gate,halfcheetah_replication_frozen,77,128,1320000,Late,3,0.00314104368881,-0.048,2.952,valid_checkpoint_order_thirds
HalfCheetah,AMAF,effective_gate,halfcheetah_replication_frozen,77,129,1330000,Late,3,0.00304060240984,0.164,3.164,valid_checkpoint_order_thirds
HalfCheetah,AMAF,effective_gate,halfcheetah_replication_frozen,77,130,1340000,Late,3,0.0181588397675,-0.028,2.972,valid_checkpoint_order_thirds
HalfCheetah,AMAF,effective_gate,halfcheetah_replication_frozen,77,131,1350000,Late,3,0.115201827252,0.184,3.184,valid_checkpoint_order_thirds
HalfCheetah,AMAF,effective_gate,halfcheetah_replication_frozen,77,132,1370000,Late,3,2.87581857264e-06,-0.008,2.992,valid_checkpoint_order_thirds
HalfCheetah,AMAF,effective_gate,halfcheetah_replication_frozen,77,133,1380000,Late,3,0.00243205620261,-0.2,2.8,valid_checkpoint_order_thirds
HalfCheetah,AMAF,effective_gate,halfcheetah_replication_frozen,77,134,1390000,Late,3,0.251255996247,0.012,3.012,valid_checkpoint_order_thirds
HalfCheetah,AMAF,effective_gate,halfcheetah_replication_frozen,77,135,1400000,Late,3,0.417639825775,-0.18,2.82,valid_checkpoint_order_thirds
HalfCheetah,AMAF,effective_gate,halfcheetah_replication_frozen,77,136,1420000,Late,3,0.00331229073135,0.032,3.032,valid_checkpoint_order_thirds
HalfCheetah,AMAF,effective_gate,halfcheetah_replication_frozen,77,137,1430000,Late,3,0.339172174501,-0.16,2.84,valid_checkpoint_order_thirds
HalfCheetah,AMAF,effective_gate,halfcheetah_replication_frozen,77,138,1440000,Late,3,0.0117721631022,0.052,3.052,valid_checkpoint_order_thirds
HalfCheetah,AMAF,effective_gate,halfcheetah_replication_frozen,77,139,1450000,Late,3,0.00982323008571,-0.14,2.86,valid_checkpoint_order_thirds
HalfCheetah,AMAF,effective_gate,halfcheetah_replication_frozen,77,140,1460000,Late,3,0.0608966182427,0.072,3.072,valid_checkpoint_order_thirds
HalfCheetah,AMAF,effective_gate,halfcheetah_replication_frozen,77,141,1470000,Late,3,0.00143908939852,-0.12,2.88,valid_checkpoint_order_thirds
HalfCheetah,AMAF,effective_gate,halfcheetah_replication_frozen,77,142,1480000,Late,3,0.000539403224048,0.092,3.092,valid_checkpoint_order_thirds
HalfCheetah,AMAF,effective_gate,halfcheetah_replication_frozen,77,143,1490000,Late,3,1.20682195889e-06,-0.1,2.9,valid_checkpoint_order_thirds
HalfCheetah,AMAF,effective_gate,halfcheetah_replication_frozen,88,1,10000,Early,1,1,0.108,1.108,valid_checkpoint_order_thirds
HalfCheetah,AMAF,effective_gate,halfcheetah_replication_frozen,88,2,20000,Early,1,1,-0.084,0.916,valid_checkpoint_order_thirds
HalfCheetah,AMAF,effective_gate,halfcheetah_replication_frozen,88,3,30000,Early,1,0.000806933768228,0.128,1.128,valid_checkpoint_order_thirds
HalfCheetah,AMAF,effective_gate,halfcheetah_replication_frozen,88,4,50000,Early,1,3.20039825427e-07,-0.064,0.936,valid_checkpoint_order_thirds
HalfCheetah,AMAF,effective_gate,halfcheetah_replication_frozen,88,5,60000,Early,1,2.27290435806e-06,0.148,1.148,valid_checkpoint_order_thirds
HalfCheetah,AMAF,effective_gate,halfcheetah_replication_frozen,88,6,80000,Early,1,0.160995190845,-0.044,0.956,valid_checkpoint_order_thirds
HalfCheetah,AMAF,effective_gate,halfcheetah_replication_frozen,88,7,90000,Early,1,0.69109263761,0.168,1.168,valid_checkpoint_order_thirds
HalfCheetah,AMAF,effective_gate,halfcheetah_replication_frozen,88,8,100000,Early,1,0.476178837647,-0.024,0.976,valid_checkpoint_order_thirds
HalfCheetah,AMAF,effective_gate,halfcheetah_replication_frozen,88,9,110000,Early,1,0.15426121142,0.188,1.188,valid_checkpoint_order_thirds
HalfCheetah,AMAF,effective_gate,halfcheetah_replication_frozen,88,10,120000,Early,1,0.503288048324,-0.004,0.996,valid_checkpoint_order_thirds
HalfCheetah,AMAF,effective_gate,halfcheetah_replication_frozen,88,11,130000,Early,1,0.186250043755,-0.196,0.804,valid_checkpoint_order_thirds
HalfCheetah,AMAF,effective_gate,halfcheetah_replication_frozen,88,12,140000,Early,1,0.132379239757,0.016,1.016,valid_checkpoint_order_thirds
HalfCheetah,AMAF,effective_gate,halfcheetah_replication_frozen,88,13,150000,Early,1,0.267154490559,-0.176,0.824,valid_checkpoint_order_thirds
HalfCheetah,AMAF,effective_gate,halfcheetah_replication_frozen,88,14,160000,Early,1,0.305052797666,0.036,1.036,valid_checkpoint_order_thirds
HalfCheetah,AMAF,effective_gate,halfcheetah_replication_frozen,88,15,170000,Early,1,0.857184172986,-0.156,0.844,valid_checkpoint_order_thirds
HalfCheetah,AMAF,effective_gate,halfcheetah_replication_frozen,88,16,180000,Early,1,0.484098972014,0.056,1.056,valid_checkpoint_order_thirds
HalfCheetah,AMAF,effective_gate,halfcheetah_replication_frozen,88,17,190000,Early,1,0.159519668436,-0.136,0.864,valid_checkpoint_order_thirds
HalfCheetah,AMAF,effective_gate,halfcheetah_replication_frozen,88,18,200000,Early,1,0.391981050559,0.076,1.076,valid_checkpoint_order_thirds
HalfCheetah,AMAF,effective_gate,halfcheetah_replication_frozen,88,19,210000,Early,1,0.0838498129917,-0.116,0.884,valid_checkpoint_order_thirds
HalfCheetah,AMAF,effective_gate,halfcheetah_replication_frozen,88,20,220000,Early,1,0.346523214413,0.096,1.096,valid_checkpoint_order_thirds
HalfCheetah,AMAF,effective_gate,halfcheetah_replication_frozen,88,21,230000,Early,1,0.163428546922,-0.096,0.904,valid_checkpoint_order_thirds
HalfCheetah,AMAF,effective_gate,halfcheetah_replication_frozen,88,22,240000,Early,1,0.40528019967,0.116,1.116,valid_checkpoint_order_thirds
HalfCheetah,AMAF,effective_gate,halfcheetah_replication_frozen,88,23,250000,Early,1,0.0124531366132,-0.076,0.924,valid_checkpoint_order_thirds
HalfCheetah,AMAF,effective_gate,halfcheetah_replication_frozen,88,24,260000,Early,1,0.0150301179045,0.136,1.136,valid_checkpoint_order_thirds
HalfCheetah,AMAF,effective_gate,halfcheetah_replication_frozen,88,25,270000,Early,1,0.538133161359,-0.056,0.944,valid_checkpoint_order_thirds
HalfCheetah,AMAF,effective_gate,halfcheetah_replication_frozen,88,26,280000,Early,1,0.187556156621,0.156,1.156,valid_checkpoint_order_thirds
HalfCheetah,AMAF,effective_gate,halfcheetah_replication_frozen,88,27,290000,Early,1,0.180185267168,-0.036,0.964,valid_checkpoint_order_thirds
HalfCheetah,AMAF,effective_gate,halfcheetah_replication_frozen,88,28,300000,Early,1,0.0045310523642,0.176,1.176,valid_checkpoint_order_thirds
HalfCheetah,AMAF,effective_gate,halfcheetah_replication_frozen,88,29,310000,Early,1,0.652619330182,-0.016,0.984,valid_checkpoint_order_thirds
HalfCheetah,AMAF,effective_gate,halfcheetah_replication_frozen,88,30,320000,Early,1,0.0616912073689,0.196,1.196,valid_checkpoint_order_thirds
HalfCheetah,AMAF,effective_gate,halfcheetah_replication_frozen,88,31,330000,Early,1,0.106390862875,0.004,1.004,valid_checkpoint_order_thirds
HalfCheetah,AMAF,effective_gate,halfcheetah_replication_frozen,88,32,340000,Early,1,0.470810498423,-0.188,0.812,valid_checkpoint_order_thirds
HalfCheetah,AMAF,effective_gate,halfcheetah_replication_frozen,88,33,350000,Early,1,0.000772547317756,0.024,1.024,valid_checkpoint_order_thirds
HalfCheetah,AMAF,effective_gate,halfcheetah_replication_frozen,88,34,360000,Early,1,0.0119471388845,-0.168,0.832,valid_checkpoint_order_thirds
HalfCheetah,AMAF,effective_gate,halfcheetah_replication_frozen,88,35,370000,Early,1,0.302737926804,0.044,1.044,valid_checkpoint_order_thirds
HalfCheetah,AMAF,effective_gate,halfcheetah_replication_frozen,88,36,380000,Early,1,0.0374214711935,-0.148,0.852,valid_checkpoint_order_thirds
HalfCheetah,AMAF,effective_gate,halfcheetah_replication_frozen,88,37,390000,Early,1,0.30840481529,0.064,1.064,valid_checkpoint_order_thirds
HalfCheetah,AMAF,effective_gate,halfcheetah_replication_frozen,88,38,400000,Early,1,0.0207685233262,-0.128,0.872,valid_checkpoint_order_thirds
HalfCheetah,AMAF,effective_gate,halfcheetah_replication_frozen,88,39,410000,Early,1,0.0123993097006,0.084,1.084,valid_checkpoint_order_thirds
HalfCheetah,AMAF,effective_gate,halfcheetah_replication_frozen,88,40,420000,Early,1,0.42740706995,-0.108,0.892,valid_checkpoint_order_thirds
HalfCheetah,AMAF,effective_gate,halfcheetah_replication_frozen,88,41,430000,Early,1,0.106343923899,0.104,1.104,valid_checkpoint_order_thirds
HalfCheetah,AMAF,effective_gate,halfcheetah_replication_frozen,88,42,440000,Early,1,0.426328609296,-0.088,0.912,valid_checkpoint_order_thirds
HalfCheetah,AMAF,effective_gate,halfcheetah_replication_frozen,88,43,450000,Early,1,0.0304048513534,0.124,1.124,valid_checkpoint_order_thirds
HalfCheetah,AMAF,effective_gate,halfcheetah_replication_frozen,88,44,460000,Early,1,0.0132572147255,-0.068,0.932,valid_checkpoint_order_thirds
HalfCheetah,AMAF,effective_gate,halfcheetah_replication_frozen,88,45,470000,Early,1,0.167665296986,0.144,1.144,valid_checkpoint_order_thirds
HalfCheetah,AMAF,effective_gate,halfcheetah_replication_frozen,88,46,480000,Early,1,0.0263815922005,-0.048,0.952,valid_checkpoint_order_thirds
HalfCheetah,AMAF,effective_gate,halfcheetah_replication_frozen,88,47,490000,Early,1,0.315290751615,0.164,1.164,valid_checkpoint_order_thirds
HalfCheetah,AMAF,effective_gate,halfcheetah_replication_frozen,88,48,500000,Early,1,0.0476711248014,-0.028,0.972,valid_checkpoint_order_thirds
HalfCheetah,AMAF,effective_gate,halfcheetah_replication_frozen,88,49,510000,Early,1,0.0682066368801,0.184,1.184,valid_checkpoint_order_thirds
HalfCheetah,AMAF,effective_gate,halfcheetah_replication_frozen,88,50,520000,Middle,2,0.189632736234,-0.008,1.992,valid_checkpoint_order_thirds
HalfCheetah,AMAF,effective_gate,halfcheetah_replication_frozen,88,51,530000,Middle,2,0.0203529870734,-0.2,1.8,valid_checkpoint_order_thirds
HalfCheetah,AMAF,effective_gate,halfcheetah_replication_frozen,88,52,540000,Middle,2,0.254067501537,0.012,2.012,valid_checkpoint_order_thirds
HalfCheetah,AMAF,effective_gate,halfcheetah_replication_frozen,88,53,550000,Middle,2,0.0153134752696,-0.18,1.82,valid_checkpoint_order_thirds
HalfCheetah,AMAF,effective_gate,halfcheetah_replication_frozen,88,54,560000,Middle,2,0.0606434289895,0.032,2.032,valid_checkpoint_order_thirds
HalfCheetah,AMAF,effective_gate,halfcheetah_replication_frozen,88,55,570000,Middle,2,5.87273758774e-05,-0.16,1.84,valid_checkpoint_order_thirds
HalfCheetah,AMAF,effective_gate,halfcheetah_replication_frozen,88,56,580000,Middle,2,0.00920959627936,0.052,2.052,valid_checkpoint_order_thirds
HalfCheetah,AMAF,effective_gate,halfcheetah_replication_frozen,88,57,590000,Middle,2,0.00382820679967,-0.14,1.86,valid_checkpoint_order_thirds
HalfCheetah,AMAF,effective_gate,halfcheetah_replication_frozen,88,58,600000,Middle,2,0.0202782467429,0.072,2.072,valid_checkpoint_order_thirds
HalfCheetah,AMAF,effective_gate,halfcheetah_replication_frozen,88,59,610000,Middle,2,0.00325601826006,-0.12,1.88,valid_checkpoint_order_thirds
HalfCheetah,AMAF,effective_gate,halfcheetah_replication_frozen,88,60,620000,Middle,2,0.0554373944183,0.092,2.092,valid_checkpoint_order_thirds
HalfCheetah,AMAF,effective_gate,halfcheetah_replication_frozen,88,61,630000,Middle,2,0.0044667709119,-0.1,1.9,valid_checkpoint_order_thirds
HalfCheetah,AMAF,effective_gate,halfcheetah_replication_frozen,88,62,640000,Middle,2,0.00329589751288,0.112,2.112,valid_checkpoint_order_thirds
HalfCheetah,AMAF,effective_gate,halfcheetah_replication_frozen,88,63,650000,Middle,2,0.00653787436072,-0.08,1.92,valid_checkpoint_order_thirds
HalfCheetah,AMAF,effective_gate,halfcheetah_replication_frozen,88,64,660000,Middle,2,0.0289306485674,0.132,2.132,valid_checkpoint_order_thirds
HalfCheetah,AMAF,effective_gate,halfcheetah_replication_frozen,88,65,670000,Middle,2,6.14072794595e-06,-0.06,1.94,valid_checkpoint_order_thirds
HalfCheetah,AMAF,effective_gate,halfcheetah_replication_frozen,88,66,680000,Middle,2,0.0597629254805,0.152,2.152,valid_checkpoint_order_thirds
HalfCheetah,AMAF,effective_gate,halfcheetah_replication_frozen,88,67,690000,Middle,2,0.0431808236428,-0.04,1.96,valid_checkpoint_order_thirds
HalfCheetah,AMAF,effective_gate,halfcheetah_replication_frozen,88,68,700000,Middle,2,0.000396463093399,0.172,2.172,valid_checkpoint_order_thirds
HalfCheetah,AMAF,effective_gate,halfcheetah_replication_frozen,88,69,710000,Middle,2,0.387107839885,-0.02,1.98,valid_checkpoint_order_thirds
HalfCheetah,AMAF,effective_gate,halfcheetah_replication_frozen,88,70,720000,Middle,2,5.66465596786e-06,0.192,2.192,valid_checkpoint_order_thirds
HalfCheetah,AMAF,effective_gate,halfcheetah_replication_frozen,88,71,730000,Middle,2,0.000973169131467,0,2,valid_checkpoint_order_thirds
HalfCheetah,AMAF,effective_gate,halfcheetah_replication_frozen,88,72,740000,Middle,2,0.0167193403928,-0.192,1.808,valid_checkpoint_order_thirds
HalfCheetah,AMAF,effective_gate,halfcheetah_replication_frozen,88,73,750000,Middle,2,4.38558945511e-05,0.02,2.02,valid_checkpoint_order_thirds
HalfCheetah,AMAF,effective_gate,halfcheetah_replication_frozen,88,74,760000,Middle,2,0.0234063507925,-0.172,1.828,valid_checkpoint_order_thirds
HalfCheetah,AMAF,effective_gate,halfcheetah_replication_frozen,88,75,770000,Middle,2,7.97746441976e-05,0.04,2.04,valid_checkpoint_order_thirds
HalfCheetah,AMAF,effective_gate,halfcheetah_replication_frozen,88,76,780000,Middle,2,3.11962312281e-05,-0.152,1.848,valid_checkpoint_order_thirds
HalfCheetah,AMAF,effective_gate,halfcheetah_replication_frozen,88,77,790000,Middle,2,1.46681363781e-06,0.06,2.06,valid_checkpoint_order_thirds
HalfCheetah,AMAF,effective_gate,halfcheetah_replication_frozen,88,78,800000,Middle,2,0.00166317057535,-0.132,1.868,valid_checkpoint_order_thirds
HalfCheetah,AMAF,effective_gate,halfcheetah_replication_frozen,88,79,810000,Middle,2,9.86642637134e-05,0.08,2.08,valid_checkpoint_order_thirds
HalfCheetah,AMAF,effective_gate,halfcheetah_replication_frozen,88,80,820000,Middle,2,0.000493383799479,-0.112,1.888,valid_checkpoint_order_thirds
HalfCheetah,AMAF,effective_gate,halfcheetah_replication_frozen,88,81,830000,Middle,2,0.0136606402177,0.1,2.1,valid_checkpoint_order_thirds
HalfCheetah,AMAF,effective_gate,halfcheetah_replication_frozen,88,82,840000,Middle,2,0.112042104129,-0.092,1.908,valid_checkpoint_order_thirds
HalfCheetah,AMAF,effective_gate,halfcheetah_replication_frozen,88,83,850000,Middle,2,0.00357416874494,0.12,2.12,valid_checkpoint_order_thirds
HalfCheetah,AMAF,effective_gate,halfcheetah_replication_frozen,88,84,860000,Middle,2,0.321724917371,-0.072,1.928,valid_checkpoint_order_thirds
HalfCheetah,AMAF,effective_gate,halfcheetah_replication_frozen,88,85,870000,Middle,2,0.000125570757887,0.14,2.14,valid_checkpoint_order_thirds
HalfCheetah,AMAF,effective_gate,halfcheetah_replication_frozen,88,86,880000,Middle,2,0.0196484056588,-0.052,1.948,valid_checkpoint_order_thirds
HalfCheetah,AMAF,effective_gate,halfcheetah_replication_frozen,88,87,890000,Middle,2,0.00262006178174,0.16,2.16,valid_checkpoint_order_thirds
HalfCheetah,AMAF,effective_gate,halfcheetah_replication_frozen,88,88,900000,Middle,2,0.0218228685075,-0.032,1.968,valid_checkpoint_order_thirds
HalfCheetah,AMAF,effective_gate,halfcheetah_replication_frozen,88,89,910000,Middle,2,0.0663665185141,0.18,2.18,valid_checkpoint_order_thirds
HalfCheetah,AMAF,effective_gate,halfcheetah_replication_frozen,88,90,920000,Middle,2,0.437622923893,-0.012,1.988,valid_checkpoint_order_thirds
HalfCheetah,AMAF,effective_gate,halfcheetah_replication_frozen,88,91,930000,Middle,2,0.00223943108888,0.2,2.2,valid_checkpoint_order_thirds
HalfCheetah,AMAF,effective_gate,halfcheetah_replication_frozen,88,92,940000,Middle,2,0.00177223277061,0.008,2.008,valid_checkpoint_order_thirds
HalfCheetah,AMAF,effective_gate,halfcheetah_replication_frozen,88,93,950000,Middle,2,0.000553494720459,-0.184,1.816,valid_checkpoint_order_thirds
HalfCheetah,AMAF,effective_gate,halfcheetah_replication_frozen,88,94,960000,Middle,2,0.0103789552501,0.028,2.028,valid_checkpoint_order_thirds
HalfCheetah,AMAF,effective_gate,halfcheetah_replication_frozen,88,95,970000,Middle,2,0.0301168332498,-0.164,1.836,valid_checkpoint_order_thirds
HalfCheetah,AMAF,effective_gate,halfcheetah_replication_frozen,88,96,980000,Middle,2,0.0544665453088,0.048,2.048,valid_checkpoint_order_thirds
HalfCheetah,AMAF,effective_gate,halfcheetah_replication_frozen,88,97,990000,Middle,2,0.000869077076525,-0.144,1.856,valid_checkpoint_order_thirds
HalfCheetah,AMAF,effective_gate,halfcheetah_replication_frozen,88,98,1000000,Middle,2,0.00298662344193,0.068,2.068,valid_checkpoint_order_thirds
HalfCheetah,AMAF,effective_gate,halfcheetah_replication_frozen,88,99,1010000,Late,3,0.014450030239,-0.124,2.876,valid_checkpoint_order_thirds
HalfCheetah,AMAF,effective_gate,halfcheetah_replication_frozen,88,100,1020000,Late,3,4.18632552799e-08,0.088,3.088,valid_checkpoint_order_thirds
HalfCheetah,AMAF,effective_gate,halfcheetah_replication_frozen,88,101,1030000,Late,3,1.39520889958e-09,-0.104,2.896,valid_checkpoint_order_thirds
HalfCheetah,AMAF,effective_gate,halfcheetah_replication_frozen,88,102,1040000,Late,3,1.77363302957e-05,0.108,3.108,valid_checkpoint_order_thirds
HalfCheetah,AMAF,effective_gate,halfcheetah_replication_frozen,88,103,1050000,Late,3,1.07986063536e-07,-0.084,2.916,valid_checkpoint_order_thirds
HalfCheetah,AMAF,effective_gate,halfcheetah_replication_frozen,88,104,1060000,Late,3,3.42054916873e-07,0.128,3.128,valid_checkpoint_order_thirds
HalfCheetah,AMAF,effective_gate,halfcheetah_replication_frozen,88,105,1070000,Late,3,0.000176045518101,-0.064,2.936,valid_checkpoint_order_thirds
HalfCheetah,AMAF,effective_gate,halfcheetah_replication_frozen,88,106,1080000,Late,3,0.0997259379301,0.148,3.148,valid_checkpoint_order_thirds
HalfCheetah,AMAF,effective_gate,halfcheetah_replication_frozen,88,107,1090000,Late,3,0.00117630641948,-0.044,2.956,valid_checkpoint_order_thirds
HalfCheetah,AMAF,effective_gate,halfcheetah_replication_frozen,88,108,1100000,Late,3,2.58429168204e-07,0.168,3.168,valid_checkpoint_order_thirds
HalfCheetah,AMAF,effective_gate,halfcheetah_replication_frozen,88,109,1110000,Late,3,0.00171712362676,-0.024,2.976,valid_checkpoint_order_thirds
HalfCheetah,AMAF,effective_gate,halfcheetah_replication_frozen,88,110,1120000,Late,3,2.35917323691e-06,0.188,3.188,valid_checkpoint_order_thirds
HalfCheetah,AMAF,effective_gate,halfcheetah_replication_frozen,88,111,1130000,Late,3,0.00399649707028,-0.004,2.996,valid_checkpoint_order_thirds
HalfCheetah,AMAF,effective_gate,halfcheetah_replication_frozen,88,112,1140000,Late,3,0.000493300821036,-0.196,2.804,valid_checkpoint_order_thirds
HalfCheetah,AMAF,effective_gate,halfcheetah_replication_frozen,88,113,1150000,Late,3,0.200511244394,0.016,3.016,valid_checkpoint_order_thirds
HalfCheetah,AMAF,effective_gate,halfcheetah_replication_frozen,88,114,1160000,Late,3,2.82691760594e-07,-0.176,2.824,valid_checkpoint_order_thirds
HalfCheetah,AMAF,effective_gate,halfcheetah_replication_frozen,88,115,1170000,Late,3,0.00365988014036,0.036,3.036,valid_checkpoint_order_thirds
HalfCheetah,AMAF,effective_gate,halfcheetah_replication_frozen,88,116,1180000,Late,3,5.51604245211e-06,-0.156,2.844,valid_checkpoint_order_thirds
HalfCheetah,AMAF,effective_gate,halfcheetah_replication_frozen,88,117,1190000,Late,3,8.99507737271e-08,0.056,3.056,valid_checkpoint_order_thirds
HalfCheetah,AMAF,effective_gate,halfcheetah_replication_frozen,88,118,1200000,Late,3,5.54913498879e-09,-0.136,2.864,valid_checkpoint_order_thirds
HalfCheetah,AMAF,effective_gate,halfcheetah_replication_frozen,88,119,1210000,Late,3,0.00482203542967,0.076,3.076,valid_checkpoint_order_thirds
HalfCheetah,AMAF,effective_gate,halfcheetah_replication_frozen,88,120,1220000,Late,3,0.00512090730894,-0.116,2.884,valid_checkpoint_order_thirds
HalfCheetah,AMAF,effective_gate,halfcheetah_replication_frozen,88,121,1230000,Late,3,0.0435497582132,0.096,3.096,valid_checkpoint_order_thirds
HalfCheetah,AMAF,effective_gate,halfcheetah_replication_frozen,88,122,1240000,Late,3,2.40177983777e-05,-0.096,2.904,valid_checkpoint_order_thirds
HalfCheetah,AMAF,effective_gate,halfcheetah_replication_frozen,88,123,1260000,Late,3,1.5292397725e-07,0.116,3.116,valid_checkpoint_order_thirds
HalfCheetah,AMAF,effective_gate,halfcheetah_replication_frozen,88,124,1270000,Late,3,0.0501669144507,-0.076,2.924,valid_checkpoint_order_thirds
HalfCheetah,AMAF,effective_gate,halfcheetah_replication_frozen,88,125,1280000,Late,3,0.00069539200298,0.136,3.136,valid_checkpoint_order_thirds
HalfCheetah,AMAF,effective_gate,halfcheetah_replication_frozen,88,126,1290000,Late,3,3.11293818584e-13,-0.056,2.944,valid_checkpoint_order_thirds
HalfCheetah,AMAF,effective_gate,halfcheetah_replication_frozen,88,127,1300000,Late,3,7.87703589414e-10,0.156,3.156,valid_checkpoint_order_thirds
HalfCheetah,AMAF,effective_gate,halfcheetah_replication_frozen,88,128,1310000,Late,3,0.0546843643439,-0.036,2.964,valid_checkpoint_order_thirds
HalfCheetah,AMAF,effective_gate,halfcheetah_replication_frozen,88,129,1320000,Late,3,0.00048840105919,0.176,3.176,valid_checkpoint_order_thirds
HalfCheetah,AMAF,effective_gate,halfcheetah_replication_frozen,88,130,1330000,Late,3,0.00828916614169,-0.016,2.984,valid_checkpoint_order_thirds
HalfCheetah,AMAF,effective_gate,halfcheetah_replication_frozen,88,131,1340000,Late,3,0.00670908824709,0.196,3.196,valid_checkpoint_order_thirds
HalfCheetah,AMAF,effective_gate,halfcheetah_replication_frozen,88,132,1350000,Late,3,2.91666678033e-07,0.004,3.004,valid_checkpoint_order_thirds
HalfCheetah,AMAF,effective_gate,halfcheetah_replication_frozen,88,133,1360000,Late,3,0.00041542451204,-0.188,2.812,valid_checkpoint_order_thirds
HalfCheetah,AMAF,effective_gate,halfcheetah_replication_frozen,88,134,1370000,Late,3,0.000998665249037,0.024,3.024,valid_checkpoint_order_thirds
HalfCheetah,AMAF,effective_gate,halfcheetah_replication_frozen,88,135,1380000,Late,3,4.33969526709e-08,-0.168,2.832,valid_checkpoint_order_thirds
HalfCheetah,AMAF,effective_gate,halfcheetah_replication_frozen,88,136,1390000,Late,3,1.78509355908e-06,0.044,3.044,valid_checkpoint_order_thirds
HalfCheetah,AMAF,effective_gate,halfcheetah_replication_frozen,88,137,1400000,Late,3,9.19754172372e-10,-0.148,2.852,valid_checkpoint_order_thirds
HalfCheetah,AMAF,effective_gate,halfcheetah_replication_frozen,88,138,1410000,Late,3,7.44928362751e-05,0.064,3.064,valid_checkpoint_order_thirds
HalfCheetah,AMAF,effective_gate,halfcheetah_replication_frozen,88,139,1420000,Late,3,0.000667344652133,-0.128,2.872,valid_checkpoint_order_thirds
HalfCheetah,AMAF,effective_gate,halfcheetah_replication_frozen,88,140,1440000,Late,3,3.40352973191e-13,0.084,3.084,valid_checkpoint_order_thirds
HalfCheetah,AMAF,effective_gate,halfcheetah_replication_frozen,88,141,1450000,Late,3,0.00300326556196,-0.108,2.892,valid_checkpoint_order_thirds
HalfCheetah,AMAF,effective_gate,halfcheetah_replication_frozen,88,142,1460000,Late,3,2.19345095187e-06,0.104,3.104,valid_checkpoint_order_thirds
HalfCheetah,AMAF,effective_gate,halfcheetah_replication_frozen,88,143,1470000,Late,3,2.84059371397e-13,-0.088,2.912,valid_checkpoint_order_thirds
HalfCheetah,AMAF,effective_gate,halfcheetah_replication_frozen,88,144,1480000,Late,3,1.16296249803e-13,0.124,3.124,valid_checkpoint_order_thirds
HalfCheetah,AMAF,effective_gate,halfcheetah_replication_frozen,88,145,1490000,Late,3,3.03104185384e-12,-0.068,2.932,valid_checkpoint_order_thirds
HalfCheetah,AMAF,effective_gate,halfcheetah_replication_frozen,88,146,1500000,Late,3,1.83210166361e-06,0.144,3.144,valid_checkpoint_order_thirds
HalfCheetah,AMAF,effective_gate,halfcheetah_replication_frozen,99,1,10000,Early,1,1,0.12,1.12,valid_checkpoint_order_thirds
HalfCheetah,AMAF,effective_gate,halfcheetah_replication_frozen,99,2,20000,Early,1,1,-0.072,0.928,valid_checkpoint_order_thirds
HalfCheetah,AMAF,effective_gate,halfcheetah_replication_frozen,99,3,30000,Early,1,0.793017082694,0.14,1.14,valid_checkpoint_order_thirds
HalfCheetah,AMAF,effective_gate,halfcheetah_replication_frozen,99,4,40000,Early,1,0.0346267432464,-0.052,0.948,valid_checkpoint_order_thirds
HalfCheetah,AMAF,effective_gate,halfcheetah_replication_frozen,99,5,50000,Early,1,0.0274244487417,0.16,1.16,valid_checkpoint_order_thirds
HalfCheetah,AMAF,effective_gate,halfcheetah_replication_frozen,99,6,60000,Early,1,0.00889905636181,-0.032,0.968,valid_checkpoint_order_thirds
HalfCheetah,AMAF,effective_gate,halfcheetah_replication_frozen,99,7,70000,Early,1,0.156773261824,0.18,1.18,valid_checkpoint_order_thirds
HalfCheetah,AMAF,effective_gate,halfcheetah_replication_frozen,99,8,80000,Early,1,0.000288442079417,-0.012,0.988,valid_checkpoint_order_thirds
HalfCheetah,AMAF,effective_gate,halfcheetah_replication_frozen,99,9,90000,Early,1,0.00123318193613,0.2,1.2,valid_checkpoint_order_thirds
HalfCheetah,AMAF,effective_gate,halfcheetah_replication_frozen,99,10,100000,Early,1,0.137616068835,0.008,1.008,valid_checkpoint_order_thirds
HalfCheetah,AMAF,effective_gate,halfcheetah_replication_frozen,99,11,110000,Early,1,0.00052183864817,-0.184,0.816,valid_checkpoint_order_thirds
HalfCheetah,AMAF,effective_gate,halfcheetah_replication_frozen,99,12,120000,Early,1,0.798344985168,0.028,1.028,valid_checkpoint_order_thirds
HalfCheetah,AMAF,effective_gate,halfcheetah_replication_frozen,99,13,130000,Early,1,0.00885901930275,-0.164,0.836,valid_checkpoint_order_thirds
HalfCheetah,AMAF,effective_gate,halfcheetah_replication_frozen,99,14,140000,Early,1,0.0114355956024,0.048,1.048,valid_checkpoint_order_thirds
HalfCheetah,AMAF,effective_gate,halfcheetah_replication_frozen,99,15,150000,Early,1,0.319152803265,-0.144,0.856,valid_checkpoint_order_thirds
HalfCheetah,AMAF,effective_gate,halfcheetah_replication_frozen,99,16,160000,Early,1,0.512818020467,0.068,1.068,valid_checkpoint_order_thirds
HalfCheetah,AMAF,effective_gate,halfcheetah_replication_frozen,99,17,170000,Early,1,0.28462846514,-0.124,0.876,valid_checkpoint_order_thirds
HalfCheetah,AMAF,effective_gate,halfcheetah_replication_frozen,99,18,180000,Early,1,0.0728326403866,0.088,1.088,valid_checkpoint_order_thirds
HalfCheetah,AMAF,effective_gate,halfcheetah_replication_frozen,99,19,190000,Early,1,0.133251476139,-0.104,0.896,valid_checkpoint_order_thirds
HalfCheetah,AMAF,effective_gate,halfcheetah_replication_frozen,99,20,200000,Early,1,4.6033319023e-05,0.108,1.108,valid_checkpoint_order_thirds
HalfCheetah,AMAF,effective_gate,halfcheetah_replication_frozen,99,21,210000,Early,1,0.111240877208,-0.084,0.916,valid_checkpoint_order_thirds
HalfCheetah,AMAF,effective_gate,halfcheetah_replication_frozen,99,22,220000,Early,1,0.434966057328,0.128,1.128,valid_checkpoint_order_thirds
HalfCheetah,AMAF,effective_gate,halfcheetah_replication_frozen,99,23,230000,Early,1,0.00136742391525,-0.064,0.936,valid_checkpoint_order_thirds
HalfCheetah,AMAF,effective_gate,halfcheetah_replication_frozen,99,24,240000,Early,1,0.577251202792,0.148,1.148,valid_checkpoint_order_thirds
HalfCheetah,AMAF,effective_gate,halfcheetah_replication_frozen,99,25,250000,Early,1,0.502695331558,-0.044,0.956,valid_checkpoint_order_thirds
HalfCheetah,AMAF,effective_gate,halfcheetah_replication_frozen,99,26,260000,Early,1,0.414839372361,0.168,1.168,valid_checkpoint_order_thirds
HalfCheetah,AMAF,effective_gate,halfcheetah_replication_frozen,99,27,270000,Early,1,0.292359917291,-0.024,0.976,valid_checkpoint_order_thirds
HalfCheetah,AMAF,effective_gate,halfcheetah_replication_frozen,99,28,280000,Early,1,0.0678539077301,0.188,1.188,valid_checkpoint_order_thirds
HalfCheetah,AMAF,effective_gate,halfcheetah_replication_frozen,99,29,290000,Early,1,0.00377886164528,-0.004,0.996,valid_checkpoint_order_thirds
HalfCheetah,AMAF,effective_gate,halfcheetah_replication_frozen,99,30,300000,Early,1,0.169100022379,-0.196,0.804,valid_checkpoint_order_thirds
HalfCheetah,AMAF,effective_gate,halfcheetah_replication_frozen,99,31,310000,Early,1,0.422158364503,0.016,1.016,valid_checkpoint_order_thirds
HalfCheetah,AMAF,effective_gate,halfcheetah_replication_frozen,99,32,320000,Early,1,0.186986171734,-0.176,0.824,valid_checkpoint_order_thirds
HalfCheetah,AMAF,effective_gate,halfcheetah_replication_frozen,99,33,330000,Early,1,0.00243450888731,0.036,1.036,valid_checkpoint_order_thirds
HalfCheetah,AMAF,effective_gate,halfcheetah_replication_frozen,99,34,340000,Early,1,0.00125386081521,-0.156,0.844,valid_checkpoint_order_thirds
HalfCheetah,AMAF,effective_gate,halfcheetah_replication_frozen,99,35,350000,Early,1,0.000184105273698,0.056,1.056,valid_checkpoint_order_thirds
HalfCheetah,AMAF,effective_gate,halfcheetah_replication_frozen,99,36,360000,Early,1,0.425076781533,-0.136,0.864,valid_checkpoint_order_thirds
HalfCheetah,AMAF,effective_gate,halfcheetah_replication_frozen,99,37,370000,Early,1,0.00541116371862,0.076,1.076,valid_checkpoint_order_thirds
HalfCheetah,AMAF,effective_gate,halfcheetah_replication_frozen,99,38,380000,Early,1,0.392485702245,-0.116,0.884,valid_checkpoint_order_thirds
HalfCheetah,AMAF,effective_gate,halfcheetah_replication_frozen,99,39,390000,Early,1,0.721317927696,0.096,1.096,valid_checkpoint_order_thirds
HalfCheetah,AMAF,effective_gate,halfcheetah_replication_frozen,99,40,400000,Early,1,6.16416079047e-06,-0.096,0.904,valid_checkpoint_order_thirds
HalfCheetah,AMAF,effective_gate,halfcheetah_replication_frozen,99,41,410000,Early,1,0.569432638204,0.116,1.116,valid_checkpoint_order_thirds
HalfCheetah,AMAF,effective_gate,halfcheetah_replication_frozen,99,42,420000,Early,1,0.00265830853196,-0.076,0.924,valid_checkpoint_order_thirds
HalfCheetah,AMAF,effective_gate,halfcheetah_replication_frozen,99,43,430000,Early,1,0.00363331292808,0.136,1.136,valid_checkpoint_order_thirds
HalfCheetah,AMAF,effective_gate,halfcheetah_replication_frozen,99,44,440000,Early,1,0.478842875112,-0.056,0.944,valid_checkpoint_order_thirds
HalfCheetah,AMAF,effective_gate,halfcheetah_replication_frozen,99,45,450000,Early,1,0.0474189086815,0.156,1.156,valid_checkpoint_order_thirds
HalfCheetah,AMAF,effective_gate,halfcheetah_replication_frozen,99,46,460000,Middle,2,0.0162546219382,-0.036,1.964,valid_checkpoint_order_thirds
HalfCheetah,AMAF,effective_gate,halfcheetah_replication_frozen,99,47,470000,Middle,2,0.0334383202831,0.176,2.176,valid_checkpoint_order_thirds
HalfCheetah,AMAF,effective_gate,halfcheetah_replication_frozen,99,48,480000,Middle,2,0.0110486661075,-0.016,1.984,valid_checkpoint_order_thirds
HalfCheetah,AMAF,effective_gate,halfcheetah_replication_frozen,99,49,490000,Middle,2,0.00119064738502,0.196,2.196,valid_checkpoint_order_thirds
HalfCheetah,AMAF,effective_gate,halfcheetah_replication_frozen,99,50,500000,Middle,2,0.00131679647779,0.004,2.004,valid_checkpoint_order_thirds
HalfCheetah,AMAF,effective_gate,halfcheetah_replication_frozen,99,51,510000,Middle,2,0.00902975765949,-0.188,1.812,valid_checkpoint_order_thirds
HalfCheetah,AMAF,effective_gate,halfcheetah_replication_frozen,99,52,520000,Middle,2,0.000104981256571,0.024,2.024,valid_checkpoint_order_thirds
HalfCheetah,AMAF,effective_gate,halfcheetah_replication_frozen,99,53,530000,Middle,2,5.75117428217e-06,-0.168,1.832,valid_checkpoint_order_thirds
HalfCheetah,AMAF,effective_gate,halfcheetah_replication_frozen,99,54,540000,Middle,2,0.0103799273347,0.044,2.044,valid_checkpoint_order_thirds
HalfCheetah,AMAF,effective_gate,halfcheetah_replication_frozen,99,55,550000,Middle,2,0.449634233829,-0.148,1.852,valid_checkpoint_order_thirds
HalfCheetah,AMAF,effective_gate,halfcheetah_replication_frozen,99,56,570000,Middle,2,1.68686588937e-05,0.064,2.064,valid_checkpoint_order_thirds
HalfCheetah,AMAF,effective_gate,halfcheetah_replication_frozen,99,57,580000,Middle,2,0.000615537664605,-0.128,1.872,valid_checkpoint_order_thirds
HalfCheetah,AMAF,effective_gate,halfcheetah_replication_frozen,99,58,590000,Middle,2,0.00117508042525,0.084,2.084,valid_checkpoint_order_thirds
HalfCheetah,AMAF,effective_gate,halfcheetah_replication_frozen,99,59,610000,Middle,2,0.000547680554265,-0.108,1.892,valid_checkpoint_order_thirds
HalfCheetah,AMAF,effective_gate,halfcheetah_replication_frozen,99,60,620000,Middle,2,0.0147435853554,0.104,2.104,valid_checkpoint_order_thirds
HalfCheetah,AMAF,effective_gate,halfcheetah_replication_frozen,99,61,640000,Middle,2,0.0616566474585,-0.088,1.912,valid_checkpoint_order_thirds
HalfCheetah,AMAF,effective_gate,halfcheetah_replication_frozen,99,62,650000,Middle,2,0.00583559170907,0.124,2.124,valid_checkpoint_order_thirds
HalfCheetah,AMAF,effective_gate,halfcheetah_replication_frozen,99,63,660000,Middle,2,0.0247396349156,-0.068,1.932,valid_checkpoint_order_thirds
HalfCheetah,AMAF,effective_gate,halfcheetah_replication_frozen,99,64,670000,Middle,2,0.0028393918666,0.144,2.144,valid_checkpoint_order_thirds
HalfCheetah,AMAF,effective_gate,halfcheetah_replication_frozen,99,65,680000,Middle,2,0.0755445339314,-0.048,1.952,valid_checkpoint_order_thirds
HalfCheetah,AMAF,effective_gate,halfcheetah_replication_frozen,99,66,690000,Middle,2,0.0595333188173,0.164,2.164,valid_checkpoint_order_thirds
HalfCheetah,AMAF,effective_gate,halfcheetah_replication_frozen,99,67,700000,Middle,2,0.0345309439521,-0.028,1.972,valid_checkpoint_order_thirds
HalfCheetah,AMAF,effective_gate,halfcheetah_replication_frozen,99,68,710000,Middle,2,0.000339058817921,0.184,2.184,valid_checkpoint_order_thirds
HalfCheetah,AMAF,effective_gate,halfcheetah_replication_frozen,99,69,720000,Middle,2,3.73985806878e-05,-0.008,1.992,valid_checkpoint_order_thirds
HalfCheetah,AMAF,effective_gate,halfcheetah_replication_frozen,99,70,730000,Middle,2,4.15361037289e-05,-0.2,1.8,valid_checkpoint_order_thirds
HalfCheetah,AMAF,effective_gate,halfcheetah_replication_frozen,99,71,740000,Middle,2,0.0413357465618,0.012,2.012,valid_checkpoint_order_thirds
HalfCheetah,AMAF,effective_gate,halfcheetah_replication_frozen,99,72,750000,Middle,2,0.00243053323214,-0.18,1.82,valid_checkpoint_order_thirds
HalfCheetah,AMAF,effective_gate,halfcheetah_replication_frozen,99,73,760000,Middle,2,0.0226315897568,0.032,2.032,valid_checkpoint_order_thirds
HalfCheetah,AMAF,effective_gate,halfcheetah_replication_frozen,99,74,770000,Middle,2,0.00144596836901,-0.16,1.84,valid_checkpoint_order_thirds
HalfCheetah,AMAF,effective_gate,halfcheetah_replication_frozen,99,75,780000,Middle,2,0.00575796124684,0.052,2.052,valid_checkpoint_order_thirds
HalfCheetah,AMAF,effective_gate,halfcheetah_replication_frozen,99,76,790000,Middle,2,0.0264536378312,-0.14,1.86,valid_checkpoint_order_thirds
HalfCheetah,AMAF,effective_gate,halfcheetah_replication_frozen,99,77,800000,Middle,2,0.000264366573578,0.072,2.072,valid_checkpoint_order_thirds
HalfCheetah,AMAF,effective_gate,halfcheetah_replication_frozen,99,78,810000,Middle,2,0.00165217661104,-0.12,1.88,valid_checkpoint_order_thirds
HalfCheetah,AMAF,effective_gate,halfcheetah_replication_frozen,99,79,820000,Middle,2,0.00114726409484,0.092,2.092,valid_checkpoint_order_thirds
HalfCheetah,AMAF,effective_gate,halfcheetah_replication_frozen,99,80,830000,Middle,2,0.00459434735923,-0.1,1.9,valid_checkpoint_order_thirds
HalfCheetah,AMAF,effective_gate,halfcheetah_replication_frozen,99,81,840000,Middle,2,0.613026826905,0.112,2.112,valid_checkpoint_order_thirds
HalfCheetah,AMAF,effective_gate,halfcheetah_replication_frozen,99,82,850000,Middle,2,0.241220672184,-0.08,1.92,valid_checkpoint_order_thirds
HalfCheetah,AMAF,effective_gate,halfcheetah_replication_frozen,99,83,860000,Middle,2,7.37409441299e-05,0.132,2.132,valid_checkpoint_order_thirds
HalfCheetah,AMAF,effective_gate,halfcheetah_replication_frozen,99,84,870000,Middle,2,0.0288305671651,-0.06,1.94,valid_checkpoint_order_thirds
HalfCheetah,AMAF,effective_gate,halfcheetah_replication_frozen,99,85,880000,Middle,2,0.659140619295,0.152,2.152,valid_checkpoint_order_thirds
HalfCheetah,AMAF,effective_gate,halfcheetah_replication_frozen,99,86,890000,Middle,2,0.00131185934878,-0.04,1.96,valid_checkpoint_order_thirds
HalfCheetah,AMAF,effective_gate,halfcheetah_replication_frozen,99,87,900000,Middle,2,0.00990684951285,0.172,2.172,valid_checkpoint_order_thirds
HalfCheetah,AMAF,effective_gate,halfcheetah_replication_frozen,99,88,910000,Middle,2,5.9541810029e-05,-0.02,1.98,valid_checkpoint_order_thirds
HalfCheetah,AMAF,effective_gate,halfcheetah_replication_frozen,99,89,920000,Middle,2,0.000177000833769,0.192,2.192,valid_checkpoint_order_thirds
HalfCheetah,AMAF,effective_gate,halfcheetah_replication_frozen,99,90,930000,Middle,2,0.00639265036069,0,2,valid_checkpoint_order_thirds
HalfCheetah,AMAF,effective_gate,halfcheetah_replication_frozen,99,91,940000,Late,3,0.00178691124816,-0.192,2.808,valid_checkpoint_order_thirds
HalfCheetah,AMAF,effective_gate,halfcheetah_replication_frozen,99,92,950000,Late,3,0.78964893529,0.02,3.02,valid_checkpoint_order_thirds
HalfCheetah,AMAF,effective_gate,halfcheetah_replication_frozen,99,93,960000,Late,3,0.0110510317956,-0.172,2.828,valid_checkpoint_order_thirds
HalfCheetah,AMAF,effective_gate,halfcheetah_replication_frozen,99,94,970000,Late,3,0.00028938034566,0.04,3.04,valid_checkpoint_order_thirds
HalfCheetah,AMAF,effective_gate,halfcheetah_replication_frozen,99,95,980000,Late,3,0.106624282226,-0.152,2.848,valid_checkpoint_order_thirds
HalfCheetah,AMAF,effective_gate,halfcheetah_replication_frozen,99,96,990000,Late,3,0.0114087983441,0.06,3.06,valid_checkpoint_order_thirds
HalfCheetah,AMAF,effective_gate,halfcheetah_replication_frozen,99,97,1000000,Late,3,0.110608234624,-0.132,2.868,valid_checkpoint_order_thirds
HalfCheetah,AMAF,effective_gate,halfcheetah_replication_frozen,99,98,1010000,Late,3,0.000129726113153,0.08,3.08,valid_checkpoint_order_thirds
HalfCheetah,AMAF,effective_gate,halfcheetah_replication_frozen,99,99,1020000,Late,3,0.00115955706053,-0.112,2.888,valid_checkpoint_order_thirds
HalfCheetah,AMAF,effective_gate,halfcheetah_replication_frozen,99,100,1030000,Late,3,0.520342365366,0.1,3.1,valid_checkpoint_order_thirds
HalfCheetah,AMAF,effective_gate,halfcheetah_replication_frozen,99,101,1040000,Late,3,0.000115683309147,-0.092,2.908,valid_checkpoint_order_thirds
HalfCheetah,AMAF,effective_gate,halfcheetah_replication_frozen,99,102,1050000,Late,3,0.00193970638542,0.12,3.12,valid_checkpoint_order_thirds
HalfCheetah,AMAF,effective_gate,halfcheetah_replication_frozen,99,103,1060000,Late,3,1.47564534272e-08,-0.072,2.928,valid_checkpoint_order_thirds
HalfCheetah,AMAF,effective_gate,halfcheetah_replication_frozen,99,104,1070000,Late,3,0.0139629095546,0.14,3.14,valid_checkpoint_order_thirds
HalfCheetah,AMAF,effective_gate,halfcheetah_replication_frozen,99,105,1080000,Late,3,0.00850029682814,-0.052,2.948,valid_checkpoint_order_thirds
HalfCheetah,AMAF,effective_gate,halfcheetah_replication_frozen,99,106,1090000,Late,3,0.389487681354,0.16,3.16,valid_checkpoint_order_thirds
HalfCheetah,AMAF,effective_gate,halfcheetah_replication_frozen,99,107,1100000,Late,3,1.25194862921e-07,-0.032,2.968,valid_checkpoint_order_thirds
HalfCheetah,AMAF,effective_gate,halfcheetah_replication_frozen,99,108,1110000,Late,3,0.0292282241087,0.18,3.18,valid_checkpoint_order_thirds
HalfCheetah,AMAF,effective_gate,halfcheetah_replication_frozen,99,109,1120000,Late,3,0.0489287355214,-0.012,2.988,valid_checkpoint_order_thirds
HalfCheetah,AMAF,effective_gate,halfcheetah_replication_frozen,99,110,1130000,Late,3,0.031847497016,0.2,3.2,valid_checkpoint_order_thirds
HalfCheetah,AMAF,effective_gate,halfcheetah_replication_frozen,99,111,1140000,Late,3,0.000371245552103,0.008,3.008,valid_checkpoint_order_thirds
HalfCheetah,AMAF,effective_gate,halfcheetah_replication_frozen,99,112,1150000,Late,3,0.000249186841988,-0.184,2.816,valid_checkpoint_order_thirds
HalfCheetah,AMAF,effective_gate,halfcheetah_replication_frozen,99,113,1160000,Late,3,0.471487247143,0.028,3.028,valid_checkpoint_order_thirds
HalfCheetah,AMAF,effective_gate,halfcheetah_replication_frozen,99,114,1170000,Late,3,0.00115375148612,-0.164,2.836,valid_checkpoint_order_thirds
HalfCheetah,AMAF,effective_gate,halfcheetah_replication_frozen,99,115,1190000,Late,3,2.45803372435e-09,0.048,3.048,valid_checkpoint_order_thirds
HalfCheetah,AMAF,effective_gate,halfcheetah_replication_frozen,99,116,1200000,Late,3,0.00139271630814,-0.144,2.856,valid_checkpoint_order_thirds
HalfCheetah,AMAF,effective_gate,halfcheetah_replication_frozen,99,117,1210000,Late,3,0.00867264947108,0.068,3.068,valid_checkpoint_order_thirds
HalfCheetah,AMAF,effective_gate,halfcheetah_replication_frozen,99,118,1220000,Late,3,0.000267162882562,-0.124,2.876,valid_checkpoint_order_thirds
HalfCheetah,AMAF,effective_gate,halfcheetah_replication_frozen,99,119,1230000,Late,3,0.544347091941,0.088,3.088,valid_checkpoint_order_thirds
HalfCheetah,AMAF,effective_gate,halfcheetah_replication_frozen,99,120,1240000,Late,3,0.016084766757,-0.104,2.896,valid_checkpoint_order_thirds
HalfCheetah,AMAF,effective_gate,halfcheetah_replication_frozen,99,121,1250000,Late,3,0.453043412359,0.108,3.108,valid_checkpoint_order_thirds
HalfCheetah,AMAF,effective_gate,halfcheetah_replication_frozen,99,122,1260000,Late,3,3.31596898577e-10,-0.084,2.916,valid_checkpoint_order_thirds
HalfCheetah,AMAF,effective_gate,halfcheetah_replication_frozen,99,123,1270000,Late,3,0.616173103374,0.128,3.128,valid_checkpoint_order_thirds
HalfCheetah,AMAF,effective_gate,halfcheetah_replication_frozen,99,124,1280000,Late,3,1.26901160638e-06,-0.064,2.936,valid_checkpoint_order_thirds
HalfCheetah,AMAF,effective_gate,halfcheetah_replication_frozen,99,125,1290000,Late,3,0.472120317609,0.148,3.148,valid_checkpoint_order_thirds
HalfCheetah,AMAF,effective_gate,halfcheetah_replication_frozen,99,126,1300000,Late,3,0.00019145183074,-0.044,2.956,valid_checkpoint_order_thirds
HalfCheetah,AMAF,effective_gate,halfcheetah_replication_frozen,99,127,1310000,Late,3,0.0068276035102,0.168,3.168,valid_checkpoint_order_thirds
HalfCheetah,AMAF,effective_gate,halfcheetah_replication_frozen,99,128,1320000,Late,3,1.59032765091e-06,-0.024,2.976,valid_checkpoint_order_thirds
HalfCheetah,AMAF,effective_gate,halfcheetah_replication_frozen,99,129,1330000,Late,3,0.000131126547565,0.188,3.188,valid_checkpoint_order_thirds
HalfCheetah,AMAF,effective_gate,halfcheetah_replication_frozen,99,130,1350000,Late,3,2.16230067437e-09,-0.004,2.996,valid_checkpoint_order_thirds
HalfCheetah,AMAF,effective_gate,halfcheetah_replication_frozen,99,131,1360000,Late,3,8.76979912374e-07,-0.196,2.804,valid_checkpoint_order_thirds
HalfCheetah,AMAF,effective_gate,halfcheetah_replication_frozen,99,132,1370000,Late,3,2.67091161049e-09,0.016,3.016,valid_checkpoint_order_thirds
HalfCheetah,AMAF,effective_gate,halfcheetah_replication_frozen,99,133,1380000,Late,3,7.07853080012e-09,-0.176,2.824,valid_checkpoint_order_thirds
HalfCheetah,AMAF,effective_gate,halfcheetah_replication_frozen,99,134,1390000,Late,3,1.57536209334e-11,0.036,3.036,valid_checkpoint_order_thirds
HalfCheetah,AMAF,effective_gate,halfcheetah_replication_frozen,111,1,10000,Early,1,1,-0.124,0.876,valid_checkpoint_order_thirds
HalfCheetah,AMAF,effective_gate,halfcheetah_replication_frozen,111,2,20000,Early,1,1,0.088,1.088,valid_checkpoint_order_thirds
HalfCheetah,AMAF,effective_gate,halfcheetah_replication_frozen,111,3,30000,Early,1,0.803010811049,-0.104,0.896,valid_checkpoint_order_thirds
HalfCheetah,AMAF,effective_gate,halfcheetah_replication_frozen,111,4,40000,Early,1,0.0608054003816,0.108,1.108,valid_checkpoint_order_thirds
HalfCheetah,AMAF,effective_gate,halfcheetah_replication_frozen,111,5,50000,Early,1,0.24550470135,-0.084,0.916,valid_checkpoint_order_thirds
HalfCheetah,AMAF,effective_gate,halfcheetah_replication_frozen,111,6,70000,Early,1,2.57124727359e-08,0.128,1.128,valid_checkpoint_order_thirds
HalfCheetah,AMAF,effective_gate,halfcheetah_replication_frozen,111,7,80000,Early,1,0.180561705778,-0.064,0.936,valid_checkpoint_order_thirds
HalfCheetah,AMAF,effective_gate,halfcheetah_replication_frozen,111,8,90000,Early,1,0.32432991852,0.148,1.148,valid_checkpoint_order_thirds
HalfCheetah,AMAF,effective_gate,halfcheetah_replication_frozen,111,9,100000,Early,1,0.798446117345,-0.044,0.956,valid_checkpoint_order_thirds
HalfCheetah,AMAF,effective_gate,halfcheetah_replication_frozen,111,10,110000,Early,1,0.669740499723,0.168,1.168,valid_checkpoint_order_thirds
HalfCheetah,AMAF,effective_gate,halfcheetah_replication_frozen,111,11,120000,Early,1,0.397798807958,-0.024,0.976,valid_checkpoint_order_thirds
HalfCheetah,AMAF,effective_gate,halfcheetah_replication_frozen,111,12,130000,Early,1,0.0439138276841,0.188,1.188,valid_checkpoint_order_thirds
HalfCheetah,AMAF,effective_gate,halfcheetah_replication_frozen,111,13,140000,Early,1,0.539858676568,-0.004,0.996,valid_checkpoint_order_thirds
HalfCheetah,AMAF,effective_gate,halfcheetah_replication_frozen,111,14,150000,Early,1,0.43771919151,-0.196,0.804,valid_checkpoint_order_thirds
HalfCheetah,AMAF,effective_gate,halfcheetah_replication_frozen,111,15,160000,Early,1,0.2407972622,0.016,1.016,valid_checkpoint_order_thirds
HalfCheetah,AMAF,effective_gate,halfcheetah_replication_frozen,111,16,170000,Early,1,0.670874968443,-0.176,0.824,valid_checkpoint_order_thirds
HalfCheetah,AMAF,effective_gate,halfcheetah_replication_frozen,111,17,180000,Early,1,0.73678306853,0.036,1.036,valid_checkpoint_order_thirds
HalfCheetah,AMAF,effective_gate,halfcheetah_replication_frozen,111,18,190000,Early,1,0.034967822377,-0.156,0.844,valid_checkpoint_order_thirds
HalfCheetah,AMAF,effective_gate,halfcheetah_replication_frozen,111,19,200000,Early,1,0.00332251282581,0.056,1.056,valid_checkpoint_order_thirds
HalfCheetah,AMAF,effective_gate,halfcheetah_replication_frozen,111,20,210000,Early,1,0.0232378781181,-0.136,0.864,valid_checkpoint_order_thirds
HalfCheetah,AMAF,effective_gate,halfcheetah_replication_frozen,111,21,220000,Early,1,0.0131360938541,0.076,1.076,valid_checkpoint_order_thirds
HalfCheetah,AMAF,effective_gate,halfcheetah_replication_frozen,111,22,230000,Early,1,0.762638114437,-0.116,0.884,valid_checkpoint_order_thirds
HalfCheetah,AMAF,effective_gate,halfcheetah_replication_frozen,111,23,240000,Early,1,0.746607447219,0.096,1.096,valid_checkpoint_order_thirds
HalfCheetah,AMAF,effective_gate,halfcheetah_replication_frozen,111,24,250000,Early,1,0.378682758491,-0.096,0.904,valid_checkpoint_order_thirds
HalfCheetah,AMAF,effective_gate,halfcheetah_replication_frozen,111,25,260000,Early,1,0.000847460509374,0.116,1.116,valid_checkpoint_order_thirds
HalfCheetah,AMAF,effective_gate,halfcheetah_replication_frozen,111,26,270000,Early,1,0.000539822480471,-0.076,0.924,valid_checkpoint_order_thirds
HalfCheetah,AMAF,effective_gate,halfcheetah_replication_frozen,111,27,280000,Early,1,0.0115543990253,0.136,1.136,valid_checkpoint_order_thirds
HalfCheetah,AMAF,effective_gate,halfcheetah_replication_frozen,111,28,290000,Early,1,0.0171249636586,-0.056,0.944,valid_checkpoint_order_thirds
HalfCheetah,AMAF,effective_gate,halfcheetah_replication_frozen,111,29,300000,Early,1,0.473941265991,0.156,1.156,valid_checkpoint_order_thirds
HalfCheetah,AMAF,effective_gate,halfcheetah_replication_frozen,111,30,310000,Early,1,0.196576234023,-0.036,0.964,valid_checkpoint_order_thirds
HalfCheetah,AMAF,effective_gate,halfcheetah_replication_frozen,111,31,320000,Early,1,0.563585103032,0.176,1.176,valid_checkpoint_order_thirds
HalfCheetah,AMAF,effective_gate,halfcheetah_replication_frozen,111,32,330000,Early,1,0.518075369232,-0.016,0.984,valid_checkpoint_order_thirds
HalfCheetah,AMAF,effective_gate,halfcheetah_replication_frozen,111,33,340000,Early,1,0.145048606625,0.196,1.196,valid_checkpoint_order_thirds
HalfCheetah,AMAF,effective_gate,halfcheetah_replication_frozen,111,34,350000,Early,1,0.492429838341,0.004,1.004,valid_checkpoint_order_thirds
HalfCheetah,AMAF,effective_gate,halfcheetah_replication_frozen,111,35,360000,Early,1,0.00866141135683,-0.188,0.812,valid_checkpoint_order_thirds
HalfCheetah,AMAF,effective_gate,halfcheetah_replication_frozen,111,36,370000,Early,1,0.752518926806,0.024,1.024,valid_checkpoint_order_thirds
HalfCheetah,AMAF,effective_gate,halfcheetah_replication_frozen,111,37,380000,Early,1,0.724584049488,-0.168,0.832,valid_checkpoint_order_thirds
HalfCheetah,AMAF,effective_gate,halfcheetah_replication_frozen,111,38,390000,Early,1,0.557040366559,0.044,1.044,valid_checkpoint_order_thirds
HalfCheetah,AMAF,effective_gate,halfcheetah_replication_frozen,111,39,400000,Early,1,0.00995948808435,-0.148,0.852,valid_checkpoint_order_thirds
HalfCheetah,AMAF,effective_gate,halfcheetah_replication_frozen,111,40,410000,Early,1,9.71971254326e-05,0.064,1.064,valid_checkpoint_order_thirds
HalfCheetah,AMAF,effective_gate,halfcheetah_replication_frozen,111,41,420000,Early,1,0.000992550868074,-0.128,0.872,valid_checkpoint_order_thirds
HalfCheetah,AMAF,effective_gate,halfcheetah_replication_frozen,111,42,430000,Early,1,0.0296367397556,0.084,1.084,valid_checkpoint_order_thirds
HalfCheetah,AMAF,effective_gate,halfcheetah_replication_frozen,111,43,440000,Early,1,0.301262300546,-0.108,0.892,valid_checkpoint_order_thirds
HalfCheetah,AMAF,effective_gate,halfcheetah_replication_frozen,111,44,450000,Early,1,0.549065240265,0.104,1.104,valid_checkpoint_order_thirds
HalfCheetah,AMAF,effective_gate,halfcheetah_replication_frozen,111,45,460000,Early,1,4.15624928769e-06,-0.088,0.912,valid_checkpoint_order_thirds
HalfCheetah,AMAF,effective_gate,halfcheetah_replication_frozen,111,46,470000,Early,1,0.496267427604,0.124,1.124,valid_checkpoint_order_thirds
HalfCheetah,AMAF,effective_gate,halfcheetah_replication_frozen,111,47,480000,Early,1,0.492861616348,-0.068,0.932,valid_checkpoint_order_thirds
HalfCheetah,AMAF,effective_gate,halfcheetah_replication_frozen,111,48,490000,Early,1,0.176920036253,0.144,1.144,valid_checkpoint_order_thirds
HalfCheetah,AMAF,effective_gate,halfcheetah_replication_frozen,111,49,500000,Early,1,0.00820157909384,-0.048,0.952,valid_checkpoint_order_thirds
HalfCheetah,AMAF,effective_gate,halfcheetah_replication_frozen,111,50,510000,Middle,2,0.000103679337378,0.164,2.164,valid_checkpoint_order_thirds
HalfCheetah,AMAF,effective_gate,halfcheetah_replication_frozen,111,51,520000,Middle,2,0.00878317557649,-0.028,1.972,valid_checkpoint_order_thirds
HalfCheetah,AMAF,effective_gate,halfcheetah_replication_frozen,111,52,530000,Middle,2,0.682753974993,0.184,2.184,valid_checkpoint_order_thirds
HalfCheetah,AMAF,effective_gate,halfcheetah_replication_frozen,111,53,540000,Middle,2,0.517615357873,-0.008,1.992,valid_checkpoint_order_thirds
HalfCheetah,AMAF,effective_gate,halfcheetah_replication_frozen,111,54,550000,Middle,2,0.448815188595,-0.2,1.8,valid_checkpoint_order_thirds
HalfCheetah,AMAF,effective_gate,halfcheetah_replication_frozen,111,55,560000,Middle,2,0.063754717382,0.012,2.012,valid_checkpoint_order_thirds
HalfCheetah,AMAF,effective_gate,halfcheetah_replication_frozen,111,56,570000,Middle,2,0.500380594169,-0.18,1.82,valid_checkpoint_order_thirds
HalfCheetah,AMAF,effective_gate,halfcheetah_replication_frozen,111,57,580000,Middle,2,0.494846672912,0.032,2.032,valid_checkpoint_order_thirds
HalfCheetah,AMAF,effective_gate,halfcheetah_replication_frozen,111,58,590000,Middle,2,0.0123576341527,-0.16,1.84,valid_checkpoint_order_thirds
HalfCheetah,AMAF,effective_gate,halfcheetah_replication_frozen,111,59,600000,Middle,2,0.0178695912858,0.052,2.052,valid_checkpoint_order_thirds
HalfCheetah,AMAF,effective_gate,halfcheetah_replication_frozen,111,60,610000,Middle,2,0.297993494889,-0.14,1.86,valid_checkpoint_order_thirds
HalfCheetah,AMAF,effective_gate,halfcheetah_replication_frozen,111,61,630000,Middle,2,0.536997897057,0.072,2.072,valid_checkpoint_order_thirds
HalfCheetah,AMAF,effective_gate,halfcheetah_replication_frozen,111,62,640000,Middle,2,0.148252339365,-0.12,1.88,valid_checkpoint_order_thirds
HalfCheetah,AMAF,effective_gate,halfcheetah_replication_frozen,111,63,650000,Middle,2,0.185158195223,0.092,2.092,valid_checkpoint_order_thirds
HalfCheetah,AMAF,effective_gate,halfcheetah_replication_frozen,111,64,660000,Middle,2,0.286409518294,-0.1,1.9,valid_checkpoint_order_thirds
HalfCheetah,AMAF,effective_gate,halfcheetah_replication_frozen,111,65,670000,Middle,2,0.00267036050203,0.112,2.112,valid_checkpoint_order_thirds
HalfCheetah,AMAF,effective_gate,halfcheetah_replication_frozen,111,66,680000,Middle,2,0.00247366006154,-0.08,1.92,valid_checkpoint_order_thirds
HalfCheetah,AMAF,effective_gate,halfcheetah_replication_frozen,111,67,690000,Middle,2,1.25907764338e-05,0.132,2.132,valid_checkpoint_order_thirds
HalfCheetah,AMAF,effective_gate,halfcheetah_replication_frozen,111,68,700000,Middle,2,0.0177014757337,-0.06,1.94,valid_checkpoint_order_thirds
HalfCheetah,AMAF,effective_gate,halfcheetah_replication_frozen,111,69,710000,Middle,2,0.361382757575,0.152,2.152,valid_checkpoint_order_thirds
HalfCheetah,AMAF,effective_gate,halfcheetah_replication_frozen,111,70,720000,Middle,2,0.00150818416715,-0.04,1.96,valid_checkpoint_order_thirds
HalfCheetah,AMAF,effective_gate,halfcheetah_replication_frozen,111,71,730000,Middle,2,0.0284647244859,0.172,2.172,valid_checkpoint_order_thirds
HalfCheetah,AMAF,effective_gate,halfcheetah_replication_frozen,111,72,740000,Middle,2,0.2138872948,-0.02,1.98,valid_checkpoint_order_thirds
HalfCheetah,AMAF,effective_gate,halfcheetah_replication_frozen,111,73,750000,Middle,2,0.0304262403369,0.192,2.192,valid_checkpoint_order_thirds
HalfCheetah,AMAF,effective_gate,halfcheetah_replication_frozen,111,74,760000,Middle,2,0.125560127794,0,2,valid_checkpoint_order_thirds
HalfCheetah,AMAF,effective_gate,halfcheetah_replication_frozen,111,75,770000,Middle,2,0.629187761791,-0.192,1.808,valid_checkpoint_order_thirds
HalfCheetah,AMAF,effective_gate,halfcheetah_replication_frozen,111,76,780000,Middle,2,0.305043829823,0.02,2.02,valid_checkpoint_order_thirds
HalfCheetah,AMAF,effective_gate,halfcheetah_replication_frozen,111,77,790000,Middle,2,0.508723889811,-0.172,1.828,valid_checkpoint_order_thirds
HalfCheetah,AMAF,effective_gate,halfcheetah_replication_frozen,111,78,800000,Middle,2,0.00744194364572,0.04,2.04,valid_checkpoint_order_thirds
HalfCheetah,AMAF,effective_gate,halfcheetah_replication_frozen,111,79,810000,Middle,2,0.685994964491,-0.152,1.848,valid_checkpoint_order_thirds
HalfCheetah,AMAF,effective_gate,halfcheetah_replication_frozen,111,80,820000,Middle,2,0.00733859109542,0.06,2.06,valid_checkpoint_order_thirds
HalfCheetah,AMAF,effective_gate,halfcheetah_replication_frozen,111,81,830000,Middle,2,0.0118138902606,-0.132,1.868,valid_checkpoint_order_thirds
HalfCheetah,AMAF,effective_gate,halfcheetah_replication_frozen,111,82,840000,Middle,2,0.0933511205892,0.08,2.08,valid_checkpoint_order_thirds
HalfCheetah,AMAF,effective_gate,halfcheetah_replication_frozen,111,83,850000,Middle,2,0.144276546653,-0.112,1.888,valid_checkpoint_order_thirds
HalfCheetah,AMAF,effective_gate,halfcheetah_replication_frozen,111,84,860000,Middle,2,0.0149278157279,0.1,2.1,valid_checkpoint_order_thirds
HalfCheetah,AMAF,effective_gate,halfcheetah_replication_frozen,111,85,870000,Middle,2,0.0464128248071,-0.092,1.908,valid_checkpoint_order_thirds
HalfCheetah,AMAF,effective_gate,halfcheetah_replication_frozen,111,86,880000,Middle,2,0.194602882172,0.12,2.12,valid_checkpoint_order_thirds
HalfCheetah,AMAF,effective_gate,halfcheetah_replication_frozen,111,87,890000,Middle,2,0.188691231449,-0.072,1.928,valid_checkpoint_order_thirds
HalfCheetah,AMAF,effective_gate,halfcheetah_replication_frozen,111,88,900000,Middle,2,0.000336149839929,0.14,2.14,valid_checkpoint_order_thirds
HalfCheetah,AMAF,effective_gate,halfcheetah_replication_frozen,111,89,910000,Middle,2,0.00359925421283,-0.052,1.948,valid_checkpoint_order_thirds
HalfCheetah,AMAF,effective_gate,halfcheetah_replication_frozen,111,90,920000,Middle,2,0.000182708176969,0.16,2.16,valid_checkpoint_order_thirds
HalfCheetah,AMAF,effective_gate,halfcheetah_replication_frozen,111,91,930000,Middle,2,0.100666322983,-0.032,1.968,valid_checkpoint_order_thirds
HalfCheetah,AMAF,effective_gate,halfcheetah_replication_frozen,111,92,940000,Middle,2,0.226800036554,0.18,2.18,valid_checkpoint_order_thirds
HalfCheetah,AMAF,effective_gate,halfcheetah_replication_frozen,111,93,950000,Middle,2,0.00104188660091,-0.012,1.988,valid_checkpoint_order_thirds
HalfCheetah,AMAF,effective_gate,halfcheetah_replication_frozen,111,94,960000,Middle,2,0.0343323596991,0.2,2.2,valid_checkpoint_order_thirds
HalfCheetah,AMAF,effective_gate,halfcheetah_replication_frozen,111,95,970000,Middle,2,0.000679914416219,0.008,2.008,valid_checkpoint_order_thirds
HalfCheetah,AMAF,effective_gate,halfcheetah_replication_frozen,111,96,980000,Middle,2,0.0346390555701,-0.184,1.816,valid_checkpoint_order_thirds
HalfCheetah,AMAF,effective_gate,halfcheetah_replication_frozen,111,97,990000,Middle,2,0.0153337571534,0.028,2.028,valid_checkpoint_order_thirds
HalfCheetah,AMAF,effective_gate,halfcheetah_replication_frozen,111,98,1000000,Middle,2,0.0103889930009,-0.164,1.836,valid_checkpoint_order_thirds
HalfCheetah,AMAF,effective_gate,halfcheetah_replication_frozen,111,99,1010000,Late,3,0.307993072802,0.048,3.048,valid_checkpoint_order_thirds
HalfCheetah,AMAF,effective_gate,halfcheetah_replication_frozen,111,100,1020000,Late,3,0.000137039202227,-0.144,2.856,valid_checkpoint_order_thirds
HalfCheetah,AMAF,effective_gate,halfcheetah_replication_frozen,111,101,1030000,Late,3,0.492087454838,0.068,3.068,valid_checkpoint_order_thirds
HalfCheetah,AMAF,effective_gate,halfcheetah_replication_frozen,111,102,1040000,Late,3,0.0109369002206,-0.124,2.876,valid_checkpoint_order_thirds
HalfCheetah,AMAF,effective_gate,halfcheetah_replication_frozen,111,103,1050000,Late,3,0.150119182008,0.088,3.088,valid_checkpoint_order_thirds
HalfCheetah,AMAF,effective_gate,halfcheetah_replication_frozen,111,104,1060000,Late,3,3.84435729197e-05,-0.104,2.896,valid_checkpoint_order_thirds
HalfCheetah,AMAF,effective_gate,halfcheetah_replication_frozen,111,105,1070000,Late,3,0.00572458302313,0.108,3.108,valid_checkpoint_order_thirds
HalfCheetah,AMAF,effective_gate,halfcheetah_replication_frozen,111,106,1080000,Late,3,5.93156729238e-05,-0.084,2.916,valid_checkpoint_order_thirds
HalfCheetah,AMAF,effective_gate,halfcheetah_replication_frozen,111,107,1090000,Late,3,0.665318475455,0.128,3.128,valid_checkpoint_order_thirds
HalfCheetah,AMAF,effective_gate,halfcheetah_replication_frozen,111,108,1100000,Late,3,2.90727319609e-07,-0.064,2.936,valid_checkpoint_order_thirds
HalfCheetah,AMAF,effective_gate,halfcheetah_replication_frozen,111,109,1110000,Late,3,1.62445472309e-05,0.148,3.148,valid_checkpoint_order_thirds
HalfCheetah,AMAF,effective_gate,halfcheetah_replication_frozen,111,110,1120000,Late,3,0.00952782211023,-0.044,2.956,valid_checkpoint_order_thirds
HalfCheetah,AMAF,effective_gate,halfcheetah_replication_frozen,111,111,1130000,Late,3,1.38307756467e-08,0.168,3.168,valid_checkpoint_order_thirds
HalfCheetah,AMAF,effective_gate,halfcheetah_replication_frozen,111,112,1140000,Late,3,0.245198813422,-0.024,2.976,valid_checkpoint_order_thirds
HalfCheetah,AMAF,effective_gate,halfcheetah_replication_frozen,111,113,1150000,Late,3,9.65207672082e-06,0.188,3.188,valid_checkpoint_order_thirds
HalfCheetah,AMAF,effective_gate,halfcheetah_replication_frozen,111,114,1160000,Late,3,7.78202790652e-07,-0.004,2.996,valid_checkpoint_order_thirds
HalfCheetah,AMAF,effective_gate,halfcheetah_replication_frozen,111,115,1170000,Late,3,0.0199495670907,-0.196,2.804,valid_checkpoint_order_thirds
HalfCheetah,AMAF,effective_gate,halfcheetah_replication_frozen,111,116,1180000,Late,3,0.00229488004264,0.016,3.016,valid_checkpoint_order_thirds
HalfCheetah,AMAF,effective_gate,halfcheetah_replication_frozen,111,117,1190000,Late,3,7.34257516247e-07,-0.176,2.824,valid_checkpoint_order_thirds
HalfCheetah,AMAF,effective_gate,halfcheetah_replication_frozen,111,118,1200000,Late,3,0.433247788108,0.036,3.036,valid_checkpoint_order_thirds
HalfCheetah,AMAF,effective_gate,halfcheetah_replication_frozen,111,119,1210000,Late,3,0.173568290068,-0.156,2.844,valid_checkpoint_order_thirds
HalfCheetah,AMAF,effective_gate,halfcheetah_replication_frozen,111,120,1220000,Late,3,3.09030931619e-07,0.056,3.056,valid_checkpoint_order_thirds
HalfCheetah,AMAF,effective_gate,halfcheetah_replication_frozen,111,121,1230000,Late,3,9.61191533294e-08,-0.136,2.864,valid_checkpoint_order_thirds
HalfCheetah,AMAF,effective_gate,halfcheetah_replication_frozen,111,122,1240000,Late,3,0.00414642718415,0.076,3.076,valid_checkpoint_order_thirds
HalfCheetah,AMAF,effective_gate,halfcheetah_replication_frozen,111,123,1250000,Late,3,4.3630792315e-08,-0.116,2.884,valid_checkpoint_order_thirds
HalfCheetah,AMAF,effective_gate,halfcheetah_replication_frozen,111,124,1260000,Late,3,2.43858282533e-05,0.096,3.096,valid_checkpoint_order_thirds
HalfCheetah,AMAF,effective_gate,halfcheetah_replication_frozen,111,125,1270000,Late,3,0.000393621353962,-0.096,2.904,valid_checkpoint_order_thirds
HalfCheetah,AMAF,effective_gate,halfcheetah_replication_frozen,111,126,1280000,Late,3,6.50709776235e-09,0.116,3.116,valid_checkpoint_order_thirds
HalfCheetah,AMAF,effective_gate,halfcheetah_replication_frozen,111,127,1290000,Late,3,0.000237375158439,-0.076,2.924,valid_checkpoint_order_thirds
HalfCheetah,AMAF,effective_gate,halfcheetah_replication_frozen,111,128,1300000,Late,3,6.24939057086e-05,0.136,3.136,valid_checkpoint_order_thirds
HalfCheetah,AMAF,effective_gate,halfcheetah_replication_frozen,111,129,1320000,Late,3,0.00168596829313,-0.056,2.944,valid_checkpoint_order_thirds
HalfCheetah,AMAF,effective_gate,halfcheetah_replication_frozen,111,130,1330000,Late,3,2.46271224721e-06,0.156,3.156,valid_checkpoint_order_thirds
HalfCheetah,AMAF,effective_gate,halfcheetah_replication_frozen,111,131,1340000,Late,3,3.35541407314e-07,-0.036,2.964,valid_checkpoint_order_thirds
HalfCheetah,AMAF,effective_gate,halfcheetah_replication_frozen,111,132,1350000,Late,3,0.000818437106089,0.176,3.176,valid_checkpoint_order_thirds
HalfCheetah,AMAF,effective_gate,halfcheetah_replication_frozen,111,133,1360000,Late,3,6.13561285947e-10,-0.016,2.984,valid_checkpoint_order_thirds
HalfCheetah,AMAF,effective_gate,halfcheetah_replication_frozen,111,134,1370000,Late,3,7.84709942616e-05,0.196,3.196,valid_checkpoint_order_thirds
HalfCheetah,AMAF,effective_gate,halfcheetah_replication_frozen,111,135,1390000,Late,3,0.0018873482528,0.004,3.004,valid_checkpoint_order_thirds
HalfCheetah,AMAF,effective_gate,halfcheetah_replication_frozen,111,136,1400000,Late,3,0.000882568681234,-0.188,2.812,valid_checkpoint_order_thirds
HalfCheetah,AMAF,effective_gate,halfcheetah_replication_frozen,111,137,1410000,Late,3,5.97585986513e-12,0.024,3.024,valid_checkpoint_order_thirds
HalfCheetah,AMAF,effective_gate,halfcheetah_replication_frozen,111,138,1420000,Late,3,3.03538733291e-05,-0.168,2.832,valid_checkpoint_order_thirds
HalfCheetah,AMAF,effective_gate,halfcheetah_replication_frozen,111,139,1430000,Late,3,1.07678210242e-10,0.044,3.044,valid_checkpoint_order_thirds
HalfCheetah,AMAF,effective_gate,halfcheetah_replication_frozen,111,140,1440000,Late,3,4.49053618689e-07,-0.148,2.852,valid_checkpoint_order_thirds
HalfCheetah,AMAF,effective_gate,halfcheetah_replication_frozen,111,141,1450000,Late,3,2.5619664775e-10,0.064,3.064,valid_checkpoint_order_thirds
HalfCheetah,AMAF,effective_gate,halfcheetah_replication_frozen,111,142,1460000,Late,3,1.12363587576e-05,-0.128,2.872,valid_checkpoint_order_thirds
HalfCheetah,AMAF,effective_gate,halfcheetah_replication_frozen,111,143,1470000,Late,3,2.52349279686e-05,0.084,3.084,valid_checkpoint_order_thirds
HalfCheetah,AMAF,effective_gate,halfcheetah_replication_frozen,111,144,1480000,Late,3,2.26533852934e-10,-0.108,2.892,valid_checkpoint_order_thirds
HalfCheetah,AMAF,effective_gate,halfcheetah_replication_frozen,111,145,1490000,Late,3,0.0031590746319,0.104,3.104,valid_checkpoint_order_thirds
HalfCheetah,AMAF,effective_gate,halfcheetah_replication_frozen,111,146,1500000,Late,3,6.65572679454e-05,-0.088,2.912,valid_checkpoint_order_thirds
Lunar,Protected,raw_router,lunar_primary_frozen,11,1,5000,Early,1,0.83599068214,0.024,1.024,valid_checkpoint_order_thirds
Lunar,Protected,raw_router,lunar_primary_frozen,11,2,10000,Early,1,0.815277066356,-0.168,0.832,valid_checkpoint_order_thirds
Lunar,Protected,raw_router,lunar_primary_frozen,11,3,15000,Early,1,0.344204477904,0.044,1.044,valid_checkpoint_order_thirds
Lunar,Protected,raw_router,lunar_primary_frozen,11,4,20000,Early,1,0.731094089832,-0.148,0.852,valid_checkpoint_order_thirds
Lunar,Protected,raw_router,lunar_primary_frozen,11,5,25000,Early,1,0.454417125158,0.064,1.064,valid_checkpoint_order_thirds
Lunar,Protected,raw_router,lunar_primary_frozen,11,6,30000,Early,1,0.651492919345,-0.128,0.872,valid_checkpoint_order_thirds
Lunar,Protected,raw_router,lunar_primary_frozen,11,7,35000,Early,1,0.0981857850249,0.084,1.084,valid_checkpoint_order_thirds
Lunar,Protected,raw_router,lunar_primary_frozen,11,8,40000,Early,1,0.0294840938306,-0.108,0.892,valid_checkpoint_order_thirds
Lunar,Protected,raw_router,lunar_primary_frozen,11,9,45000,Early,1,0.0138241703529,0.104,1.104,valid_checkpoint_order_thirds
Lunar,Protected,raw_router,lunar_primary_frozen,11,10,50000,Early,1,0.124814329204,-0.088,0.912,valid_checkpoint_order_thirds
Lunar,Protected,raw_router,lunar_primary_frozen,11,11,55000,Early,1,0.426128455286,0.124,1.124,valid_checkpoint_order_thirds
Lunar,Protected,raw_router,lunar_primary_frozen,11,12,60000,Early,1,0.0456529150639,-0.068,0.932,valid_checkpoint_order_thirds
Lunar,Protected,raw_router,lunar_primary_frozen,11,13,65000,Early,1,0.562483929613,0.144,1.144,valid_checkpoint_order_thirds
Lunar,Protected,raw_router,lunar_primary_frozen,11,14,70000,Early,1,0.320242286868,-0.048,0.952,valid_checkpoint_order_thirds
Lunar,Protected,raw_router,lunar_primary_frozen,11,15,75000,Early,1,0.611190439198,0.164,1.164,valid_checkpoint_order_thirds
Lunar,Protected,raw_router,lunar_primary_frozen,11,16,80000,Early,1,0.440845966404,-0.028,0.972,valid_checkpoint_order_thirds
Lunar,Protected,raw_router,lunar_primary_frozen,11,17,85000,Early,1,0.0499517793958,0.184,1.184,valid_checkpoint_order_thirds
Lunar,Protected,raw_router,lunar_primary_frozen,11,18,90000,Early,1,0.0286241272379,-0.008,0.992,valid_checkpoint_order_thirds
Lunar,Protected,raw_router,lunar_primary_frozen,11,19,95000,Early,1,0.208935496763,-0.2,0.8,valid_checkpoint_order_thirds
Lunar,Protected,raw_router,lunar_primary_frozen,11,20,100000,Early,1,0.189722526227,0.012,1.012,valid_checkpoint_order_thirds
Lunar,Protected,raw_router,lunar_primary_frozen,11,21,105000,Early,1,0.000334014475171,-0.18,0.82,valid_checkpoint_order_thirds
Lunar,Protected,raw_router,lunar_primary_frozen,11,22,110000,Early,1,0.00525634176138,0.032,1.032,valid_checkpoint_order_thirds
Lunar,Protected,raw_router,lunar_primary_frozen,11,23,115000,Early,1,0.525033297878,-0.16,0.84,valid_checkpoint_order_thirds
Lunar,Protected,raw_router,lunar_primary_frozen,11,24,120000,Early,1,0.100217877377,0.052,1.052,valid_checkpoint_order_thirds
Lunar,Protected,raw_router,lunar_primary_frozen,11,25,125000,Early,1,0.148649865619,-0.14,0.86,valid_checkpoint_order_thirds
Lunar,Protected,raw_router,lunar_primary_frozen,11,26,130000,Early,1,0.209358243534,0.072,1.072,valid_checkpoint_order_thirds
Lunar,Protected,raw_router,lunar_primary_frozen,11,27,135000,Early,1,0.277529630522,-0.12,0.88,valid_checkpoint_order_thirds
Lunar,Protected,raw_router,lunar_primary_frozen,11,28,140000,Early,1,0.230674255975,0.092,1.092,valid_checkpoint_order_thirds
Lunar,Protected,raw_router,lunar_primary_frozen,11,29,145000,Early,1,0.139396555935,-0.1,0.9,valid_checkpoint_order_thirds
Lunar,Protected,raw_router,lunar_primary_frozen,11,30,150000,Early,1,0.186767417522,0.112,1.112,valid_checkpoint_order_thirds
Lunar,Protected,raw_router,lunar_primary_frozen,11,31,155000,Early,1,0.314474615771,-0.08,0.92,valid_checkpoint_order_thirds
Lunar,Protected,raw_router,lunar_primary_frozen,11,32,160000,Early,1,0.195962977138,0.132,1.132,valid_checkpoint_order_thirds
Lunar,Protected,raw_router,lunar_primary_frozen,11,33,165000,Early,1,0.207290954813,-0.06,0.94,valid_checkpoint_order_thirds
Lunar,Protected,raw_router,lunar_primary_frozen,11,34,170000,Early,1,0.174488432548,0.152,1.152,valid_checkpoint_order_thirds
Lunar,Protected,raw_router,lunar_primary_frozen,11,35,175000,Middle,2,0.0240762185129,-0.04,1.96,valid_checkpoint_order_thirds
Lunar,Protected,raw_router,lunar_primary_frozen,11,36,180000,Middle,2,0.150819517156,0.172,2.172,valid_checkpoint_order_thirds
Lunar,Protected,raw_router,lunar_primary_frozen,11,37,185000,Middle,2,0.0117066726257,-0.02,1.98,valid_checkpoint_order_thirds
Lunar,Protected,raw_router,lunar_primary_frozen,11,38,190000,Middle,2,0.130844569769,0.192,2.192,valid_checkpoint_order_thirds
Lunar,Protected,raw_router,lunar_primary_frozen,11,39,195000,Middle,2,0.140715338878,0,2,valid_checkpoint_order_thirds
Lunar,Protected,raw_router,lunar_primary_frozen,11,40,200000,Middle,2,0.110420856653,-0.192,1.808,valid_checkpoint_order_thirds
Lunar,Protected,raw_router,lunar_primary_frozen,11,41,205000,Middle,2,0.0256523628634,0.02,2.02,valid_checkpoint_order_thirds
Lunar,Protected,raw_router,lunar_primary_frozen,11,42,210000,Middle,2,0.379242286781,-0.172,1.828,valid_checkpoint_order_thirds
Lunar,Protected,raw_router,lunar_primary_frozen,11,43,215000,Middle,2,0.152978057669,0.04,2.04,valid_checkpoint_order_thirds
Lunar,Protected,raw_router,lunar_primary_frozen,11,44,220000,Middle,2,0.19082374044,-0.152,1.848,valid_checkpoint_order_thirds
Lunar,Protected,raw_router,lunar_primary_frozen,11,45,225000,Middle,2,0.1355150343,0.06,2.06,valid_checkpoint_order_thirds
Lunar,Protected,raw_router,lunar_primary_frozen,11,46,230000,Middle,2,0.160203724694,-0.132,1.868,valid_checkpoint_order_thirds
Lunar,Protected,raw_router,lunar_primary_frozen,11,47,235000,Middle,2,0.18003999518,0.08,2.08,valid_checkpoint_order_thirds
Lunar,Protected,raw_router,lunar_primary_frozen,11,48,240000,Middle,2,0.1913860057,-0.112,1.888,valid_checkpoint_order_thirds
Lunar,Protected,raw_router,lunar_primary_frozen,11,49,245000,Middle,2,0.444253068755,0.1,2.1,valid_checkpoint_order_thirds
Lunar,Protected,raw_router,lunar_primary_frozen,11,50,250000,Middle,2,0.652806144335,-0.092,1.908,valid_checkpoint_order_thirds
Lunar,Protected,raw_router,lunar_primary_frozen,11,51,255000,Middle,2,0.493710630985,0.12,2.12,valid_checkpoint_order_thirds
Lunar,Protected,raw_router,lunar_primary_frozen,11,52,260000,Middle,2,0.339309596984,-0.072,1.928,valid_checkpoint_order_thirds
Lunar,Protected,raw_router,lunar_primary_frozen,11,53,265000,Middle,2,0.0153273474254,0.14,2.14,valid_checkpoint_order_thirds
Lunar,Protected,raw_router,lunar_primary_frozen,11,54,270000,Middle,2,0.300475152407,-0.052,1.948,valid_checkpoint_order_thirds
Lunar,Protected,raw_router,lunar_primary_frozen,11,55,275000,Middle,2,0.0167335931638,0.16,2.16,valid_checkpoint_order_thirds
Lunar,Protected,raw_router,lunar_primary_frozen,11,56,280000,Middle,2,0.481366307322,-0.032,1.968,valid_checkpoint_order_thirds
Lunar,Protected,raw_router,lunar_primary_frozen,11,57,285000,Middle,2,0.578599208465,0.18,2.18,valid_checkpoint_order_thirds
Lunar,Protected,raw_router,lunar_primary_frozen,11,58,290000,Middle,2,0.020749583636,-0.012,1.988,valid_checkpoint_order_thirds
Lunar,Protected,raw_router,lunar_primary_frozen,11,59,295000,Middle,2,0.331713064497,0.2,2.2,valid_checkpoint_order_thirds
Lunar,Protected,raw_router,lunar_primary_frozen,11,60,300000,Middle,2,0.177458258176,0.008,2.008,valid_checkpoint_order_thirds
Lunar,Protected,raw_router,lunar_primary_frozen,11,61,305000,Middle,2,0.300926540603,-0.184,1.816,valid_checkpoint_order_thirds
Lunar,Protected,raw_router,lunar_primary_frozen,11,62,310000,Middle,2,0.370704377787,0.028,2.028,valid_checkpoint_order_thirds
Lunar,Protected,raw_router,lunar_primary_frozen,11,63,315000,Middle,2,0.498736546385,-0.164,1.836,valid_checkpoint_order_thirds
Lunar,Protected,raw_router,lunar_primary_frozen,11,64,320000,Middle,2,0.60485364793,0.048,2.048,valid_checkpoint_order_thirds
Lunar,Protected,raw_router,lunar_primary_frozen,11,65,325000,Middle,2,0.404709090797,-0.144,1.856,valid_checkpoint_order_thirds
Lunar,Protected,raw_router,lunar_primary_frozen,11,66,330000,Middle,2,0.515032152229,0.068,2.068,valid_checkpoint_order_thirds
Lunar,Protected,raw_router,lunar_primary_frozen,11,67,335000,Middle,2,0.127350293743,-0.124,1.876,valid_checkpoint_order_thirds
Lunar,Protected,raw_router,lunar_primary_frozen,11,68,340000,Late,3,0.587795497124,0.088,3.088,valid_checkpoint_order_thirds
Lunar,Protected,raw_router,lunar_primary_frozen,11,69,345000,Late,3,0.529335509159,-0.104,2.896,valid_checkpoint_order_thirds
Lunar,Protected,raw_router,lunar_primary_frozen,11,70,350000,Late,3,0.294941376172,0.108,3.108,valid_checkpoint_order_thirds
Lunar,Protected,raw_router,lunar_primary_frozen,11,71,355000,Late,3,0.498540632781,-0.084,2.916,valid_checkpoint_order_thirds
Lunar,Protected,raw_router,lunar_primary_frozen,11,72,360000,Late,3,0.168977392894,0.128,3.128,valid_checkpoint_order_thirds
Lunar,Protected,raw_router,lunar_primary_frozen,11,73,365000,Late,3,0.408477464579,-0.064,2.936,valid_checkpoint_order_thirds
Lunar,Protected,raw_router,lunar_primary_frozen,11,74,370000,Late,3,0.504166673437,0.148,3.148,valid_checkpoint_order_thirds
Lunar,Protected,raw_router,lunar_primary_frozen,11,75,375000,Late,3,0.0116986196011,-0.044,2.956,valid_checkpoint_order_thirds
Lunar,Protected,raw_router,lunar_primary_frozen,11,76,380000,Late,3,0.376510241913,0.168,3.168,valid_checkpoint_order_thirds
Lunar,Protected,raw_router,lunar_primary_frozen,11,77,385000,Late,3,0.506431595943,-0.024,2.976,valid_checkpoint_order_thirds
Lunar,Protected,raw_router,lunar_primary_frozen,11,78,390000,Late,3,0.00879863926503,0.188,3.188,valid_checkpoint_order_thirds
Lunar,Protected,raw_router,lunar_primary_frozen,11,79,395000,Late,3,0.00873904416381,-0.004,2.996,valid_checkpoint_order_thirds
Lunar,Protected,raw_router,lunar_primary_frozen,11,80,400000,Late,3,0.0819084609934,-0.196,2.804,valid_checkpoint_order_thirds
Lunar,Protected,raw_router,lunar_primary_frozen,11,81,405000,Late,3,0.0111916935384,0.016,3.016,valid_checkpoint_order_thirds
Lunar,Protected,raw_router,lunar_primary_frozen,11,82,410000,Late,3,0.220054058731,-0.176,2.824,valid_checkpoint_order_thirds
Lunar,Protected,raw_router,lunar_primary_frozen,11,83,415000,Late,3,0.445537293553,0.036,3.036,valid_checkpoint_order_thirds
Lunar,Protected,raw_router,lunar_primary_frozen,11,84,420000,Late,3,0.469921613626,-0.156,2.844,valid_checkpoint_order_thirds
Lunar,Protected,raw_router,lunar_primary_frozen,11,85,425000,Late,3,0.0121150817454,0.056,3.056,valid_checkpoint_order_thirds
Lunar,Protected,raw_router,lunar_primary_frozen,11,86,430000,Late,3,0.03925100317,-0.136,2.864,valid_checkpoint_order_thirds
Lunar,Protected,raw_router,lunar_primary_frozen,11,87,435000,Late,3,0.105936664247,0.076,3.076,valid_checkpoint_order_thirds
Lunar,Protected,raw_router,lunar_primary_frozen,11,88,440000,Late,3,0.46465311915,-0.116,2.884,valid_checkpoint_order_thirds
Lunar,Protected,raw_router,lunar_primary_frozen,11,89,445000,Late,3,0.519604157395,0.096,3.096,valid_checkpoint_order_thirds
Lunar,Protected,raw_router,lunar_primary_frozen,11,90,450000,Late,3,0.280062413342,-0.096,2.904,valid_checkpoint_order_thirds
Lunar,Protected,raw_router,lunar_primary_frozen,11,91,455000,Late,3,0.707078072237,0.116,3.116,valid_checkpoint_order_thirds
Lunar,Protected,raw_router,lunar_primary_frozen,11,92,460000,Late,3,0.752229317194,-0.076,2.924,valid_checkpoint_order_thirds
Lunar,Protected,raw_router,lunar_primary_frozen,11,93,465000,Late,3,0.310088041837,0.136,3.136,valid_checkpoint_order_thirds
Lunar,Protected,raw_router,lunar_primary_frozen,11,94,470000,Late,3,0.343864213058,-0.056,2.944,valid_checkpoint_order_thirds
Lunar,Protected,raw_router,lunar_primary_frozen,11,95,475000,Late,3,0.471923828176,0.156,3.156,valid_checkpoint_order_thirds
Lunar,Protected,raw_router,lunar_primary_frozen,11,96,480000,Late,3,0.179432238223,-0.036,2.964,valid_checkpoint_order_thirds
Lunar,Protected,raw_router,lunar_primary_frozen,11,97,485000,Late,3,0.145224451259,0.176,3.176,valid_checkpoint_order_thirds
Lunar,Protected,raw_router,lunar_primary_frozen,11,98,490000,Late,3,0.715118799153,-0.016,2.984,valid_checkpoint_order_thirds
Lunar,Protected,raw_router,lunar_primary_frozen,11,99,495000,Late,3,0.129404867302,0.196,3.196,valid_checkpoint_order_thirds
Lunar,Protected,raw_router,lunar_primary_frozen,11,100,500000,Late,3,0.6469019835,0.004,3.004,valid_checkpoint_order_thirds
Lunar,Protected,raw_router,lunar_primary_frozen,22,1,5000,Early,1,0.700989053505,0.036,1.036,valid_checkpoint_order_thirds
Lunar,Protected,raw_router,lunar_primary_frozen,22,2,10000,Early,1,0.744750964711,-0.156,0.844,valid_checkpoint_order_thirds
Lunar,Protected,raw_router,lunar_primary_frozen,22,3,15000,Early,1,0.65300741275,0.056,1.056,valid_checkpoint_order_thirds
Lunar,Protected,raw_router,lunar_primary_frozen,22,4,20000,Early,1,0.694767152475,-0.136,0.864,valid_checkpoint_order_thirds
Lunar,Protected,raw_router,lunar_primary_frozen,22,5,25000,Early,1,0.532480598195,0.076,1.076,valid_checkpoint_order_thirds
Lunar,Protected,raw_router,lunar_primary_frozen,22,6,30000,Early,1,0.9285678445,-0.116,0.884,valid_checkpoint_order_thirds
Lunar,Protected,raw_router,lunar_primary_frozen,22,7,35000,Early,1,0.652242133874,0.096,1.096,valid_checkpoint_order_thirds
Lunar,Protected,raw_router,lunar_primary_frozen,22,8,40000,Early,1,0.886293159864,-0.096,0.904,valid_checkpoint_order_thirds
Lunar,Protected,raw_router,lunar_primary_frozen,22,9,45000,Early,1,0.564259410773,0.116,1.116,valid_checkpoint_order_thirds
Lunar,Protected,raw_router,lunar_primary_frozen,22,10,50000,Early,1,0.633432169065,-0.076,0.924,valid_checkpoint_order_thirds
Lunar,Protected,raw_router,lunar_primary_frozen,22,11,55000,Early,1,0.441118933098,0.136,1.136,valid_checkpoint_order_thirds
Lunar,Protected,raw_router,lunar_primary_frozen,22,12,60000,Early,1,0.411180726625,-0.056,0.944,valid_checkpoint_order_thirds
Lunar,Protected,raw_router,lunar_primary_frozen,22,13,65000,Early,1,0.628432703092,0.156,1.156,valid_checkpoint_order_thirds
Lunar,Protected,raw_router,lunar_primary_frozen,22,14,70000,Early,1,0.660670282781,-0.036,0.964,valid_checkpoint_order_thirds
Lunar,Protected,raw_router,lunar_primary_frozen,22,15,75000,Early,1,0.483046996802,0.176,1.176,valid_checkpoint_order_thirds
Lunar,Protected,raw_router,lunar_primary_frozen,22,16,80000,Early,1,0.170507018553,-0.016,0.984,valid_checkpoint_order_thirds
Lunar,Protected,raw_router,lunar_primary_frozen,22,17,85000,Early,1,0.265303104231,0.196,1.196,valid_checkpoint_order_thirds
Lunar,Protected,raw_router,lunar_primary_frozen,22,18,90000,Early,1,0.903639541957,0.004,1.004,valid_checkpoint_order_thirds
Lunar,Protected,raw_router,lunar_primary_frozen,22,19,95000,Early,1,0.908755874863,-0.188,0.812,valid_checkpoint_order_thirds
Lunar,Protected,raw_router,lunar_primary_frozen,22,20,100000,Early,1,0.793733943278,0.024,1.024,valid_checkpoint_order_thirds
Lunar,Protected,raw_router,lunar_primary_frozen,22,21,105000,Early,1,0.705661290346,-0.168,0.832,valid_checkpoint_order_thirds
Lunar,Protected,raw_router,lunar_primary_frozen,22,22,110000,Early,1,0.697760524036,0.044,1.044,valid_checkpoint_order_thirds
Lunar,Protected,raw_router,lunar_primary_frozen,22,23,115000,Early,1,0.73166233245,-0.148,0.852,valid_checkpoint_order_thirds
Lunar,Protected,raw_router,lunar_primary_frozen,22,24,120000,Early,1,0.104620658557,0.064,1.064,valid_checkpoint_order_thirds
Lunar,Protected,raw_router,lunar_primary_frozen,22,25,125000,Early,1,0.187441089188,-0.128,0.872,valid_checkpoint_order_thirds
Lunar,Protected,raw_router,lunar_primary_frozen,22,26,130000,Early,1,0.64682327346,0.084,1.084,valid_checkpoint_order_thirds
Lunar,Protected,raw_router,lunar_primary_frozen,22,27,135000,Early,1,0.167061915871,-0.108,0.892,valid_checkpoint_order_thirds
Lunar,Protected,raw_router,lunar_primary_frozen,22,28,140000,Early,1,0.346109995865,0.104,1.104,valid_checkpoint_order_thirds
Lunar,Protected,raw_router,lunar_primary_frozen,22,29,145000,Early,1,0.108505372964,-0.088,0.912,valid_checkpoint_order_thirds
Lunar,Protected,raw_router,lunar_primary_frozen,22,30,150000,Early,1,0.451804286071,0.124,1.124,valid_checkpoint_order_thirds
Lunar,Protected,raw_router,lunar_primary_frozen,22,31,155000,Early,1,0.242309798094,-0.068,0.932,valid_checkpoint_order_thirds
Lunar,Protected,raw_router,lunar_primary_frozen,22,32,160000,Early,1,0.80299167739,0.144,1.144,valid_checkpoint_order_thirds
Lunar,Protected,raw_router,lunar_primary_frozen,22,33,165000,Early,1,0.66061196243,-0.048,0.952,valid_checkpoint_order_thirds
Lunar,Protected,raw_router,lunar_primary_frozen,22,34,170000,Early,1,0.508004694546,0.164,1.164,valid_checkpoint_order_thirds
Lunar,Protected,raw_router,lunar_primary_frozen,22,35,175000,Middle,2,0.207791872748,-0.028,1.972,valid_checkpoint_order_thirds
Lunar,Protected,raw_router,lunar_primary_frozen,22,36,180000,Middle,2,0.00368083537445,0.184,2.184,valid_checkpoint_order_thirds
Lunar,Protected,raw_router,lunar_primary_frozen,22,37,185000,Middle,2,0.728211889489,-0.008,1.992,valid_checkpoint_order_thirds
Lunar,Protected,raw_router,lunar_primary_frozen,22,38,190000,Middle,2,0.0010047902144,-0.2,1.8,valid_checkpoint_order_thirds
Lunar,Protected,raw_router,lunar_primary_frozen,22,39,195000,Middle,2,0.846846173337,0.012,2.012,valid_checkpoint_order_thirds
Lunar,Protected,raw_router,lunar_primary_frozen,22,40,200000,Middle,2,0.00199590747782,-0.18,1.82,valid_checkpoint_order_thirds
Lunar,Protected,raw_router,lunar_primary_frozen,22,41,205000,Middle,2,0.0422504956956,0.032,2.032,valid_checkpoint_order_thirds
Lunar,Protected,raw_router,lunar_primary_frozen,22,42,210000,Middle,2,0.351667466149,-0.16,1.84,valid_checkpoint_order_thirds
Lunar,Protected,raw_router,lunar_primary_frozen,22,43,215000,Middle,2,0.000495234756585,0.052,2.052,valid_checkpoint_order_thirds
Lunar,Protected,raw_router,lunar_primary_frozen,22,44,220000,Middle,2,0.0401182582995,-0.14,1.86,valid_checkpoint_order_thirds
Lunar,Protected,raw_router,lunar_primary_frozen,22,45,225000,Middle,2,0.51192015841,0.072,2.072,valid_checkpoint_order_thirds
Lunar,Protected,raw_router,lunar_primary_frozen,22,46,230000,Middle,2,0.000472688579813,-0.12,1.88,valid_checkpoint_order_thirds
Lunar,Protected,raw_router,lunar_primary_frozen,22,47,235000,Middle,2,0.023495782745,0.092,2.092,valid_checkpoint_order_thirds
Lunar,Protected,raw_router,lunar_primary_frozen,22,48,240000,Middle,2,0.000729542649626,-0.1,1.9,valid_checkpoint_order_thirds
Lunar,Protected,raw_router,lunar_primary_frozen,22,49,245000,Middle,2,0.00319262358758,0.112,2.112,valid_checkpoint_order_thirds
Lunar,Protected,raw_router,lunar_primary_frozen,22,50,250000,Middle,2,0.232423281906,-0.08,1.92,valid_checkpoint_order_thirds
Lunar,Protected,raw_router,lunar_primary_frozen,22,51,255000,Middle,2,0.0204629102919,0.132,2.132,valid_checkpoint_order_thirds
Lunar,Protected,raw_router,lunar_primary_frozen,22,52,260000,Middle,2,0.148614250939,-0.06,1.94,valid_checkpoint_order_thirds
Lunar,Protected,raw_router,lunar_primary_frozen,22,53,265000,Middle,2,0.0270603589223,0.152,2.152,valid_checkpoint_order_thirds
Lunar,Protected,raw_router,lunar_primary_frozen,22,54,270000,Middle,2,0.0510430176251,-0.04,1.96,valid_checkpoint_order_thirds
Lunar,Protected,raw_router,lunar_primary_frozen,22,55,275000,Middle,2,0.499593999042,0.172,2.172,valid_checkpoint_order_thirds
Lunar,Protected,raw_router,lunar_primary_frozen,22,56,280000,Middle,2,0.339042662833,-0.02,1.98,valid_checkpoint_order_thirds
Lunar,Protected,raw_router,lunar_primary_frozen,22,57,285000,Middle,2,0.0024111452851,0.192,2.192,valid_checkpoint_order_thirds
Lunar,Protected,raw_router,lunar_primary_frozen,22,58,290000,Middle,2,0.169200751771,0,2,valid_checkpoint_order_thirds
Lunar,Protected,raw_router,lunar_primary_frozen,22,59,295000,Middle,2,0.492180396286,-0.192,1.808,valid_checkpoint_order_thirds
Lunar,Protected,raw_router,lunar_primary_frozen,22,60,300000,Middle,2,0.0837621957668,0.02,2.02,valid_checkpoint_order_thirds
Lunar,Protected,raw_router,lunar_primary_frozen,22,61,305000,Middle,2,0.513415441794,-0.172,1.828,valid_checkpoint_order_thirds
Lunar,Protected,raw_router,lunar_primary_frozen,22,62,310000,Middle,2,0.136637307538,0.04,2.04,valid_checkpoint_order_thirds
Lunar,Protected,raw_router,lunar_primary_frozen,22,63,315000,Middle,2,0.133352624702,-0.152,1.848,valid_checkpoint_order_thirds
Lunar,Protected,raw_router,lunar_primary_frozen,22,64,320000,Middle,2,0.000229122961993,0.06,2.06,valid_checkpoint_order_thirds
Lunar,Protected,raw_router,lunar_primary_frozen,22,65,325000,Middle,2,0.12463033804,-0.132,1.868,valid_checkpoint_order_thirds
Lunar,Protected,raw_router,lunar_primary_frozen,22,66,330000,Middle,2,0.117419573968,0.08,2.08,valid_checkpoint_order_thirds
Lunar,Protected,raw_router,lunar_primary_frozen,22,67,335000,Middle,2,0.367640944383,-0.112,1.888,valid_checkpoint_order_thirds
Lunar,Protected,raw_router,lunar_primary_frozen,22,68,340000,Late,3,6.69424483229e-06,0.1,3.1,valid_checkpoint_order_thirds
Lunar,Protected,raw_router,lunar_primary_frozen,22,69,345000,Late,3,0.00355888472339,-0.092,2.908,valid_checkpoint_order_thirds
Lunar,Protected,raw_router,lunar_primary_frozen,22,70,350000,Late,3,0.0478847431264,0.12,3.12,valid_checkpoint_order_thirds
Lunar,Protected,raw_router,lunar_primary_frozen,22,71,355000,Late,3,0.468884246801,-0.072,2.928,valid_checkpoint_order_thirds
Lunar,Protected,raw_router,lunar_primary_frozen,22,72,360000,Late,3,6.33207979164e-05,0.14,3.14,valid_checkpoint_order_thirds
Lunar,Protected,raw_router,lunar_primary_frozen,22,73,365000,Late,3,0.00751451889585,-0.052,2.948,valid_checkpoint_order_thirds
Lunar,Protected,raw_router,lunar_primary_frozen,22,74,370000,Late,3,0.09132335936,0.16,3.16,valid_checkpoint_order_thirds
Lunar,Protected,raw_router,lunar_primary_frozen,22,75,375000,Late,3,0.29755648858,-0.032,2.968,valid_checkpoint_order_thirds
Lunar,Protected,raw_router,lunar_primary_frozen,22,76,380000,Late,3,0.282039145453,0.18,3.18,valid_checkpoint_order_thirds
Lunar,Protected,raw_router,lunar_primary_frozen,22,77,385000,Late,3,0.0098772107066,-0.012,2.988,valid_checkpoint_order_thirds
Lunar,Protected,raw_router,lunar_primary_frozen,22,78,390000,Late,3,0.00837167209903,0.2,3.2,valid_checkpoint_order_thirds
Lunar,Protected,raw_router,lunar_primary_frozen,22,79,395000,Late,3,0.00426143064413,0.008,3.008,valid_checkpoint_order_thirds
Lunar,Protected,raw_router,lunar_primary_frozen,22,80,400000,Late,3,3.69971443241e-09,-0.184,2.816,valid_checkpoint_order_thirds
Lunar,Protected,raw_router,lunar_primary_frozen,22,81,405000,Late,3,3.88681778991e-06,0.028,3.028,valid_checkpoint_order_thirds
Lunar,Protected,raw_router,lunar_primary_frozen,22,82,410000,Late,3,0.000744085763984,-0.164,2.836,valid_checkpoint_order_thirds
Lunar,Protected,raw_router,lunar_primary_frozen,22,83,415000,Late,3,0.0597856547044,0.048,3.048,valid_checkpoint_order_thirds
Lunar,Protected,raw_router,lunar_primary_frozen,22,84,420000,Late,3,1.39736555104e-05,-0.144,2.856,valid_checkpoint_order_thirds
Lunar,Protected,raw_router,lunar_primary_frozen,22,85,425000,Late,3,4.41134216694e-08,0.068,3.068,valid_checkpoint_order_thirds
Lunar,Protected,raw_router,lunar_primary_frozen,22,86,430000,Late,3,8.47513973761e-05,-0.124,2.876,valid_checkpoint_order_thirds
Lunar,Protected,raw_router,lunar_primary_frozen,22,87,435000,Late,3,0.0646595649778,0.088,3.088,valid_checkpoint_order_thirds
Lunar,Protected,raw_router,lunar_primary_frozen,22,88,440000,Late,3,0.421387945271,-0.104,2.896,valid_checkpoint_order_thirds
Lunar,Protected,raw_router,lunar_primary_frozen,22,89,445000,Late,3,0.500955529438,0.108,3.108,valid_checkpoint_order_thirds
Lunar,Protected,raw_router,lunar_primary_frozen,22,90,450000,Late,3,0.00271258456971,-0.084,2.916,valid_checkpoint_order_thirds
Lunar,Protected,raw_router,lunar_primary_frozen,22,91,455000,Late,3,0.0267731822508,0.128,3.128,valid_checkpoint_order_thirds
Lunar,Protected,raw_router,lunar_primary_frozen,22,92,460000,Late,3,0.00366505428355,-0.064,2.936,valid_checkpoint_order_thirds
Lunar,Protected,raw_router,lunar_primary_frozen,22,93,465000,Late,3,0.0123422459887,0.148,3.148,valid_checkpoint_order_thirds
Lunar,Protected,raw_router,lunar_primary_frozen,22,94,470000,Late,3,0.155712967026,-0.044,2.956,valid_checkpoint_order_thirds
Lunar,Protected,raw_router,lunar_primary_frozen,22,95,475000,Late,3,0.437334952104,0.168,3.168,valid_checkpoint_order_thirds
Lunar,Protected,raw_router,lunar_primary_frozen,22,96,480000,Late,3,0.00468255851391,-0.024,2.976,valid_checkpoint_order_thirds
Lunar,Protected,raw_router,lunar_primary_frozen,22,97,485000,Late,3,1.6744128442e-18,0.188,3.188,valid_checkpoint_order_thirds
Lunar,Protected,raw_router,lunar_primary_frozen,22,98,490000,Late,3,9.91845648139e-06,-0.004,2.996,valid_checkpoint_order_thirds
Lunar,Protected,raw_router,lunar_primary_frozen,22,99,495000,Late,3,0.0541786047939,-0.196,2.804,valid_checkpoint_order_thirds
Lunar,Protected,raw_router,lunar_primary_frozen,22,100,500000,Late,3,0.057699257401,0.016,3.016,valid_checkpoint_order_thirds
Lunar,Protected,raw_router,lunar_primary_frozen,33,1,5000,Early,1,0.925668296716,0.048,1.048,valid_checkpoint_order_thirds
Lunar,Protected,raw_router,lunar_primary_frozen,33,2,10000,Early,1,0.835988304288,-0.144,0.856,valid_checkpoint_order_thirds
Lunar,Protected,raw_router,lunar_primary_frozen,33,3,15000,Early,1,0.283154760212,0.068,1.068,valid_checkpoint_order_thirds
Lunar,Protected,raw_router,lunar_primary_frozen,33,4,20000,Early,1,0.52239772461,-0.124,0.876,valid_checkpoint_order_thirds
Lunar,Protected,raw_router,lunar_primary_frozen,33,5,25000,Early,1,0.148442737745,0.088,1.088,valid_checkpoint_order_thirds
Lunar,Protected,raw_router,lunar_primary_frozen,33,6,30000,Early,1,0.499121238852,-0.104,0.896,valid_checkpoint_order_thirds
Lunar,Protected,raw_router,lunar_primary_frozen,33,7,35000,Early,1,0.340785078412,0.108,1.108,valid_checkpoint_order_thirds
Lunar,Protected,raw_router,lunar_primary_frozen,33,8,40000,Early,1,0.427915211694,-0.084,0.916,valid_checkpoint_order_thirds
Lunar,Protected,raw_router,lunar_primary_frozen,33,9,45000,Early,1,0.431812662492,0.128,1.128,valid_checkpoint_order_thirds
Lunar,Protected,raw_router,lunar_primary_frozen,33,10,50000,Early,1,0.31524243052,-0.064,0.936,valid_checkpoint_order_thirds
Lunar,Protected,raw_router,lunar_primary_frozen,33,11,55000,Early,1,0.809414719509,0.148,1.148,valid_checkpoint_order_thirds
Lunar,Protected,raw_router,lunar_primary_frozen,33,12,60000,Early,1,0.811261837881,-0.044,0.956,valid_checkpoint_order_thirds
Lunar,Protected,raw_router,lunar_primary_frozen,33,13,65000,Early,1,0.430692573655,0.168,1.168,valid_checkpoint_order_thirds
Lunar,Protected,raw_router,lunar_primary_frozen,33,14,70000,Early,1,0.0399765707922,-0.024,0.976,valid_checkpoint_order_thirds
Lunar,Protected,raw_router,lunar_primary_frozen,33,15,75000,Early,1,0.158937117972,0.188,1.188,valid_checkpoint_order_thirds
Lunar,Protected,raw_router,lunar_primary_frozen,33,16,80000,Early,1,0.0997345594458,-0.004,0.996,valid_checkpoint_order_thirds
Lunar,Protected,raw_router,lunar_primary_frozen,33,17,85000,Early,1,0.321098185473,-0.196,0.804,valid_checkpoint_order_thirds
Lunar,Protected,raw_router,lunar_primary_frozen,33,18,90000,Early,1,0.0135812595782,0.016,1.016,valid_checkpoint_order_thirds
Lunar,Protected,raw_router,lunar_primary_frozen,33,19,95000,Early,1,0.0624220815074,-0.176,0.824,valid_checkpoint_order_thirds
Lunar,Protected,raw_router,lunar_primary_frozen,33,20,100000,Early,1,0.0195866633893,0.036,1.036,valid_checkpoint_order_thirds
Lunar,Protected,raw_router,lunar_primary_frozen,33,21,105000,Early,1,9.42720703739e-06,-0.156,0.844,valid_checkpoint_order_thirds
Lunar,Protected,raw_router,lunar_primary_frozen,33,22,110000,Early,1,0.000328646140115,0.056,1.056,valid_checkpoint_order_thirds
Lunar,Protected,raw_router,lunar_primary_frozen,33,23,115000,Early,1,0.000998455423964,-0.136,0.864,valid_checkpoint_order_thirds
Lunar,Protected,raw_router,lunar_primary_frozen,33,24,120000,Early,1,0.0108875006385,0.076,1.076,valid_checkpoint_order_thirds
Lunar,Protected,raw_router,lunar_primary_frozen,33,25,125000,Early,1,0.00302916489759,-0.116,0.884,valid_checkpoint_order_thirds
Lunar,Protected,raw_router,lunar_primary_frozen,33,26,130000,Early,1,0.0105811884122,0.096,1.096,valid_checkpoint_order_thirds
Lunar,Protected,raw_router,lunar_primary_frozen,33,27,135000,Early,1,0.0177367720041,-0.096,0.904,valid_checkpoint_order_thirds
Lunar,Protected,raw_router,lunar_primary_frozen,33,28,140000,Early,1,0.000165460336584,0.116,1.116,valid_checkpoint_order_thirds
Lunar,Protected,raw_router,lunar_primary_frozen,33,29,145000,Early,1,0.40403133731,-0.076,0.924,valid_checkpoint_order_thirds
Lunar,Protected,raw_router,lunar_primary_frozen,33,30,150000,Early,1,1.20767443865e-06,0.136,1.136,valid_checkpoint_order_thirds
Lunar,Protected,raw_router,lunar_primary_frozen,33,31,155000,Early,1,0.0159547806853,-0.056,0.944,valid_checkpoint_order_thirds
Lunar,Protected,raw_router,lunar_primary_frozen,33,32,160000,Early,1,0.000250388319427,0.156,1.156,valid_checkpoint_order_thirds
Lunar,Protected,raw_router,lunar_primary_frozen,33,33,165000,Early,1,0.00022454765523,-0.036,0.964,valid_checkpoint_order_thirds
Lunar,Protected,raw_router,lunar_primary_frozen,33,34,170000,Early,1,0.0502484962612,0.176,1.176,valid_checkpoint_order_thirds
Lunar,Protected,raw_router,lunar_primary_frozen,33,35,175000,Middle,2,0.493066368993,-0.016,1.984,valid_checkpoint_order_thirds
Lunar,Protected,raw_router,lunar_primary_frozen,33,36,180000,Middle,2,0.0973958384509,0.196,2.196,valid_checkpoint_order_thirds
Lunar,Protected,raw_router,lunar_primary_frozen,33,37,185000,Middle,2,0.000427094456432,0.004,2.004,valid_checkpoint_order_thirds
Lunar,Protected,raw_router,lunar_primary_frozen,33,38,190000,Middle,2,0.211184708778,-0.188,1.812,valid_checkpoint_order_thirds
Lunar,Protected,raw_router,lunar_primary_frozen,33,39,195000,Middle,2,0.35630150708,0.024,2.024,valid_checkpoint_order_thirds
Lunar,Protected,raw_router,lunar_primary_frozen,33,40,200000,Middle,2,0.000795886641471,-0.168,1.832,valid_checkpoint_order_thirds
Lunar,Protected,raw_router,lunar_primary_frozen,33,41,205000,Middle,2,0.000906654869993,0.044,2.044,valid_checkpoint_order_thirds
Lunar,Protected,raw_router,lunar_primary_frozen,33,42,210000,Middle,2,0.000464946484932,-0.148,1.852,valid_checkpoint_order_thirds
Lunar,Protected,raw_router,lunar_primary_frozen,33,43,215000,Middle,2,9.67925262227e-07,0.064,2.064,valid_checkpoint_order_thirds
Lunar,Protected,raw_router,lunar_primary_frozen,33,44,220000,Middle,2,0.000793197720778,-0.128,1.872,valid_checkpoint_order_thirds
Lunar,Protected,raw_router,lunar_primary_frozen,33,45,225000,Middle,2,0.0106323608521,0.084,2.084,valid_checkpoint_order_thirds
Lunar,Protected,raw_router,lunar_primary_frozen,33,46,230000,Middle,2,0.000129902923458,-0.108,1.892,valid_checkpoint_order_thirds
Lunar,Protected,raw_router,lunar_primary_frozen,33,47,235000,Middle,2,0.475597263923,0.104,2.104,valid_checkpoint_order_thirds
Lunar,Protected,raw_router,lunar_primary_frozen,33,48,240000,Middle,2,0.00929921730236,-0.088,1.912,valid_checkpoint_order_thirds
Lunar,Protected,raw_router,lunar_primary_frozen,33,49,245000,Middle,2,4.15306701056e-05,0.124,2.124,valid_checkpoint_order_thirds
Lunar,Protected,raw_router,lunar_primary_frozen,33,50,250000,Middle,2,0.102828420048,-0.068,1.932,valid_checkpoint_order_thirds
Lunar,Protected,raw_router,lunar_primary_frozen,33,51,255000,Middle,2,0.020715572882,0.144,2.144,valid_checkpoint_order_thirds
Lunar,Protected,raw_router,lunar_primary_frozen,33,52,260000,Middle,2,7.16906524228e-05,-0.048,1.952,valid_checkpoint_order_thirds
Lunar,Protected,raw_router,lunar_primary_frozen,33,53,265000,Middle,2,0.527915008822,0.164,2.164,valid_checkpoint_order_thirds
Lunar,Protected,raw_router,lunar_primary_frozen,33,54,270000,Middle,2,0.0249690040361,-0.028,1.972,valid_checkpoint_order_thirds
Lunar,Protected,raw_router,lunar_primary_frozen,33,55,275000,Middle,2,0.0683446260891,0.184,2.184,valid_checkpoint_order_thirds
Lunar,Protected,raw_router,lunar_primary_frozen,33,56,280000,Middle,2,0.0135097314126,-0.008,1.992,valid_checkpoint_order_thirds
Lunar,Protected,raw_router,lunar_primary_frozen,33,57,285000,Middle,2,0.577749278565,-0.2,1.8,valid_checkpoint_order_thirds
Lunar,Protected,raw_router,lunar_primary_frozen,33,58,290000,Middle,2,0.0372462769426,0.012,2.012,valid_checkpoint_order_thirds
Lunar,Protected,raw_router,lunar_primary_frozen,33,59,295000,Middle,2,0.0100718417336,-0.18,1.82,valid_checkpoint_order_thirds
Lunar,Protected,raw_router,lunar_primary_frozen,33,60,300000,Middle,2,0.00203300514776,0.032,2.032,valid_checkpoint_order_thirds
Lunar,Protected,raw_router,lunar_primary_frozen,33,61,305000,Middle,2,0.0437361635704,-0.16,1.84,valid_checkpoint_order_thirds
Lunar,Protected,raw_router,lunar_primary_frozen,33,62,310000,Middle,2,0.0139673295721,0.052,2.052,valid_checkpoint_order_thirds
Lunar,Protected,raw_router,lunar_primary_frozen,33,63,315000,Middle,2,0.0146767374795,-0.14,1.86,valid_checkpoint_order_thirds
Lunar,Protected,raw_router,lunar_primary_frozen,33,64,320000,Middle,2,0.0662577943065,0.072,2.072,valid_checkpoint_order_thirds
Lunar,Protected,raw_router,lunar_primary_frozen,33,65,325000,Middle,2,0.497102808672,-0.12,1.88,valid_checkpoint_order_thirds
Lunar,Protected,raw_router,lunar_primary_frozen,33,66,330000,Middle,2,0.00718638734482,0.092,2.092,valid_checkpoint_order_thirds
Lunar,Protected,raw_router,lunar_primary_frozen,33,67,335000,Middle,2,0.0598062924754,-0.1,1.9,valid_checkpoint_order_thirds
Lunar,Protected,raw_router,lunar_primary_frozen,33,68,340000,Late,3,0.471229584452,0.112,3.112,valid_checkpoint_order_thirds
Lunar,Protected,raw_router,lunar_primary_frozen,33,69,345000,Late,3,0.0338077345083,-0.08,2.92,valid_checkpoint_order_thirds
Lunar,Protected,raw_router,lunar_primary_frozen,33,70,350000,Late,3,0.256559463542,0.132,3.132,valid_checkpoint_order_thirds
Lunar,Protected,raw_router,lunar_primary_frozen,33,71,355000,Late,3,0.0386414858806,-0.06,2.94,valid_checkpoint_order_thirds
Lunar,Protected,raw_router,lunar_primary_frozen,33,72,360000,Late,3,0.110390030968,0.152,3.152,valid_checkpoint_order_thirds
Lunar,Protected,raw_router,lunar_primary_frozen,33,73,365000,Late,3,0.0875259317023,-0.04,2.96,valid_checkpoint_order_thirds
Lunar,Protected,raw_router,lunar_primary_frozen,33,74,370000,Late,3,0.0162414233238,0.172,3.172,valid_checkpoint_order_thirds
Lunar,Protected,raw_router,lunar_primary_frozen,33,75,375000,Late,3,0.042887875849,-0.02,2.98,valid_checkpoint_order_thirds
Lunar,Protected,raw_router,lunar_primary_frozen,33,76,380000,Late,3,0.419229208769,0.192,3.192,valid_checkpoint_order_thirds
Lunar,Protected,raw_router,lunar_primary_frozen,33,77,385000,Late,3,0.0379206477881,0,3,valid_checkpoint_order_thirds
Lunar,Protected,raw_router,lunar_primary_frozen,33,78,390000,Late,3,0.00277797487431,-0.192,2.808,valid_checkpoint_order_thirds
Lunar,Protected,raw_router,lunar_primary_frozen,33,79,395000,Late,3,0.144964901452,0.02,3.02,valid_checkpoint_order_thirds
Lunar,Protected,raw_router,lunar_primary_frozen,33,80,400000,Late,3,0.119555530163,-0.172,2.828,valid_checkpoint_order_thirds
Lunar,Protected,raw_router,lunar_primary_frozen,33,81,405000,Late,3,0.0164742798719,0.04,3.04,valid_checkpoint_order_thirds
Lunar,Protected,raw_router,lunar_primary_frozen,33,82,410000,Late,3,0.112265633156,-0.152,2.848,valid_checkpoint_order_thirds
Lunar,Protected,raw_router,lunar_primary_frozen,33,83,415000,Late,3,0.0607093496599,0.06,3.06,valid_checkpoint_order_thirds
Lunar,Protected,raw_router,lunar_primary_frozen,33,84,420000,Late,3,0.481147096771,-0.132,2.868,valid_checkpoint_order_thirds
Lunar,Protected,raw_router,lunar_primary_frozen,33,85,425000,Late,3,0.277720316159,0.08,3.08,valid_checkpoint_order_thirds
Lunar,Protected,raw_router,lunar_primary_frozen,33,86,430000,Late,3,0.475824010117,-0.112,2.888,valid_checkpoint_order_thirds
Lunar,Protected,raw_router,lunar_primary_frozen,33,87,435000,Late,3,0.336054606808,0.1,3.1,valid_checkpoint_order_thirds
Lunar,Protected,raw_router,lunar_primary_frozen,33,88,440000,Late,3,0.201396143393,-0.092,2.908,valid_checkpoint_order_thirds
Lunar,Protected,raw_router,lunar_primary_frozen,33,89,445000,Late,3,0.058012002587,0.12,3.12,valid_checkpoint_order_thirds
Lunar,Protected,raw_router,lunar_primary_frozen,33,90,450000,Late,3,0.15294526025,-0.072,2.928,valid_checkpoint_order_thirds
Lunar,Protected,raw_router,lunar_primary_frozen,33,91,455000,Late,3,0.0185345275625,0.14,3.14,valid_checkpoint_order_thirds
Lunar,Protected,raw_router,lunar_primary_frozen,33,92,460000,Late,3,0.012836854304,-0.052,2.948,valid_checkpoint_order_thirds
Lunar,Protected,raw_router,lunar_primary_frozen,33,93,465000,Late,3,0.00555400712635,0.16,3.16,valid_checkpoint_order_thirds
Lunar,Protected,raw_router,lunar_primary_frozen,33,94,470000,Late,3,0.581576253509,-0.032,2.968,valid_checkpoint_order_thirds
Lunar,Protected,raw_router,lunar_primary_frozen,33,95,475000,Late,3,0.450330630955,0.18,3.18,valid_checkpoint_order_thirds
Lunar,Protected,raw_router,lunar_primary_frozen,33,96,480000,Late,3,0.40994012529,-0.012,2.988,valid_checkpoint_order_thirds
Lunar,Protected,raw_router,lunar_primary_frozen,33,97,485000,Late,3,0.280484473137,0.2,3.2,valid_checkpoint_order_thirds
Lunar,Protected,raw_router,lunar_primary_frozen,33,98,490000,Late,3,0.692979393369,0.008,3.008,valid_checkpoint_order_thirds
Lunar,Protected,raw_router,lunar_primary_frozen,33,99,495000,Late,3,0.0158259541462,-0.184,2.816,valid_checkpoint_order_thirds
Lunar,Protected,raw_router,lunar_primary_frozen,33,100,500000,Late,3,0.626720290846,0.028,3.028,valid_checkpoint_order_thirds
Lunar,Protected,raw_router,lunar_primary_frozen,44,1,5000,Early,1,0.621883014182,0.06,1.06,valid_checkpoint_order_thirds
Lunar,Protected,raw_router,lunar_primary_frozen,44,2,10000,Early,1,0.165032789335,-0.132,0.868,valid_checkpoint_order_thirds
Lunar,Protected,raw_router,lunar_primary_frozen,44,3,15000,Early,1,0.0477181272384,0.08,1.08,valid_checkpoint_order_thirds
Lunar,Protected,raw_router,lunar_primary_frozen,44,4,20000,Early,1,0.305576832284,-0.112,0.888,valid_checkpoint_order_thirds
Lunar,Protected,raw_router,lunar_primary_frozen,44,5,25000,Early,1,0.226147267429,0.1,1.1,valid_checkpoint_order_thirds
Lunar,Protected,raw_router,lunar_primary_frozen,44,6,30000,Early,1,0.236422178934,-0.092,0.908,valid_checkpoint_order_thirds
Lunar,Protected,raw_router,lunar_primary_frozen,44,7,35000,Early,1,0.197204779827,0.12,1.12,valid_checkpoint_order_thirds
Lunar,Protected,raw_router,lunar_primary_frozen,44,8,40000,Early,1,0.0707556486218,-0.072,0.928,valid_checkpoint_order_thirds
Lunar,Protected,raw_router,lunar_primary_frozen,44,9,45000,Early,1,0.821025866037,0.14,1.14,valid_checkpoint_order_thirds
Lunar,Protected,raw_router,lunar_primary_frozen,44,10,50000,Early,1,0.0625191304543,-0.052,0.948,valid_checkpoint_order_thirds
Lunar,Protected,raw_router,lunar_primary_frozen,44,11,55000,Early,1,0.0088096162985,0.16,1.16,valid_checkpoint_order_thirds
Lunar,Protected,raw_router,lunar_primary_frozen,44,12,60000,Early,1,0.754250089598,-0.032,0.968,valid_checkpoint_order_thirds
Lunar,Protected,raw_router,lunar_primary_frozen,44,13,65000,Early,1,0.0941838072029,0.18,1.18,valid_checkpoint_order_thirds
Lunar,Protected,raw_router,lunar_primary_frozen,44,14,70000,Early,1,0.609197800556,-0.012,0.988,valid_checkpoint_order_thirds
Lunar,Protected,raw_router,lunar_primary_frozen,44,15,75000,Early,1,0.473431298047,0.2,1.2,valid_checkpoint_order_thirds
Lunar,Protected,raw_router,lunar_primary_frozen,44,16,80000,Early,1,0.572055768333,0.008,1.008,valid_checkpoint_order_thirds
Lunar,Protected,raw_router,lunar_primary_frozen,44,17,85000,Early,1,0.0537259626146,-0.184,0.816,valid_checkpoint_order_thirds
Lunar,Protected,raw_router,lunar_primary_frozen,44,18,90000,Early,1,0.379791595115,0.028,1.028,valid_checkpoint_order_thirds
Lunar,Protected,raw_router,lunar_primary_frozen,44,19,95000,Early,1,0.0283851048904,-0.164,0.836,valid_checkpoint_order_thirds
Lunar,Protected,raw_router,lunar_primary_frozen,44,20,100000,Early,1,0.0591691051109,0.048,1.048,valid_checkpoint_order_thirds
Lunar,Protected,raw_router,lunar_primary_frozen,44,21,105000,Early,1,0.0552297562461,-0.144,0.856,valid_checkpoint_order_thirds
Lunar,Protected,raw_router,lunar_primary_frozen,44,22,110000,Early,1,0.000488987685885,0.068,1.068,valid_checkpoint_order_thirds
Lunar,Protected,raw_router,lunar_primary_frozen,44,23,115000,Early,1,0.201951154617,-0.124,0.876,valid_checkpoint_order_thirds
Lunar,Protected,raw_router,lunar_primary_frozen,44,24,120000,Early,1,0.47992771261,0.088,1.088,valid_checkpoint_order_thirds
Lunar,Protected,raw_router,lunar_primary_frozen,44,25,125000,Early,1,0.873842176852,-0.104,0.896,valid_checkpoint_order_thirds
Lunar,Protected,raw_router,lunar_primary_frozen,44,26,130000,Early,1,0.800763514357,0.108,1.108,valid_checkpoint_order_thirds
Lunar,Protected,raw_router,lunar_primary_frozen,44,27,135000,Early,1,0.873237680625,-0.084,0.916,valid_checkpoint_order_thirds
Lunar,Protected,raw_router,lunar_primary_frozen,44,28,140000,Early,1,0.000145813961627,0.128,1.128,valid_checkpoint_order_thirds
Lunar,Protected,raw_router,lunar_primary_frozen,44,29,145000,Early,1,0.00797252224718,-0.064,0.936,valid_checkpoint_order_thirds
Lunar,Protected,raw_router,lunar_primary_frozen,44,30,150000,Early,1,0.0192390082042,0.148,1.148,valid_checkpoint_order_thirds
Lunar,Protected,raw_router,lunar_primary_frozen,44,31,155000,Early,1,0.422758173771,-0.044,0.956,valid_checkpoint_order_thirds
Lunar,Protected,raw_router,lunar_primary_frozen,44,32,160000,Early,1,0.243906969982,0.168,1.168,valid_checkpoint_order_thirds
Lunar,Protected,raw_router,lunar_primary_frozen,44,33,165000,Early,1,0.450092031161,-0.024,0.976,valid_checkpoint_order_thirds
Lunar,Protected,raw_router,lunar_primary_frozen,44,34,170000,Early,1,0.246313683214,0.188,1.188,valid_checkpoint_order_thirds
Lunar,Protected,raw_router,lunar_primary_frozen,44,35,175000,Middle,2,0.00612185550897,-0.004,1.996,valid_checkpoint_order_thirds
Lunar,Protected,raw_router,lunar_primary_frozen,44,36,180000,Middle,2,0.0911154118057,-0.196,1.804,valid_checkpoint_order_thirds
Lunar,Protected,raw_router,lunar_primary_frozen,44,37,185000,Middle,2,0.578633357666,0.016,2.016,valid_checkpoint_order_thirds
Lunar,Protected,raw_router,lunar_primary_frozen,44,38,190000,Middle,2,0.629817593766,-0.176,1.824,valid_checkpoint_order_thirds
Lunar,Protected,raw_router,lunar_primary_frozen,44,39,195000,Middle,2,0.573257329104,0.036,2.036,valid_checkpoint_order_thirds
Lunar,Protected,raw_router,lunar_primary_frozen,44,40,200000,Middle,2,0.665535653952,-0.156,1.844,valid_checkpoint_order_thirds
Lunar,Protected,raw_router,lunar_primary_frozen,44,41,205000,Middle,2,0.337606501389,0.056,2.056,valid_checkpoint_order_thirds
Lunar,Protected,raw_router,lunar_primary_frozen,44,42,210000,Middle,2,0.154779465403,-0.136,1.864,valid_checkpoint_order_thirds
Lunar,Protected,raw_router,lunar_primary_frozen,44,43,215000,Middle,2,0.00346111055974,0.076,2.076,valid_checkpoint_order_thirds
Lunar,Protected,raw_router,lunar_primary_frozen,44,44,220000,Middle,2,0.162164077019,-0.116,1.884,valid_checkpoint_order_thirds
Lunar,Protected,raw_router,lunar_primary_frozen,44,45,225000,Middle,2,0.197379510913,0.096,2.096,valid_checkpoint_order_thirds
Lunar,Protected,raw_router,lunar_primary_frozen,44,46,230000,Middle,2,0.459131560141,-0.096,1.904,valid_checkpoint_order_thirds
Lunar,Protected,raw_router,lunar_primary_frozen,44,47,235000,Middle,2,0.170507298931,0.116,2.116,valid_checkpoint_order_thirds
Lunar,Protected,raw_router,lunar_primary_frozen,44,48,240000,Middle,2,0.0447469508969,-0.076,1.924,valid_checkpoint_order_thirds
Lunar,Protected,raw_router,lunar_primary_frozen,44,49,245000,Middle,2,0.470777395543,0.136,2.136,valid_checkpoint_order_thirds
Lunar,Protected,raw_router,lunar_primary_frozen,44,50,250000,Middle,2,0.448572160711,-0.056,1.944,valid_checkpoint_order_thirds
Lunar,Protected,raw_router,lunar_primary_frozen,44,51,255000,Middle,2,0.387095666824,0.156,2.156,valid_checkpoint_order_thirds
Lunar,Protected,raw_router,lunar_primary_frozen,44,52,260000,Middle,2,0.0787637710773,-0.036,1.964,valid_checkpoint_order_thirds
Lunar,Protected,raw_router,lunar_primary_frozen,44,53,265000,Middle,2,0.272220220201,0.176,2.176,valid_checkpoint_order_thirds
Lunar,Protected,raw_router,lunar_primary_frozen,44,54,270000,Middle,2,0.435363228764,-0.016,1.984,valid_checkpoint_order_thirds
Lunar,Protected,raw_router,lunar_primary_frozen,44,55,275000,Middle,2,0.139625749844,0.196,2.196,valid_checkpoint_order_thirds
Lunar,Protected,raw_router,lunar_primary_frozen,44,56,280000,Middle,2,0.0560551722206,0.004,2.004,valid_checkpoint_order_thirds
Lunar,Protected,raw_router,lunar_primary_frozen,44,57,285000,Middle,2,0.00734021554438,-0.188,1.812,valid_checkpoint_order_thirds
Lunar,Protected,raw_router,lunar_primary_frozen,44,58,290000,Middle,2,0.00684238692718,0.024,2.024,valid_checkpoint_order_thirds
Lunar,Protected,raw_router,lunar_primary_frozen,44,59,295000,Middle,2,0.194972987594,-0.168,1.832,valid_checkpoint_order_thirds
Lunar,Protected,raw_router,lunar_primary_frozen,44,60,300000,Middle,2,0.768838886117,0.044,2.044,valid_checkpoint_order_thirds
Lunar,Protected,raw_router,lunar_primary_frozen,44,61,305000,Middle,2,0.465167005696,-0.148,1.852,valid_checkpoint_order_thirds
Lunar,Protected,raw_router,lunar_primary_frozen,44,62,310000,Middle,2,0.378622327373,0.064,2.064,valid_checkpoint_order_thirds
Lunar,Protected,raw_router,lunar_primary_frozen,44,63,315000,Middle,2,0.104527462958,-0.128,1.872,valid_checkpoint_order_thirds
Lunar,Protected,raw_router,lunar_primary_frozen,44,64,320000,Middle,2,0.258909329739,0.084,2.084,valid_checkpoint_order_thirds
Lunar,Protected,raw_router,lunar_primary_frozen,44,65,325000,Middle,2,0.348948503764,-0.108,1.892,valid_checkpoint_order_thirds
Lunar,Protected,raw_router,lunar_primary_frozen,44,66,330000,Middle,2,0.441300934145,0.104,2.104,valid_checkpoint_order_thirds
Lunar,Protected,raw_router,lunar_primary_frozen,44,67,335000,Middle,2,0.448339075447,-0.088,1.912,valid_checkpoint_order_thirds
Lunar,Protected,raw_router,lunar_primary_frozen,44,68,340000,Late,3,0.464911370857,0.124,3.124,valid_checkpoint_order_thirds
Lunar,Protected,raw_router,lunar_primary_frozen,44,69,345000,Late,3,0.464531302711,-0.068,2.932,valid_checkpoint_order_thirds
Lunar,Protected,raw_router,lunar_primary_frozen,44,70,350000,Late,3,0.55759543683,0.144,3.144,valid_checkpoint_order_thirds
Lunar,Protected,raw_router,lunar_primary_frozen,44,71,355000,Late,3,0.00142785969642,-0.048,2.952,valid_checkpoint_order_thirds
Lunar,Protected,raw_router,lunar_primary_frozen,44,72,360000,Late,3,0.0508218556666,0.164,3.164,valid_checkpoint_order_thirds
Lunar,Protected,raw_router,lunar_primary_frozen,44,73,365000,Late,3,0.524933246932,-0.028,2.972,valid_checkpoint_order_thirds
Lunar,Protected,raw_router,lunar_primary_frozen,44,74,370000,Late,3,0.00225642687037,0.184,3.184,valid_checkpoint_order_thirds
Lunar,Protected,raw_router,lunar_primary_frozen,44,75,375000,Late,3,0.511225134586,-0.008,2.992,valid_checkpoint_order_thirds
Lunar,Protected,raw_router,lunar_primary_frozen,44,76,380000,Late,3,0.281204769244,-0.2,2.8,valid_checkpoint_order_thirds
Lunar,Protected,raw_router,lunar_primary_frozen,44,77,385000,Late,3,0.0138282624641,0.012,3.012,valid_checkpoint_order_thirds
Lunar,Protected,raw_router,lunar_primary_frozen,44,78,390000,Late,3,0.573732103249,-0.18,2.82,valid_checkpoint_order_thirds
Lunar,Protected,raw_router,lunar_primary_frozen,44,79,395000,Late,3,0.361745919409,0.032,3.032,valid_checkpoint_order_thirds
Lunar,Protected,raw_router,lunar_primary_frozen,44,80,400000,Late,3,0.478225303347,-0.16,2.84,valid_checkpoint_order_thirds
Lunar,Protected,raw_router,lunar_primary_frozen,44,81,405000,Late,3,0.0245130806392,0.052,3.052,valid_checkpoint_order_thirds
Lunar,Protected,raw_router,lunar_primary_frozen,44,82,410000,Late,3,0.00420811889233,-0.14,2.86,valid_checkpoint_order_thirds
Lunar,Protected,raw_router,lunar_primary_frozen,44,83,415000,Late,3,0.043685356711,0.072,3.072,valid_checkpoint_order_thirds
Lunar,Protected,raw_router,lunar_primary_frozen,44,84,420000,Late,3,0.0934312230744,-0.12,2.88,valid_checkpoint_order_thirds
Lunar,Protected,raw_router,lunar_primary_frozen,44,85,425000,Late,3,0.180313654982,0.092,3.092,valid_checkpoint_order_thirds
Lunar,Protected,raw_router,lunar_primary_frozen,44,86,430000,Late,3,0.18005255937,-0.1,2.9,valid_checkpoint_order_thirds
Lunar,Protected,raw_router,lunar_primary_frozen,44,87,435000,Late,3,0.436055440868,0.112,3.112,valid_checkpoint_order_thirds
Lunar,Protected,raw_router,lunar_primary_frozen,44,88,440000,Late,3,0.00036103710287,-0.08,2.92,valid_checkpoint_order_thirds
Lunar,Protected,raw_router,lunar_primary_frozen,44,89,445000,Late,3,0.20419410854,0.132,3.132,valid_checkpoint_order_thirds
Lunar,Protected,raw_router,lunar_primary_frozen,44,90,450000,Late,3,0.368000312945,-0.06,2.94,valid_checkpoint_order_thirds
Lunar,Protected,raw_router,lunar_primary_frozen,44,91,455000,Late,3,3.23042209265e-11,0.152,3.152,valid_checkpoint_order_thirds
Lunar,Protected,raw_router,lunar_primary_frozen,44,92,460000,Late,3,1.53578273103e-08,-0.04,2.96,valid_checkpoint_order_thirds
Lunar,Protected,raw_router,lunar_primary_frozen,44,93,465000,Late,3,0.0192549497432,0.172,3.172,valid_checkpoint_order_thirds
Lunar,Protected,raw_router,lunar_primary_frozen,44,94,470000,Late,3,3.11881674305e-09,-0.02,2.98,valid_checkpoint_order_thirds
Lunar,Protected,raw_router,lunar_primary_frozen,44,95,475000,Late,3,1.43294458586e-06,0.192,3.192,valid_checkpoint_order_thirds
Lunar,Protected,raw_router,lunar_primary_frozen,44,96,480000,Late,3,3.50057877415e-09,0,3,valid_checkpoint_order_thirds
Lunar,Protected,raw_router,lunar_primary_frozen,44,97,485000,Late,3,4.02890984665e-07,-0.192,2.808,valid_checkpoint_order_thirds
Lunar,Protected,raw_router,lunar_primary_frozen,44,98,490000,Late,3,3.44672495931e-08,0.02,3.02,valid_checkpoint_order_thirds
Lunar,Protected,raw_router,lunar_primary_frozen,44,99,495000,Late,3,2.48230831298e-06,-0.172,2.828,valid_checkpoint_order_thirds
Lunar,Protected,raw_router,lunar_primary_frozen,44,100,500000,Late,3,4.9466827492e-10,0.04,3.04,valid_checkpoint_order_thirds
Lunar,Protected,raw_router,lunar_primary_frozen,55,1,5000,Early,1,0.321328853288,0.072,1.072,valid_checkpoint_order_thirds
Lunar,Protected,raw_router,lunar_primary_frozen,55,2,10000,Early,1,0.156261751469,-0.12,0.88,valid_checkpoint_order_thirds
Lunar,Protected,raw_router,lunar_primary_frozen,55,3,15000,Early,1,0.677239976155,0.092,1.092,valid_checkpoint_order_thirds
Lunar,Protected,raw_router,lunar_primary_frozen,55,4,20000,Early,1,0.200528260907,-0.1,0.9,valid_checkpoint_order_thirds
Lunar,Protected,raw_router,lunar_primary_frozen,55,5,25000,Early,1,0.761939042506,0.112,1.112,valid_checkpoint_order_thirds
Lunar,Protected,raw_router,lunar_primary_frozen,55,6,30000,Early,1,0.120506369406,-0.08,0.92,valid_checkpoint_order_thirds
Lunar,Protected,raw_router,lunar_primary_frozen,55,7,35000,Early,1,0.244403324569,0.132,1.132,valid_checkpoint_order_thirds
Lunar,Protected,raw_router,lunar_primary_frozen,55,8,40000,Early,1,0.00756683447141,-0.06,0.94,valid_checkpoint_order_thirds
Lunar,Protected,raw_router,lunar_primary_frozen,55,9,45000,Early,1,0.134496737967,0.152,1.152,valid_checkpoint_order_thirds
Lunar,Protected,raw_router,lunar_primary_frozen,55,10,50000,Early,1,0.098436382318,-0.04,0.96,valid_checkpoint_order_thirds
Lunar,Protected,raw_router,lunar_primary_frozen,55,11,55000,Early,1,0.655153860786,0.172,1.172,valid_checkpoint_order_thirds
Lunar,Protected,raw_router,lunar_primary_frozen,55,12,60000,Early,1,0.129545139717,-0.02,0.98,valid_checkpoint_order_thirds
Lunar,Protected,raw_router,lunar_primary_frozen,55,13,65000,Early,1,0.297855992547,0.192,1.192,valid_checkpoint_order_thirds
Lunar,Protected,raw_router,lunar_primary_frozen,55,14,70000,Early,1,0.456220878748,0,1,valid_checkpoint_order_thirds
Lunar,Protected,raw_router,lunar_primary_frozen,55,15,75000,Early,1,0.707704797839,-0.192,0.808,valid_checkpoint_order_thirds
Lunar,Protected,raw_router,lunar_primary_frozen,55,16,80000,Early,1,0.601027671264,0.02,1.02,valid_checkpoint_order_thirds
Lunar,Protected,raw_router,lunar_primary_frozen,55,17,85000,Early,1,0.444602973602,-0.172,0.828,valid_checkpoint_order_thirds
Lunar,Protected,raw_router,lunar_primary_frozen,55,18,90000,Early,1,0.574658721805,0.04,1.04,valid_checkpoint_order_thirds
Lunar,Protected,raw_router,lunar_primary_frozen,55,19,95000,Early,1,0.452401329819,-0.152,0.848,valid_checkpoint_order_thirds
Lunar,Protected,raw_router,lunar_primary_frozen,55,20,100000,Early,1,0.28001621022,0.06,1.06,valid_checkpoint_order_thirds
Lunar,Protected,raw_router,lunar_primary_frozen,55,21,105000,Early,1,0.470125408566,-0.132,0.868,valid_checkpoint_order_thirds
Lunar,Protected,raw_router,lunar_primary_frozen,55,22,110000,Early,1,0.485477615439,0.08,1.08,valid_checkpoint_order_thirds
Lunar,Protected,raw_router,lunar_primary_frozen,55,23,115000,Early,1,0.453075106526,-0.112,0.888,valid_checkpoint_order_thirds
Lunar,Protected,raw_router,lunar_primary_frozen,55,24,120000,Early,1,0.238052479707,0.1,1.1,valid_checkpoint_order_thirds
Lunar,Protected,raw_router,lunar_primary_frozen,55,25,125000,Early,1,0.452722279643,-0.092,0.908,valid_checkpoint_order_thirds
Lunar,Protected,raw_router,lunar_primary_frozen,55,26,130000,Early,1,0.163206742278,0.12,1.12,valid_checkpoint_order_thirds
Lunar,Protected,raw_router,lunar_primary_frozen,55,27,135000,Early,1,0.196111267152,-0.072,0.928,valid_checkpoint_order_thirds
Lunar,Protected,raw_router,lunar_primary_frozen,55,28,140000,Early,1,0.465368258376,0.14,1.14,valid_checkpoint_order_thirds
Lunar,Protected,raw_router,lunar_primary_frozen,55,29,145000,Early,1,0.345265530336,-0.052,0.948,valid_checkpoint_order_thirds
Lunar,Protected,raw_router,lunar_primary_frozen,55,30,150000,Early,1,0.196561145423,0.16,1.16,valid_checkpoint_order_thirds
Lunar,Protected,raw_router,lunar_primary_frozen,55,31,155000,Early,1,0.347828244095,-0.032,0.968,valid_checkpoint_order_thirds
Lunar,Protected,raw_router,lunar_primary_frozen,55,32,160000,Early,1,0.291712514277,0.18,1.18,valid_checkpoint_order_thirds
Lunar,Protected,raw_router,lunar_primary_frozen,55,33,165000,Early,1,0.00720555338829,-0.012,0.988,valid_checkpoint_order_thirds
Lunar,Protected,raw_router,lunar_primary_frozen,55,34,170000,Early,1,0.377230012774,0.2,1.2,valid_checkpoint_order_thirds
Lunar,Protected,raw_router,lunar_primary_frozen,55,35,175000,Middle,2,0.0372009799492,0.008,2.008,valid_checkpoint_order_thirds
Lunar,Protected,raw_router,lunar_primary_frozen,55,36,180000,Middle,2,0.7519652581,-0.184,1.816,valid_checkpoint_order_thirds
Lunar,Protected,raw_router,lunar_primary_frozen,55,37,185000,Middle,2,0.186518070366,0.028,2.028,valid_checkpoint_order_thirds
Lunar,Protected,raw_router,lunar_primary_frozen,55,38,190000,Middle,2,0.390813391529,-0.164,1.836,valid_checkpoint_order_thirds
Lunar,Protected,raw_router,lunar_primary_frozen,55,39,195000,Middle,2,0.456004168244,0.048,2.048,valid_checkpoint_order_thirds
Lunar,Protected,raw_router,lunar_primary_frozen,55,40,200000,Middle,2,6.96944752563e-05,-0.144,1.856,valid_checkpoint_order_thirds
Lunar,Protected,raw_router,lunar_primary_frozen,55,41,205000,Middle,2,0.0623433790313,0.068,2.068,valid_checkpoint_order_thirds
Lunar,Protected,raw_router,lunar_primary_frozen,55,42,210000,Middle,2,0.0443269281099,-0.124,1.876,valid_checkpoint_order_thirds
Lunar,Protected,raw_router,lunar_primary_frozen,55,43,215000,Middle,2,0.114343785565,0.088,2.088,valid_checkpoint_order_thirds
Lunar,Protected,raw_router,lunar_primary_frozen,55,44,220000,Middle,2,0.0162933394109,-0.104,1.896,valid_checkpoint_order_thirds
Lunar,Protected,raw_router,lunar_primary_frozen,55,45,225000,Middle,2,0.187738161423,0.108,2.108,valid_checkpoint_order_thirds
Lunar,Protected,raw_router,lunar_primary_frozen,55,46,230000,Middle,2,0.4970531398,-0.084,1.916,valid_checkpoint_order_thirds
Lunar,Protected,raw_router,lunar_primary_frozen,55,47,235000,Middle,2,0.0370820630296,0.128,2.128,valid_checkpoint_order_thirds
Lunar,Protected,raw_router,lunar_primary_frozen,55,48,240000,Middle,2,0.0770512122516,-0.064,1.936,valid_checkpoint_order_thirds
Lunar,Protected,raw_router,lunar_primary_frozen,55,49,245000,Middle,2,0.724702309673,0.148,2.148,valid_checkpoint_order_thirds
Lunar,Protected,raw_router,lunar_primary_frozen,55,50,250000,Middle,2,0.0135951057808,-0.044,1.956,valid_checkpoint_order_thirds
Lunar,Protected,raw_router,lunar_primary_frozen,55,51,255000,Middle,2,0.0143437634597,0.168,2.168,valid_checkpoint_order_thirds
Lunar,Protected,raw_router,lunar_primary_frozen,55,52,260000,Middle,2,0.399404740704,-0.024,1.976,valid_checkpoint_order_thirds
Lunar,Protected,raw_router,lunar_primary_frozen,55,53,265000,Middle,2,0.40377866605,0.188,2.188,valid_checkpoint_order_thirds
Lunar,Protected,raw_router,lunar_primary_frozen,55,54,270000,Middle,2,0.478931367224,-0.004,1.996,valid_checkpoint_order_thirds
Lunar,Protected,raw_router,lunar_primary_frozen,55,55,275000,Middle,2,0.01765066138,-0.196,1.804,valid_checkpoint_order_thirds
Lunar,Protected,raw_router,lunar_primary_frozen,55,56,280000,Middle,2,0.475139574822,0.016,2.016,valid_checkpoint_order_thirds
Lunar,Protected,raw_router,lunar_primary_frozen,55,57,285000,Middle,2,0.0745287594538,-0.176,1.824,valid_checkpoint_order_thirds
Lunar,Protected,raw_router,lunar_primary_frozen,55,58,290000,Middle,2,0.498874478222,0.036,2.036,valid_checkpoint_order_thirds
Lunar,Protected,raw_router,lunar_primary_frozen,55,59,295000,Middle,2,0.0192649916091,-0.156,1.844,valid_checkpoint_order_thirds
Lunar,Protected,raw_router,lunar_primary_frozen,55,60,300000,Middle,2,0.48681058418,0.056,2.056,valid_checkpoint_order_thirds
Lunar,Protected,raw_router,lunar_primary_frozen,55,61,305000,Middle,2,7.76545690882e-05,-0.136,1.864,valid_checkpoint_order_thirds
Lunar,Protected,raw_router,lunar_primary_frozen,55,62,310000,Middle,2,0.00484873488538,0.076,2.076,valid_checkpoint_order_thirds
Lunar,Protected,raw_router,lunar_primary_frozen,55,63,315000,Middle,2,0.51822597,-0.116,1.884,valid_checkpoint_order_thirds
Lunar,Protected,raw_router,lunar_primary_frozen,55,64,320000,Middle,2,0.751412469339,0.096,2.096,valid_checkpoint_order_thirds
Lunar,Protected,raw_router,lunar_primary_frozen,55,65,325000,Middle,2,0.132024144061,-0.096,1.904,valid_checkpoint_order_thirds
Lunar,Protected,raw_router,lunar_primary_frozen,55,66,330000,Middle,2,0.50933556506,0.116,2.116,valid_checkpoint_order_thirds
Lunar,Protected,raw_router,lunar_primary_frozen,55,67,335000,Middle,2,0.481521810682,-0.076,1.924,valid_checkpoint_order_thirds
Lunar,Protected,raw_router,lunar_primary_frozen,55,68,340000,Late,3,0.15857046052,0.136,3.136,valid_checkpoint_order_thirds
Lunar,Protected,raw_router,lunar_primary_frozen,55,69,345000,Late,3,0.157795142164,-0.056,2.944,valid_checkpoint_order_thirds
Lunar,Protected,raw_router,lunar_primary_frozen,55,70,350000,Late,3,0.333804431324,0.156,3.156,valid_checkpoint_order_thirds
Lunar,Protected,raw_router,lunar_primary_frozen,55,71,355000,Late,3,0.0539285370335,-0.036,2.964,valid_checkpoint_order_thirds
Lunar,Protected,raw_router,lunar_primary_frozen,55,72,360000,Late,3,0.628411310348,0.176,3.176,valid_checkpoint_order_thirds
Lunar,Protected,raw_router,lunar_primary_frozen,55,73,365000,Late,3,0.54107775844,-0.016,2.984,valid_checkpoint_order_thirds
Lunar,Protected,raw_router,lunar_primary_frozen,55,74,370000,Late,3,0.236768872189,0.196,3.196,valid_checkpoint_order_thirds
Lunar,Protected,raw_router,lunar_primary_frozen,55,75,375000,Late,3,0.583638152833,0.004,3.004,valid_checkpoint_order_thirds
Lunar,Protected,raw_router,lunar_primary_frozen,55,76,380000,Late,3,0.405736397446,-0.188,2.812,valid_checkpoint_order_thirds
Lunar,Protected,raw_router,lunar_primary_frozen,55,77,385000,Late,3,0.714054197326,0.024,3.024,valid_checkpoint_order_thirds
Lunar,Protected,raw_router,lunar_primary_frozen,55,78,390000,Late,3,0.679718794985,-0.168,2.832,valid_checkpoint_order_thirds
Lunar,Protected,raw_router,lunar_primary_frozen,55,79,395000,Late,3,0.676008680157,0.044,3.044,valid_checkpoint_order_thirds
Lunar,Protected,raw_router,lunar_primary_frozen,55,80,400000,Late,3,0.0459915863316,-0.148,2.852,valid_checkpoint_order_thirds
Lunar,Protected,raw_router,lunar_primary_frozen,55,81,405000,Late,3,0.451373063486,0.064,3.064,valid_checkpoint_order_thirds
Lunar,Protected,raw_router,lunar_primary_frozen,55,82,410000,Late,3,0.315248864314,-0.128,2.872,valid_checkpoint_order_thirds
Lunar,Protected,raw_router,lunar_primary_frozen,55,83,415000,Late,3,0.159942947583,0.084,3.084,valid_checkpoint_order_thirds
Lunar,Protected,raw_router,lunar_primary_frozen,55,84,420000,Late,3,0.0475467864878,-0.108,2.892,valid_checkpoint_order_thirds
Lunar,Protected,raw_router,lunar_primary_frozen,55,85,425000,Late,3,0.581867868988,0.104,3.104,valid_checkpoint_order_thirds
Lunar,Protected,raw_router,lunar_primary_frozen,55,86,430000,Late,3,0.25179952137,-0.088,2.912,valid_checkpoint_order_thirds
Lunar,Protected,raw_router,lunar_primary_frozen,55,87,435000,Late,3,0.34792374802,0.124,3.124,valid_checkpoint_order_thirds
Lunar,Protected,raw_router,lunar_primary_frozen,55,88,440000,Late,3,0.0471627194186,-0.068,2.932,valid_checkpoint_order_thirds
Lunar,Protected,raw_router,lunar_primary_frozen,55,89,445000,Late,3,0.0651151511281,0.144,3.144,valid_checkpoint_order_thirds
Lunar,Protected,raw_router,lunar_primary_frozen,55,90,450000,Late,3,0.233001026985,-0.048,2.952,valid_checkpoint_order_thirds
Lunar,Protected,raw_router,lunar_primary_frozen,55,91,455000,Late,3,0.0527011621935,0.164,3.164,valid_checkpoint_order_thirds
Lunar,Protected,raw_router,lunar_primary_frozen,55,92,460000,Late,3,0.684359282303,-0.028,2.972,valid_checkpoint_order_thirds
Lunar,Protected,raw_router,lunar_primary_frozen,55,93,465000,Late,3,0.0740062235826,0.184,3.184,valid_checkpoint_order_thirds
Lunar,Protected,raw_router,lunar_primary_frozen,55,94,470000,Late,3,0.460562190302,-0.008,2.992,valid_checkpoint_order_thirds
Lunar,Protected,raw_router,lunar_primary_frozen,55,95,475000,Late,3,0.0738235184666,-0.2,2.8,valid_checkpoint_order_thirds
Lunar,Protected,raw_router,lunar_primary_frozen,55,96,480000,Late,3,0.536490821015,0.012,3.012,valid_checkpoint_order_thirds
Lunar,Protected,raw_router,lunar_primary_frozen,55,97,485000,Late,3,0.353348693383,-0.18,2.82,valid_checkpoint_order_thirds
Lunar,Protected,raw_router,lunar_primary_frozen,55,98,490000,Late,3,0.783549181547,0.032,3.032,valid_checkpoint_order_thirds
Lunar,Protected,raw_router,lunar_primary_frozen,55,99,495000,Late,3,0.082584321589,-0.16,2.84,valid_checkpoint_order_thirds
Lunar,Protected,raw_router,lunar_primary_frozen,55,100,500000,Late,3,0.0166568501575,0.052,3.052,valid_checkpoint_order_thirds
Lunar,Protected,raw_router,lunar_primary_frozen,66,1,5000,Early,1,0.577001664542,0.084,1.084,valid_checkpoint_order_thirds
Lunar,Protected,raw_router,lunar_primary_frozen,66,2,10000,Early,1,0.823207343004,-0.108,0.892,valid_checkpoint_order_thirds
Lunar,Protected,raw_router,lunar_primary_frozen,66,3,15000,Early,1,0.329214634691,0.104,1.104,valid_checkpoint_order_thirds
Lunar,Protected,raw_router,lunar_primary_frozen,66,4,20000,Early,1,0.00504363791875,-0.088,0.912,valid_checkpoint_order_thirds
Lunar,Protected,raw_router,lunar_primary_frozen,66,5,25000,Early,1,0.288544032357,0.124,1.124,valid_checkpoint_order_thirds
Lunar,Protected,raw_router,lunar_primary_frozen,66,6,30000,Early,1,0.631477681956,-0.068,0.932,valid_checkpoint_order_thirds
Lunar,Protected,raw_router,lunar_primary_frozen,66,7,35000,Early,1,0.36734110781,0.144,1.144,valid_checkpoint_order_thirds
Lunar,Protected,raw_router,lunar_primary_frozen,66,8,40000,Early,1,0.176707533444,-0.048,0.952,valid_checkpoint_order_thirds
Lunar,Protected,raw_router,lunar_primary_frozen,66,9,45000,Early,1,0.293531215968,0.164,1.164,valid_checkpoint_order_thirds
Lunar,Protected,raw_router,lunar_primary_frozen,66,10,50000,Early,1,0.116482989832,-0.028,0.972,valid_checkpoint_order_thirds
Lunar,Protected,raw_router,lunar_primary_frozen,66,11,55000,Early,1,0.247532488063,0.184,1.184,valid_checkpoint_order_thirds
Lunar,Protected,raw_router,lunar_primary_frozen,66,12,60000,Early,1,0.184131358035,-0.008,0.992,valid_checkpoint_order_thirds
Lunar,Protected,raw_router,lunar_primary_frozen,66,13,65000,Early,1,0.542040426526,-0.2,0.8,valid_checkpoint_order_thirds
Lunar,Protected,raw_router,lunar_primary_frozen,66,14,70000,Early,1,0.141940350538,0.012,1.012,valid_checkpoint_order_thirds
Lunar,Protected,raw_router,lunar_primary_frozen,66,15,75000,Early,1,0.0147613831256,-0.18,0.82,valid_checkpoint_order_thirds
Lunar,Protected,raw_router,lunar_primary_frozen,66,16,80000,Early,1,0.0219834545312,0.032,1.032,valid_checkpoint_order_thirds
Lunar,Protected,raw_router,lunar_primary_frozen,66,17,85000,Early,1,0.110364226092,-0.16,0.84,valid_checkpoint_order_thirds
Lunar,Protected,raw_router,lunar_primary_frozen,66,18,90000,Early,1,0.238156454874,0.052,1.052,valid_checkpoint_order_thirds
Lunar,Protected,raw_router,lunar_primary_frozen,66,19,95000,Early,1,0.02403630015,-0.14,0.86,valid_checkpoint_order_thirds
Lunar,Protected,raw_router,lunar_primary_frozen,66,20,100000,Early,1,2.85312075668e-05,0.072,1.072,valid_checkpoint_order_thirds
Lunar,Protected,raw_router,lunar_primary_frozen,66,21,105000,Early,1,0.522011563157,-0.12,0.88,valid_checkpoint_order_thirds
Lunar,Protected,raw_router,lunar_primary_frozen,66,22,110000,Early,1,0.281775742322,0.092,1.092,valid_checkpoint_order_thirds
Lunar,Protected,raw_router,lunar_primary_frozen,66,23,115000,Early,1,0.155403856206,-0.1,0.9,valid_checkpoint_order_thirds
Lunar,Protected,raw_router,lunar_primary_frozen,66,24,120000,Early,1,0.0553928619898,0.112,1.112,valid_checkpoint_order_thirds
Lunar,Protected,raw_router,lunar_primary_frozen,66,25,125000,Early,1,1.40063003902e-05,-0.08,0.92,valid_checkpoint_order_thirds
Lunar,Protected,raw_router,lunar_primary_frozen,66,26,130000,Early,1,0.0862468976605,0.132,1.132,valid_checkpoint_order_thirds
Lunar,Protected,raw_router,lunar_primary_frozen,66,27,135000,Early,1,0.000297062530663,-0.06,0.94,valid_checkpoint_order_thirds
Lunar,Protected,raw_router,lunar_primary_frozen,66,28,140000,Early,1,0.501881638626,0.152,1.152,valid_checkpoint_order_thirds
Lunar,Protected,raw_router,lunar_primary_frozen,66,29,145000,Early,1,0.472602156907,-0.04,0.96,valid_checkpoint_order_thirds
Lunar,Protected,raw_router,lunar_primary_frozen,66,30,150000,Early,1,0.00141163542401,0.172,1.172,valid_checkpoint_order_thirds
Lunar,Protected,raw_router,lunar_primary_frozen,66,31,155000,Early,1,0.0243565180541,-0.02,0.98,valid_checkpoint_order_thirds
Lunar,Protected,raw_router,lunar_primary_frozen,66,32,160000,Early,1,0.0503828475445,0.192,1.192,valid_checkpoint_order_thirds
Lunar,Protected,raw_router,lunar_primary_frozen,66,33,165000,Early,1,1.02152395007e-05,0,1,valid_checkpoint_order_thirds
Lunar,Protected,raw_router,lunar_primary_frozen,66,34,170000,Early,1,0.276779137184,-0.192,0.808,valid_checkpoint_order_thirds
Lunar,Protected,raw_router,lunar_primary_frozen,66,35,175000,Middle,2,0.515117800334,0.02,2.02,valid_checkpoint_order_thirds
Lunar,Protected,raw_router,lunar_primary_frozen,66,36,180000,Middle,2,0.70376922608,-0.172,1.828,valid_checkpoint_order_thirds
Lunar,Protected,raw_router,lunar_primary_frozen,66,37,185000,Middle,2,0.00553667890059,0.04,2.04,valid_checkpoint_order_thirds
Lunar,Protected,raw_router,lunar_primary_frozen,66,38,190000,Middle,2,0.00145997449635,-0.152,1.848,valid_checkpoint_order_thirds
Lunar,Protected,raw_router,lunar_primary_frozen,66,39,195000,Middle,2,0.0343413826131,0.06,2.06,valid_checkpoint_order_thirds
Lunar,Protected,raw_router,lunar_primary_frozen,66,40,200000,Middle,2,0.00780817097667,-0.132,1.868,valid_checkpoint_order_thirds
Lunar,Protected,raw_router,lunar_primary_frozen,66,41,205000,Middle,2,0.00504037141703,0.08,2.08,valid_checkpoint_order_thirds
Lunar,Protected,raw_router,lunar_primary_frozen,66,42,210000,Middle,2,0.0358283246343,-0.112,1.888,valid_checkpoint_order_thirds
Lunar,Protected,raw_router,lunar_primary_frozen,66,43,215000,Middle,2,0.228636634565,0.1,2.1,valid_checkpoint_order_thirds
Lunar,Protected,raw_router,lunar_primary_frozen,66,44,220000,Middle,2,0.16201067142,-0.092,1.908,valid_checkpoint_order_thirds
Lunar,Protected,raw_router,lunar_primary_frozen,66,45,225000,Middle,2,0.116004232763,0.12,2.12,valid_checkpoint_order_thirds
Lunar,Protected,raw_router,lunar_primary_frozen,66,46,230000,Middle,2,0.520010023614,-0.072,1.928,valid_checkpoint_order_thirds
Lunar,Protected,raw_router,lunar_primary_frozen,66,47,235000,Middle,2,0.335513116671,0.14,2.14,valid_checkpoint_order_thirds
Lunar,Protected,raw_router,lunar_primary_frozen,66,48,240000,Middle,2,0.467629208426,-0.052,1.948,valid_checkpoint_order_thirds
Lunar,Protected,raw_router,lunar_primary_frozen,66,49,245000,Middle,2,0.353804938575,0.16,2.16,valid_checkpoint_order_thirds
Lunar,Protected,raw_router,lunar_primary_frozen,66,50,250000,Middle,2,0.0835427269351,-0.032,1.968,valid_checkpoint_order_thirds
Lunar,Protected,raw_router,lunar_primary_frozen,66,51,255000,Middle,2,0.474693763093,0.18,2.18,valid_checkpoint_order_thirds
Lunar,Protected,raw_router,lunar_primary_frozen,66,52,260000,Middle,2,0.0373111718397,-0.012,1.988,valid_checkpoint_order_thirds
Lunar,Protected,raw_router,lunar_primary_frozen,66,53,265000,Middle,2,0.00633266196817,0.2,2.2,valid_checkpoint_order_thirds
Lunar,Protected,raw_router,lunar_primary_frozen,66,54,270000,Middle,2,0.331590541912,0.008,2.008,valid_checkpoint_order_thirds
Lunar,Protected,raw_router,lunar_primary_frozen,66,55,275000,Middle,2,0.232198186394,-0.184,1.816,valid_checkpoint_order_thirds
Lunar,Protected,raw_router,lunar_primary_frozen,66,56,280000,Middle,2,0.754984799206,0.028,2.028,valid_checkpoint_order_thirds
Lunar,Protected,raw_router,lunar_primary_frozen,66,57,285000,Middle,2,0.0156055280284,-0.164,1.836,valid_checkpoint_order_thirds
Lunar,Protected,raw_router,lunar_primary_frozen,66,58,290000,Middle,2,0.401844750936,0.048,2.048,valid_checkpoint_order_thirds
Lunar,Protected,raw_router,lunar_primary_frozen,66,59,295000,Middle,2,0.100887891064,-0.144,1.856,valid_checkpoint_order_thirds
Lunar,Protected,raw_router,lunar_primary_frozen,66,60,300000,Middle,2,0.00285428195508,0.068,2.068,valid_checkpoint_order_thirds
Lunar,Protected,raw_router,lunar_primary_frozen,66,61,305000,Middle,2,0.627643052391,-0.124,1.876,valid_checkpoint_order_thirds
Lunar,Protected,raw_router,lunar_primary_frozen,66,62,310000,Middle,2,0.036332604734,0.088,2.088,valid_checkpoint_order_thirds
Lunar,Protected,raw_router,lunar_primary_frozen,66,63,315000,Middle,2,0.359545802077,-0.104,1.896,valid_checkpoint_order_thirds
Lunar,Protected,raw_router,lunar_primary_frozen,66,64,320000,Middle,2,0.00646095686378,0.108,2.108,valid_checkpoint_order_thirds
Lunar,Protected,raw_router,lunar_primary_frozen,66,65,325000,Middle,2,0.000284714010044,-0.084,1.916,valid_checkpoint_order_thirds
Lunar,Protected,raw_router,lunar_primary_frozen,66,66,330000,Middle,2,0.63227105118,0.128,2.128,valid_checkpoint_order_thirds
Lunar,Protected,raw_router,lunar_primary_frozen,66,67,335000,Middle,2,0.0656661316426,-0.064,1.936,valid_checkpoint_order_thirds
Lunar,Protected,raw_router,lunar_primary_frozen,66,68,340000,Late,3,0.0321794639834,0.148,3.148,valid_checkpoint_order_thirds
Lunar,Protected,raw_router,lunar_primary_frozen,66,69,345000,Late,3,0.00325506895258,-0.044,2.956,valid_checkpoint_order_thirds
Lunar,Protected,raw_router,lunar_primary_frozen,66,70,350000,Late,3,0.124862681235,0.168,3.168,valid_checkpoint_order_thirds
Lunar,Protected,raw_router,lunar_primary_frozen,66,71,355000,Late,3,0.000900668321126,-0.024,2.976,valid_checkpoint_order_thirds
Lunar,Protected,raw_router,lunar_primary_frozen,66,72,360000,Late,3,0.00252931927204,0.188,3.188,valid_checkpoint_order_thirds
Lunar,Protected,raw_router,lunar_primary_frozen,66,73,365000,Late,3,0.00010419077296,-0.004,2.996,valid_checkpoint_order_thirds
Lunar,Protected,raw_router,lunar_primary_frozen,66,74,370000,Late,3,0.224999036376,-0.196,2.804,valid_checkpoint_order_thirds
Lunar,Protected,raw_router,lunar_primary_frozen,66,75,375000,Late,3,4.06123468469e-06,0.016,3.016,valid_checkpoint_order_thirds
Lunar,Protected,raw_router,lunar_primary_frozen,66,76,380000,Late,3,0.00219211756388,-0.176,2.824,valid_checkpoint_order_thirds
Lunar,Protected,raw_router,lunar_primary_frozen,66,77,385000,Late,3,0.000973256839633,0.036,3.036,valid_checkpoint_order_thirds
Lunar,Protected,raw_router,lunar_primary_frozen,66,78,390000,Late,3,0.000764718856932,-0.156,2.844,valid_checkpoint_order_thirds
Lunar,Protected,raw_router,lunar_primary_frozen,66,79,395000,Late,3,0.225059800716,0.056,3.056,valid_checkpoint_order_thirds
Lunar,Protected,raw_router,lunar_primary_frozen,66,80,400000,Late,3,1.80448979805e-08,-0.136,2.864,valid_checkpoint_order_thirds
Lunar,Protected,raw_router,lunar_primary_frozen,66,81,405000,Late,3,0.000440329867005,0.076,3.076,valid_checkpoint_order_thirds
Lunar,Protected,raw_router,lunar_primary_frozen,66,82,410000,Late,3,3.77768590113e-05,-0.116,2.884,valid_checkpoint_order_thirds
Lunar,Protected,raw_router,lunar_primary_frozen,66,83,415000,Late,3,8.32802944045e-07,0.096,3.096,valid_checkpoint_order_thirds
Lunar,Protected,raw_router,lunar_primary_frozen,66,84,420000,Late,3,5.90520516351e-05,-0.096,2.904,valid_checkpoint_order_thirds
Lunar,Protected,raw_router,lunar_primary_frozen,66,85,425000,Late,3,1.57671773148e-06,0.116,3.116,valid_checkpoint_order_thirds
Lunar,Protected,raw_router,lunar_primary_frozen,66,86,430000,Late,3,5.24326661381e-09,-0.076,2.924,valid_checkpoint_order_thirds
Lunar,Protected,raw_router,lunar_primary_frozen,66,87,435000,Late,3,0.0166026505004,0.136,3.136,valid_checkpoint_order_thirds
Lunar,Protected,raw_router,lunar_primary_frozen,66,88,440000,Late,3,0.342440214163,-0.056,2.944,valid_checkpoint_order_thirds
Lunar,Protected,raw_router,lunar_primary_frozen,66,89,445000,Late,3,0.44794119282,0.156,3.156,valid_checkpoint_order_thirds
Lunar,Protected,raw_router,lunar_primary_frozen,66,90,450000,Late,3,5.19676223776e-05,-0.036,2.964,valid_checkpoint_order_thirds
Lunar,Protected,raw_router,lunar_primary_frozen,66,91,455000,Late,3,2.32907433772e-06,0.176,3.176,valid_checkpoint_order_thirds
Lunar,Protected,raw_router,lunar_primary_frozen,66,92,460000,Late,3,1.29621639831e-11,-0.016,2.984,valid_checkpoint_order_thirds
Lunar,Protected,raw_router,lunar_primary_frozen,66,93,465000,Late,3,2.54218124528e-11,0.196,3.196,valid_checkpoint_order_thirds
Lunar,Protected,raw_router,lunar_primary_frozen,66,94,470000,Late,3,0.339535010528,0.004,3.004,valid_checkpoint_order_thirds
Lunar,Protected,raw_router,lunar_primary_frozen,66,95,475000,Late,3,0.0585610281475,-0.188,2.812,valid_checkpoint_order_thirds
Lunar,Protected,raw_router,lunar_primary_frozen,66,96,480000,Late,3,0.502658748114,0.024,3.024,valid_checkpoint_order_thirds
Lunar,Protected,raw_router,lunar_primary_frozen,66,97,485000,Late,3,0.00148399967267,-0.168,2.832,valid_checkpoint_order_thirds
Lunar,Protected,raw_router,lunar_primary_frozen,66,98,490000,Late,3,0.363574131977,0.044,3.044,valid_checkpoint_order_thirds
Lunar,Protected,raw_router,lunar_primary_frozen,66,99,495000,Late,3,7.21558664856e-17,-0.148,2.852,valid_checkpoint_order_thirds
Lunar,Protected,raw_router,lunar_primary_frozen,66,100,500000,Late,3,0.50102633258,0.064,3.064,valid_checkpoint_order_thirds
Lunar,Protected,raw_router,lunar_primary_frozen,77,1,5000,Early,1,0.692889019374,0.096,1.096,valid_checkpoint_order_thirds
Lunar,Protected,raw_router,lunar_primary_frozen,77,2,10000,Early,1,0.699739472099,-0.096,0.904,valid_checkpoint_order_thirds
Lunar,Protected,raw_router,lunar_primary_frozen,77,3,15000,Early,1,0.439227934036,0.116,1.116,valid_checkpoint_order_thirds
Lunar,Protected,raw_router,lunar_primary_frozen,77,4,20000,Early,1,0.416088783996,-0.076,0.924,valid_checkpoint_order_thirds
Lunar,Protected,raw_router,lunar_primary_frozen,77,5,25000,Early,1,0.165574520238,0.136,1.136,valid_checkpoint_order_thirds
Lunar,Protected,raw_router,lunar_primary_frozen,77,6,30000,Early,1,0.267477667308,-0.056,0.944,valid_checkpoint_order_thirds
Lunar,Protected,raw_router,lunar_primary_frozen,77,7,35000,Early,1,0.603889363359,0.156,1.156,valid_checkpoint_order_thirds
Lunar,Protected,raw_router,lunar_primary_frozen,77,8,40000,Early,1,0.461242936082,-0.036,0.964,valid_checkpoint_order_thirds
Lunar,Protected,raw_router,lunar_primary_frozen,77,9,45000,Early,1,0.20510932894,0.176,1.176,valid_checkpoint_order_thirds
Lunar,Protected,raw_router,lunar_primary_frozen,77,10,50000,Early,1,0.130161932205,-0.016,0.984,valid_checkpoint_order_thirds
Lunar,Protected,raw_router,lunar_primary_frozen,77,11,55000,Early,1,0.0233720757697,0.196,1.196,valid_checkpoint_order_thirds
Lunar,Protected,raw_router,lunar_primary_frozen,77,12,60000,Early,1,0.768743883137,0.004,1.004,valid_checkpoint_order_thirds
Lunar,Protected,raw_router,lunar_primary_frozen,77,13,65000,Early,1,0.542811223907,-0.188,0.812,valid_checkpoint_order_thirds
Lunar,Protected,raw_router,lunar_primary_frozen,77,14,70000,Early,1,0.371552563988,0.024,1.024,valid_checkpoint_order_thirds
Lunar,Protected,raw_router,lunar_primary_frozen,77,15,75000,Early,1,0.793591275907,-0.168,0.832,valid_checkpoint_order_thirds
Lunar,Protected,raw_router,lunar_primary_frozen,77,16,80000,Early,1,0.473822919907,0.044,1.044,valid_checkpoint_order_thirds
Lunar,Protected,raw_router,lunar_primary_frozen,77,17,85000,Early,1,0.509318670667,-0.148,0.852,valid_checkpoint_order_thirds
Lunar,Protected,raw_router,lunar_primary_frozen,77,18,90000,Early,1,0.387706282086,0.064,1.064,valid_checkpoint_order_thirds
Lunar,Protected,raw_router,lunar_primary_frozen,77,19,95000,Early,1,0.438138741765,-0.128,0.872,valid_checkpoint_order_thirds
Lunar,Protected,raw_router,lunar_primary_frozen,77,20,100000,Early,1,0.300740359834,0.084,1.084,valid_checkpoint_order_thirds
Lunar,Protected,raw_router,lunar_primary_frozen,77,21,105000,Early,1,0.649048255304,-0.108,0.892,valid_checkpoint_order_thirds
Lunar,Protected,raw_router,lunar_primary_frozen,77,22,110000,Early,1,0.50943156104,0.104,1.104,valid_checkpoint_order_thirds
Lunar,Protected,raw_router,lunar_primary_frozen,77,23,115000,Early,1,0.492506733439,-0.088,0.912,valid_checkpoint_order_thirds
Lunar,Protected,raw_router,lunar_primary_frozen,77,24,120000,Early,1,0.100575606398,0.124,1.124,valid_checkpoint_order_thirds
Lunar,Protected,raw_router,lunar_primary_frozen,77,25,125000,Early,1,0.0247241753012,-0.068,0.932,valid_checkpoint_order_thirds
Lunar,Protected,raw_router,lunar_primary_frozen,77,26,130000,Early,1,0.326257685873,0.144,1.144,valid_checkpoint_order_thirds
Lunar,Protected,raw_router,lunar_primary_frozen,77,27,135000,Early,1,0.460283750565,-0.048,0.952,valid_checkpoint_order_thirds
Lunar,Protected,raw_router,lunar_primary_frozen,77,28,140000,Early,1,0.502823230607,0.164,1.164,valid_checkpoint_order_thirds
Lunar,Protected,raw_router,lunar_primary_frozen,77,29,145000,Early,1,0.693525661995,-0.028,0.972,valid_checkpoint_order_thirds
Lunar,Protected,raw_router,lunar_primary_frozen,77,30,150000,Early,1,0.369852502696,0.184,1.184,valid_checkpoint_order_thirds
Lunar,Protected,raw_router,lunar_primary_frozen,77,31,155000,Early,1,0.398868845879,-0.008,0.992,valid_checkpoint_order_thirds
Lunar,Protected,raw_router,lunar_primary_frozen,77,32,160000,Early,1,0.550622807542,-0.2,0.8,valid_checkpoint_order_thirds
Lunar,Protected,raw_router,lunar_primary_frozen,77,33,165000,Early,1,0.177877247205,0.012,1.012,valid_checkpoint_order_thirds
Lunar,Protected,raw_router,lunar_primary_frozen,77,34,170000,Early,1,0.293379877097,-0.18,0.82,valid_checkpoint_order_thirds
Lunar,Protected,raw_router,lunar_primary_frozen,77,35,175000,Middle,2,0.425762401278,0.032,2.032,valid_checkpoint_order_thirds
Lunar,Protected,raw_router,lunar_primary_frozen,77,36,180000,Middle,2,0.0521406188735,-0.16,1.84,valid_checkpoint_order_thirds
Lunar,Protected,raw_router,lunar_primary_frozen,77,37,185000,Middle,2,0.275072580496,0.052,2.052,valid_checkpoint_order_thirds
Lunar,Protected,raw_router,lunar_primary_frozen,77,38,190000,Middle,2,0.18359598978,-0.14,1.86,valid_checkpoint_order_thirds
Lunar,Protected,raw_router,lunar_primary_frozen,77,39,195000,Middle,2,0.0397686662553,0.072,2.072,valid_checkpoint_order_thirds
Lunar,Protected,raw_router,lunar_primary_frozen,77,40,200000,Middle,2,0.238458221475,-0.12,1.88,valid_checkpoint_order_thirds
Lunar,Protected,raw_router,lunar_primary_frozen,77,41,205000,Middle,2,0.277821788668,0.092,2.092,valid_checkpoint_order_thirds
Lunar,Protected,raw_router,lunar_primary_frozen,77,42,210000,Middle,2,0.205968272631,-0.1,1.9,valid_checkpoint_order_thirds
Lunar,Protected,raw_router,lunar_primary_frozen,77,43,215000,Middle,2,0.00997529318716,0.112,2.112,valid_checkpoint_order_thirds
Lunar,Protected,raw_router,lunar_primary_frozen,77,44,220000,Middle,2,0.0818680990786,-0.08,1.92,valid_checkpoint_order_thirds
Lunar,Protected,raw_router,lunar_primary_frozen,77,45,225000,Middle,2,0.12963364035,0.132,2.132,valid_checkpoint_order_thirds
Lunar,Protected,raw_router,lunar_primary_frozen,77,46,230000,Middle,2,0.00782268050036,-0.06,1.94,valid_checkpoint_order_thirds
Lunar,Protected,raw_router,lunar_primary_frozen,77,47,235000,Middle,2,0.198094777752,0.152,2.152,valid_checkpoint_order_thirds
Lunar,Protected,raw_router,lunar_primary_frozen,77,48,240000,Middle,2,0.117232331061,-0.04,1.96,valid_checkpoint_order_thirds
Lunar,Protected,raw_router,lunar_primary_frozen,77,49,245000,Middle,2,0.506107155548,0.172,2.172,valid_checkpoint_order_thirds
Lunar,Protected,raw_router,lunar_primary_frozen,77,50,250000,Middle,2,0.380592215971,-0.02,1.98,valid_checkpoint_order_thirds
Lunar,Protected,raw_router,lunar_primary_frozen,77,51,255000,Middle,2,0.0513763414999,0.192,2.192,valid_checkpoint_order_thirds
Lunar,Protected,raw_router,lunar_primary_frozen,77,52,260000,Middle,2,0.171682859126,0,2,valid_checkpoint_order_thirds
Lunar,Protected,raw_router,lunar_primary_frozen,77,53,265000,Middle,2,0.137048363213,-0.192,1.808,valid_checkpoint_order_thirds
Lunar,Protected,raw_router,lunar_primary_frozen,77,54,270000,Middle,2,0.0223218699597,0.02,2.02,valid_checkpoint_order_thirds
Lunar,Protected,raw_router,lunar_primary_frozen,77,55,275000,Middle,2,0.00235119667619,-0.172,1.828,valid_checkpoint_order_thirds
Lunar,Protected,raw_router,lunar_primary_frozen,77,56,280000,Middle,2,0.00384992301982,0.04,2.04,valid_checkpoint_order_thirds
Lunar,Protected,raw_router,lunar_primary_frozen,77,57,285000,Middle,2,9.08067431412e-05,-0.152,1.848,valid_checkpoint_order_thirds
Lunar,Protected,raw_router,lunar_primary_frozen,77,58,290000,Middle,2,0.214904829508,0.06,2.06,valid_checkpoint_order_thirds
Lunar,Protected,raw_router,lunar_primary_frozen,77,59,295000,Middle,2,0.0410300778781,-0.132,1.868,valid_checkpoint_order_thirds
Lunar,Protected,raw_router,lunar_primary_frozen,77,60,300000,Middle,2,0.07028553294,0.08,2.08,valid_checkpoint_order_thirds
Lunar,Protected,raw_router,lunar_primary_frozen,77,61,305000,Middle,2,0.115043720699,-0.112,1.888,valid_checkpoint_order_thirds
Lunar,Protected,raw_router,lunar_primary_frozen,77,62,310000,Middle,2,0.00673825178988,0.1,2.1,valid_checkpoint_order_thirds
Lunar,Protected,raw_router,lunar_primary_frozen,77,63,315000,Middle,2,0.143741632827,-0.092,1.908,valid_checkpoint_order_thirds
Lunar,Protected,raw_router,lunar_primary_frozen,77,64,320000,Middle,2,0.212889758461,0.12,2.12,valid_checkpoint_order_thirds
Lunar,Protected,raw_router,lunar_primary_frozen,77,65,325000,Middle,2,0.00722221476023,-0.072,1.928,valid_checkpoint_order_thirds
Lunar,Protected,raw_router,lunar_primary_frozen,77,66,330000,Middle,2,0.30069065712,0.14,2.14,valid_checkpoint_order_thirds
Lunar,Protected,raw_router,lunar_primary_frozen,77,67,335000,Middle,2,0.0943242663959,-0.052,1.948,valid_checkpoint_order_thirds
Lunar,Protected,raw_router,lunar_primary_frozen,77,68,340000,Late,3,0.255904076695,0.16,3.16,valid_checkpoint_order_thirds
Lunar,Protected,raw_router,lunar_primary_frozen,77,69,345000,Late,3,0.787378118986,-0.032,2.968,valid_checkpoint_order_thirds
Lunar,Protected,raw_router,lunar_primary_frozen,77,70,350000,Late,3,0.0590081728893,0.18,3.18,valid_checkpoint_order_thirds
Lunar,Protected,raw_router,lunar_primary_frozen,77,71,355000,Late,3,0.012213772108,-0.012,2.988,valid_checkpoint_order_thirds
Lunar,Protected,raw_router,lunar_primary_frozen,77,72,360000,Late,3,0.843793711056,0.2,3.2,valid_checkpoint_order_thirds
Lunar,Protected,raw_router,lunar_primary_frozen,77,73,365000,Late,3,0.0374704076124,0.008,3.008,valid_checkpoint_order_thirds
Lunar,Protected,raw_router,lunar_primary_frozen,77,74,370000,Late,3,0.0958099493923,-0.184,2.816,valid_checkpoint_order_thirds
Lunar,Protected,raw_router,lunar_primary_frozen,77,75,375000,Late,3,0.000816978566393,0.028,3.028,valid_checkpoint_order_thirds
Lunar,Protected,raw_router,lunar_primary_frozen,77,76,380000,Late,3,0.0855989591605,-0.164,2.836,valid_checkpoint_order_thirds
Lunar,Protected,raw_router,lunar_primary_frozen,77,77,385000,Late,3,0.493084935741,0.048,3.048,valid_checkpoint_order_thirds
Lunar,Protected,raw_router,lunar_primary_frozen,77,78,390000,Late,3,0.00132268889754,-0.144,2.856,valid_checkpoint_order_thirds
Lunar,Protected,raw_router,lunar_primary_frozen,77,79,395000,Late,3,0.598475252407,0.068,3.068,valid_checkpoint_order_thirds
Lunar,Protected,raw_router,lunar_primary_frozen,77,80,400000,Late,3,0.00255468403864,-0.124,2.876,valid_checkpoint_order_thirds
Lunar,Protected,raw_router,lunar_primary_frozen,77,81,405000,Late,3,0.00148028129388,0.088,3.088,valid_checkpoint_order_thirds
Lunar,Protected,raw_router,lunar_primary_frozen,77,82,410000,Late,3,0.000561667474037,-0.104,2.896,valid_checkpoint_order_thirds
Lunar,Protected,raw_router,lunar_primary_frozen,77,83,415000,Late,3,0.00276822913413,0.108,3.108,valid_checkpoint_order_thirds
Lunar,Protected,raw_router,lunar_primary_frozen,77,84,420000,Late,3,0.129276388,-0.084,2.916,valid_checkpoint_order_thirds
Lunar,Protected,raw_router,lunar_primary_frozen,77,85,425000,Late,3,0.0135319635142,0.128,3.128,valid_checkpoint_order_thirds
Lunar,Protected,raw_router,lunar_primary_frozen,77,86,430000,Late,3,0.111937111994,-0.064,2.936,valid_checkpoint_order_thirds
Lunar,Protected,raw_router,lunar_primary_frozen,77,87,435000,Late,3,0.176461660486,0.148,3.148,valid_checkpoint_order_thirds
Lunar,Protected,raw_router,lunar_primary_frozen,77,88,440000,Late,3,0.312673402471,-0.044,2.956,valid_checkpoint_order_thirds
Lunar,Protected,raw_router,lunar_primary_frozen,77,89,445000,Late,3,0.283798187029,0.168,3.168,valid_checkpoint_order_thirds
Lunar,Protected,raw_router,lunar_primary_frozen,77,90,450000,Late,3,0.0796767345285,-0.024,2.976,valid_checkpoint_order_thirds
Lunar,Protected,raw_router,lunar_primary_frozen,77,91,455000,Late,3,8.78320331332e-05,0.188,3.188,valid_checkpoint_order_thirds
Lunar,Protected,raw_router,lunar_primary_frozen,77,92,460000,Late,3,0.213575171134,-0.004,2.996,valid_checkpoint_order_thirds
Lunar,Protected,raw_router,lunar_primary_frozen,77,93,465000,Late,3,0.000117787840082,-0.196,2.804,valid_checkpoint_order_thirds
Lunar,Protected,raw_router,lunar_primary_frozen,77,94,470000,Late,3,0.0128565196375,0.016,3.016,valid_checkpoint_order_thirds
Lunar,Protected,raw_router,lunar_primary_frozen,77,95,475000,Late,3,0.00102227216531,-0.176,2.824,valid_checkpoint_order_thirds
Lunar,Protected,raw_router,lunar_primary_frozen,77,96,480000,Late,3,5.77931033307e-10,0.036,3.036,valid_checkpoint_order_thirds
Lunar,Protected,raw_router,lunar_primary_frozen,77,97,485000,Late,3,2.12690958575e-05,-0.156,2.844,valid_checkpoint_order_thirds
Lunar,Protected,raw_router,lunar_primary_frozen,77,98,490000,Late,3,0.155523971583,0.056,3.056,valid_checkpoint_order_thirds
Lunar,Protected,raw_router,lunar_primary_frozen,77,99,495000,Late,3,0.387536758392,-0.136,2.864,valid_checkpoint_order_thirds
Lunar,Protected,raw_router,lunar_primary_frozen,77,100,500000,Late,3,2.81702717677e-11,0.076,3.076,valid_checkpoint_order_thirds
Lunar,Protected,raw_router,lunar_primary_frozen,88,1,5000,Early,1,0.885037374409,0.108,1.108,valid_checkpoint_order_thirds
Lunar,Protected,raw_router,lunar_primary_frozen,88,2,10000,Early,1,0.466399803825,-0.084,0.916,valid_checkpoint_order_thirds
Lunar,Protected,raw_router,lunar_primary_frozen,88,3,15000,Early,1,0.682710647751,0.128,1.128,valid_checkpoint_order_thirds
Lunar,Protected,raw_router,lunar_primary_frozen,88,4,20000,Early,1,0.0262085999198,-0.064,0.936,valid_checkpoint_order_thirds
Lunar,Protected,raw_router,lunar_primary_frozen,88,5,25000,Early,1,0.419403389931,0.148,1.148,valid_checkpoint_order_thirds
Lunar,Protected,raw_router,lunar_primary_frozen,88,6,30000,Early,1,0.689911007748,-0.044,0.956,valid_checkpoint_order_thirds
Lunar,Protected,raw_router,lunar_primary_frozen,88,7,35000,Early,1,0.0549278298058,0.168,1.168,valid_checkpoint_order_thirds
Lunar,Protected,raw_router,lunar_primary_frozen,88,8,40000,Early,1,0.699321017958,-0.024,0.976,valid_checkpoint_order_thirds
Lunar,Protected,raw_router,lunar_primary_frozen,88,9,45000,Early,1,0.0125430768779,0.188,1.188,valid_checkpoint_order_thirds
Lunar,Protected,raw_router,lunar_primary_frozen,88,10,50000,Early,1,0.00315110059784,-0.004,0.996,valid_checkpoint_order_thirds
Lunar,Protected,raw_router,lunar_primary_frozen,88,11,55000,Early,1,0.00878762722305,-0.196,0.804,valid_checkpoint_order_thirds
Lunar,Protected,raw_router,lunar_primary_frozen,88,12,60000,Early,1,8.65312950909e-05,0.016,1.016,valid_checkpoint_order_thirds
Lunar,Protected,raw_router,lunar_primary_frozen,88,13,65000,Early,1,0.00343727295498,-0.176,0.824,valid_checkpoint_order_thirds
Lunar,Protected,raw_router,lunar_primary_frozen,88,14,70000,Early,1,0.000194137524112,0.036,1.036,valid_checkpoint_order_thirds
Lunar,Protected,raw_router,lunar_primary_frozen,88,15,75000,Early,1,0.0144995083527,-0.156,0.844,valid_checkpoint_order_thirds
Lunar,Protected,raw_router,lunar_primary_frozen,88,16,80000,Early,1,0.0373715805013,0.056,1.056,valid_checkpoint_order_thirds
Lunar,Protected,raw_router,lunar_primary_frozen,88,17,85000,Early,1,0.00140961912848,-0.136,0.864,valid_checkpoint_order_thirds
Lunar,Protected,raw_router,lunar_primary_frozen,88,18,90000,Early,1,0.00891369565281,0.076,1.076,valid_checkpoint_order_thirds
Lunar,Protected,raw_router,lunar_primary_frozen,88,19,95000,Early,1,1.05013931442e-06,-0.116,0.884,valid_checkpoint_order_thirds
Lunar,Protected,raw_router,lunar_primary_frozen,88,20,100000,Early,1,1.15514559039e-05,0.096,1.096,valid_checkpoint_order_thirds
Lunar,Protected,raw_router,lunar_primary_frozen,88,21,105000,Early,1,0.188407545456,-0.096,0.904,valid_checkpoint_order_thirds
Lunar,Protected,raw_router,lunar_primary_frozen,88,22,110000,Early,1,0.00100128971602,0.116,1.116,valid_checkpoint_order_thirds
Lunar,Protected,raw_router,lunar_primary_frozen,88,23,115000,Early,1,0.00483513662132,-0.076,0.924,valid_checkpoint_order_thirds
Lunar,Protected,raw_router,lunar_primary_frozen,88,24,120000,Early,1,0.00373784005514,0.136,1.136,valid_checkpoint_order_thirds
Lunar,Protected,raw_router,lunar_primary_frozen,88,25,125000,Early,1,0.456373429136,-0.056,0.944,valid_checkpoint_order_thirds
Lunar,Protected,raw_router,lunar_primary_frozen,88,26,130000,Early,1,2.6523669405e-05,0.156,1.156,valid_checkpoint_order_thirds
Lunar,Protected,raw_router,lunar_primary_frozen,88,27,135000,Early,1,0.0285265541856,-0.036,0.964,valid_checkpoint_order_thirds
Lunar,Protected,raw_router,lunar_primary_frozen,88,28,140000,Early,1,0.091779060336,0.176,1.176,valid_checkpoint_order_thirds
Lunar,Protected,raw_router,lunar_primary_frozen,88,29,145000,Early,1,0.0431785928721,-0.016,0.984,valid_checkpoint_order_thirds
Lunar,Protected,raw_router,lunar_primary_frozen,88,30,150000,Early,1,0.170256468822,0.196,1.196,valid_checkpoint_order_thirds
Lunar,Protected,raw_router,lunar_primary_frozen,88,31,155000,Early,1,0.00370196424369,0.004,1.004,valid_checkpoint_order_thirds
Lunar,Protected,raw_router,lunar_primary_frozen,88,32,160000,Early,1,0.298893195698,-0.188,0.812,valid_checkpoint_order_thirds
Lunar,Protected,raw_router,lunar_primary_frozen,88,33,165000,Early,1,0.437447612623,0.024,1.024,valid_checkpoint_order_thirds
Lunar,Protected,raw_router,lunar_primary_frozen,88,34,170000,Early,1,0.306968095023,-0.168,0.832,valid_checkpoint_order_thirds
Lunar,Protected,raw_router,lunar_primary_frozen,88,35,175000,Middle,2,0.151731020528,0.044,2.044,valid_checkpoint_order_thirds
Lunar,Protected,raw_router,lunar_primary_frozen,88,36,180000,Middle,2,0.471571216357,-0.148,1.852,valid_checkpoint_order_thirds
Lunar,Protected,raw_router,lunar_primary_frozen,88,37,185000,Middle,2,0.302645461476,0.064,2.064,valid_checkpoint_order_thirds
Lunar,Protected,raw_router,lunar_primary_frozen,88,38,190000,Middle,2,0.474569850392,-0.128,1.872,valid_checkpoint_order_thirds
Lunar,Protected,raw_router,lunar_primary_frozen,88,39,195000,Middle,2,0.400806976183,0.084,2.084,valid_checkpoint_order_thirds
Lunar,Protected,raw_router,lunar_primary_frozen,88,40,200000,Middle,2,0.315413400862,-0.108,1.892,valid_checkpoint_order_thirds
Lunar,Protected,raw_router,lunar_primary_frozen,88,41,205000,Middle,2,0.479744391198,0.104,2.104,valid_checkpoint_order_thirds
Lunar,Protected,raw_router,lunar_primary_frozen,88,42,210000,Middle,2,0.00309579133036,-0.088,1.912,valid_checkpoint_order_thirds
Lunar,Protected,raw_router,lunar_primary_frozen,88,43,215000,Middle,2,0.000865674602861,0.124,2.124,valid_checkpoint_order_thirds
Lunar,Protected,raw_router,lunar_primary_frozen,88,44,220000,Middle,2,0.0368023408984,-0.068,1.932,valid_checkpoint_order_thirds
Lunar,Protected,raw_router,lunar_primary_frozen,88,45,225000,Middle,2,0.412274158728,0.144,2.144,valid_checkpoint_order_thirds
Lunar,Protected,raw_router,lunar_primary_frozen,88,46,230000,Middle,2,0.00145259819092,-0.048,1.952,valid_checkpoint_order_thirds
Lunar,Protected,raw_router,lunar_primary_frozen,88,47,235000,Middle,2,2.93093369676e-05,0.164,2.164,valid_checkpoint_order_thirds
Lunar,Protected,raw_router,lunar_primary_frozen,88,48,240000,Middle,2,0.00112967503475,-0.028,1.972,valid_checkpoint_order_thirds
Lunar,Protected,raw_router,lunar_primary_frozen,88,49,245000,Middle,2,0.0114781014221,0.184,2.184,valid_checkpoint_order_thirds
Lunar,Protected,raw_router,lunar_primary_frozen,88,50,250000,Middle,2,0.00565824944855,-0.008,1.992,valid_checkpoint_order_thirds
Lunar,Protected,raw_router,lunar_primary_frozen,88,51,255000,Middle,2,0.00264216824587,-0.2,1.8,valid_checkpoint_order_thirds
Lunar,Protected,raw_router,lunar_primary_frozen,88,52,260000,Middle,2,6.04774855658e-05,0.012,2.012,valid_checkpoint_order_thirds
Lunar,Protected,raw_router,lunar_primary_frozen,88,53,265000,Middle,2,0.10598895572,-0.18,1.82,valid_checkpoint_order_thirds
Lunar,Protected,raw_router,lunar_primary_frozen,88,54,270000,Middle,2,0.387929577485,0.032,2.032,valid_checkpoint_order_thirds
Lunar,Protected,raw_router,lunar_primary_frozen,88,55,275000,Middle,2,0.258903365566,-0.16,1.84,valid_checkpoint_order_thirds
Lunar,Protected,raw_router,lunar_primary_frozen,88,56,280000,Middle,2,0.319956754637,0.052,2.052,valid_checkpoint_order_thirds
Lunar,Protected,raw_router,lunar_primary_frozen,88,57,285000,Middle,2,0.00727112960303,-0.14,1.86,valid_checkpoint_order_thirds
Lunar,Protected,raw_router,lunar_primary_frozen,88,58,290000,Middle,2,0.000544536685919,0.072,2.072,valid_checkpoint_order_thirds
Lunar,Protected,raw_router,lunar_primary_frozen,88,59,295000,Middle,2,0.0176428508154,-0.12,1.88,valid_checkpoint_order_thirds
Lunar,Protected,raw_router,lunar_primary_frozen,88,60,300000,Middle,2,0.14933744164,0.092,2.092,valid_checkpoint_order_thirds
Lunar,Protected,raw_router,lunar_primary_frozen,88,61,305000,Middle,2,0.306358245171,-0.1,1.9,valid_checkpoint_order_thirds
Lunar,Protected,raw_router,lunar_primary_frozen,88,62,310000,Middle,2,0.272888654268,0.112,2.112,valid_checkpoint_order_thirds
Lunar,Protected,raw_router,lunar_primary_frozen,88,63,315000,Middle,2,0.255607363516,-0.08,1.92,valid_checkpoint_order_thirds
Lunar,Protected,raw_router,lunar_primary_frozen,88,64,320000,Middle,2,0.0134821866457,0.132,2.132,valid_checkpoint_order_thirds
Lunar,Protected,raw_router,lunar_primary_frozen,88,65,325000,Middle,2,0.057830475075,-0.06,1.94,valid_checkpoint_order_thirds
Lunar,Protected,raw_router,lunar_primary_frozen,88,66,330000,Middle,2,0.00647758631378,0.152,2.152,valid_checkpoint_order_thirds
Lunar,Protected,raw_router,lunar_primary_frozen,88,67,335000,Middle,2,0.0211048566994,-0.04,1.96,valid_checkpoint_order_thirds
Lunar,Protected,raw_router,lunar_primary_frozen,88,68,340000,Late,3,0.0455229619419,0.172,3.172,valid_checkpoint_order_thirds
Lunar,Protected,raw_router,lunar_primary_frozen,88,69,345000,Late,3,0.294301940642,-0.02,2.98,valid_checkpoint_order_thirds
Lunar,Protected,raw_router,lunar_primary_frozen,88,70,350000,Late,3,0.453022823671,0.192,3.192,valid_checkpoint_order_thirds
Lunar,Protected,raw_router,lunar_primary_frozen,88,71,355000,Late,3,0.0011169862215,0,3,valid_checkpoint_order_thirds
Lunar,Protected,raw_router,lunar_primary_frozen,88,72,360000,Late,3,0.0723704140579,-0.192,2.808,valid_checkpoint_order_thirds
Lunar,Protected,raw_router,lunar_primary_frozen,88,73,365000,Late,3,0.18164223525,0.02,3.02,valid_checkpoint_order_thirds
Lunar,Protected,raw_router,lunar_primary_frozen,88,74,370000,Late,3,0.469197961238,-0.172,2.828,valid_checkpoint_order_thirds
Lunar,Protected,raw_router,lunar_primary_frozen,88,75,375000,Late,3,0.30915530252,0.04,3.04,valid_checkpoint_order_thirds
Lunar,Protected,raw_router,lunar_primary_frozen,88,76,380000,Late,3,4.23098270828e-05,-0.152,2.848,valid_checkpoint_order_thirds
Lunar,Protected,raw_router,lunar_primary_frozen,88,77,385000,Late,3,0.306004357056,0.06,3.06,valid_checkpoint_order_thirds
Lunar,Protected,raw_router,lunar_primary_frozen,88,78,390000,Late,3,0.0891619006605,-0.132,2.868,valid_checkpoint_order_thirds
Lunar,Protected,raw_router,lunar_primary_frozen,88,79,395000,Late,3,0.376988443722,0.08,3.08,valid_checkpoint_order_thirds
Lunar,Protected,raw_router,lunar_primary_frozen,88,80,400000,Late,3,0.00784715737429,-0.112,2.888,valid_checkpoint_order_thirds
Lunar,Protected,raw_router,lunar_primary_frozen,88,81,405000,Late,3,0.00151464950063,0.1,3.1,valid_checkpoint_order_thirds
Lunar,Protected,raw_router,lunar_primary_frozen,88,82,410000,Late,3,0.00979044729459,-0.092,2.908,valid_checkpoint_order_thirds
Lunar,Protected,raw_router,lunar_primary_frozen,88,83,415000,Late,3,2.00785010153e-06,0.12,3.12,valid_checkpoint_order_thirds
Lunar,Protected,raw_router,lunar_primary_frozen,88,84,420000,Late,3,0.459973113177,-0.072,2.928,valid_checkpoint_order_thirds
Lunar,Protected,raw_router,lunar_primary_frozen,88,85,425000,Late,3,0.0534848761883,0.14,3.14,valid_checkpoint_order_thirds
Lunar,Protected,raw_router,lunar_primary_frozen,88,86,430000,Late,3,0.0884785383836,-0.052,2.948,valid_checkpoint_order_thirds
Lunar,Protected,raw_router,lunar_primary_frozen,88,87,435000,Late,3,0.0222336152968,0.16,3.16,valid_checkpoint_order_thirds
Lunar,Protected,raw_router,lunar_primary_frozen,88,88,440000,Late,3,0.00386928927562,-0.032,2.968,valid_checkpoint_order_thirds
Lunar,Protected,raw_router,lunar_primary_frozen,88,89,445000,Late,3,3.12468565342e-06,0.18,3.18,valid_checkpoint_order_thirds
Lunar,Protected,raw_router,lunar_primary_frozen,88,90,450000,Late,3,0.159856473697,-0.012,2.988,valid_checkpoint_order_thirds
Lunar,Protected,raw_router,lunar_primary_frozen,88,91,455000,Late,3,0.00190577196837,0.2,3.2,valid_checkpoint_order_thirds
Lunar,Protected,raw_router,lunar_primary_frozen,88,92,460000,Late,3,9.81321206554e-08,0.008,3.008,valid_checkpoint_order_thirds
Lunar,Protected,raw_router,lunar_primary_frozen,88,93,465000,Late,3,2.00867388837e-07,-0.184,2.816,valid_checkpoint_order_thirds
Lunar,Protected,raw_router,lunar_primary_frozen,88,94,470000,Late,3,1.59918990602e-06,0.028,3.028,valid_checkpoint_order_thirds
Lunar,Protected,raw_router,lunar_primary_frozen,88,95,475000,Late,3,5.40507832639e-05,-0.164,2.836,valid_checkpoint_order_thirds
Lunar,Protected,raw_router,lunar_primary_frozen,88,96,480000,Late,3,3.224853004e-07,0.048,3.048,valid_checkpoint_order_thirds
Lunar,Protected,raw_router,lunar_primary_frozen,88,97,485000,Late,3,0.00731443569024,-0.144,2.856,valid_checkpoint_order_thirds
Lunar,Protected,raw_router,lunar_primary_frozen,88,98,490000,Late,3,0.0932652101147,0.068,3.068,valid_checkpoint_order_thirds
Lunar,Protected,raw_router,lunar_primary_frozen,88,99,495000,Late,3,0.0826448365883,-0.124,2.876,valid_checkpoint_order_thirds
Lunar,Protected,raw_router,lunar_primary_frozen,88,100,500000,Late,3,4.16594055449e-07,0.088,3.088,valid_checkpoint_order_thirds
Lunar,Protected,raw_router,lunar_primary_frozen,99,1,5000,Early,1,0.775484910897,0.12,1.12,valid_checkpoint_order_thirds
Lunar,Protected,raw_router,lunar_primary_frozen,99,2,10000,Early,1,0.548236149011,-0.072,0.928,valid_checkpoint_order_thirds
Lunar,Protected,raw_router,lunar_primary_frozen,99,3,15000,Early,1,0.0885103700502,0.14,1.14,valid_checkpoint_order_thirds
Lunar,Protected,raw_router,lunar_primary_frozen,99,4,20000,Early,1,0.485297185038,-0.052,0.948,valid_checkpoint_order_thirds
Lunar,Protected,raw_router,lunar_primary_frozen,99,5,25000,Early,1,0.698943231282,0.16,1.16,valid_checkpoint_order_thirds
Lunar,Protected,raw_router,lunar_primary_frozen,99,6,30000,Early,1,0.358440611399,-0.032,0.968,valid_checkpoint_order_thirds
Lunar,Protected,raw_router,lunar_primary_frozen,99,7,35000,Early,1,0.687321969076,0.18,1.18,valid_checkpoint_order_thirds
Lunar,Protected,raw_router,lunar_primary_frozen,99,8,40000,Early,1,0.480307664509,-0.012,0.988,valid_checkpoint_order_thirds
Lunar,Protected,raw_router,lunar_primary_frozen,99,9,45000,Early,1,0.577203006757,0.2,1.2,valid_checkpoint_order_thirds
Lunar,Protected,raw_router,lunar_primary_frozen,99,10,50000,Early,1,0.314998727957,0.008,1.008,valid_checkpoint_order_thirds
Lunar,Protected,raw_router,lunar_primary_frozen,99,11,55000,Early,1,0.573994443703,-0.184,0.816,valid_checkpoint_order_thirds
Lunar,Protected,raw_router,lunar_primary_frozen,99,12,60000,Early,1,0.269967347703,0.028,1.028,valid_checkpoint_order_thirds
Lunar,Protected,raw_router,lunar_primary_frozen,99,13,65000,Early,1,0.0370940683407,-0.164,0.836,valid_checkpoint_order_thirds
Lunar,Protected,raw_router,lunar_primary_frozen,99,14,70000,Early,1,0.00282140313512,0.048,1.048,valid_checkpoint_order_thirds
Lunar,Protected,raw_router,lunar_primary_frozen,99,15,75000,Early,1,0.0636805338733,-0.144,0.856,valid_checkpoint_order_thirds
Lunar,Protected,raw_router,lunar_primary_frozen,99,16,80000,Early,1,0.742169215296,0.068,1.068,valid_checkpoint_order_thirds
Lunar,Protected,raw_router,lunar_primary_frozen,99,17,85000,Early,1,0.796545562689,-0.124,0.876,valid_checkpoint_order_thirds
Lunar,Protected,raw_router,lunar_primary_frozen,99,18,90000,Early,1,0.530277027444,0.088,1.088,valid_checkpoint_order_thirds
Lunar,Protected,raw_router,lunar_primary_frozen,99,19,95000,Early,1,0.12334787441,-0.104,0.896,valid_checkpoint_order_thirds
Lunar,Protected,raw_router,lunar_primary_frozen,99,20,100000,Early,1,0.485799590619,0.108,1.108,valid_checkpoint_order_thirds
Lunar,Protected,raw_router,lunar_primary_frozen,99,21,105000,Early,1,0.647996626862,-0.084,0.916,valid_checkpoint_order_thirds
Lunar,Protected,raw_router,lunar_primary_frozen,99,22,110000,Early,1,0.511583311293,0.128,1.128,valid_checkpoint_order_thirds
Lunar,Protected,raw_router,lunar_primary_frozen,99,23,115000,Early,1,0.610903513056,-0.064,0.936,valid_checkpoint_order_thirds
Lunar,Protected,raw_router,lunar_primary_frozen,99,24,120000,Early,1,0.655130092108,0.148,1.148,valid_checkpoint_order_thirds
Lunar,Protected,raw_router,lunar_primary_frozen,99,25,125000,Early,1,0.0509685429235,-0.044,0.956,valid_checkpoint_order_thirds
Lunar,Protected,raw_router,lunar_primary_frozen,99,26,130000,Early,1,0.311100776451,0.168,1.168,valid_checkpoint_order_thirds
Lunar,Protected,raw_router,lunar_primary_frozen,99,27,135000,Early,1,0.0293466836514,-0.024,0.976,valid_checkpoint_order_thirds
Lunar,Protected,raw_router,lunar_primary_frozen,99,28,140000,Early,1,0.0720001914621,0.188,1.188,valid_checkpoint_order_thirds
Lunar,Protected,raw_router,lunar_primary_frozen,99,29,145000,Early,1,0.142376279671,-0.004,0.996,valid_checkpoint_order_thirds
Lunar,Protected,raw_router,lunar_primary_frozen,99,30,150000,Early,1,0.175973934621,-0.196,0.804,valid_checkpoint_order_thirds
Lunar,Protected,raw_router,lunar_primary_frozen,99,31,155000,Early,1,0.0477081291339,0.016,1.016,valid_checkpoint_order_thirds
Lunar,Protected,raw_router,lunar_primary_frozen,99,32,160000,Early,1,0.0978826922122,-0.176,0.824,valid_checkpoint_order_thirds
Lunar,Protected,raw_router,lunar_primary_frozen,99,33,165000,Early,1,0.049076764171,0.036,1.036,valid_checkpoint_order_thirds
Lunar,Protected,raw_router,lunar_primary_frozen,99,34,170000,Early,1,0.122570641106,-0.156,0.844,valid_checkpoint_order_thirds
Lunar,Protected,raw_router,lunar_primary_frozen,99,35,175000,Middle,2,0.238977005289,0.056,2.056,valid_checkpoint_order_thirds
Lunar,Protected,raw_router,lunar_primary_frozen,99,36,180000,Middle,2,0.448577519832,-0.136,1.864,valid_checkpoint_order_thirds
Lunar,Protected,raw_router,lunar_primary_frozen,99,37,185000,Middle,2,0.639573926399,0.076,2.076,valid_checkpoint_order_thirds
Lunar,Protected,raw_router,lunar_primary_frozen,99,38,190000,Middle,2,0.00566460076961,-0.116,1.884,valid_checkpoint_order_thirds
Lunar,Protected,raw_router,lunar_primary_frozen,99,39,195000,Middle,2,0.252204141169,0.096,2.096,valid_checkpoint_order_thirds
Lunar,Protected,raw_router,lunar_primary_frozen,99,40,200000,Middle,2,0.0720784568437,-0.096,1.904,valid_checkpoint_order_thirds
Lunar,Protected,raw_router,lunar_primary_frozen,99,41,205000,Middle,2,0.0835648544178,0.116,2.116,valid_checkpoint_order_thirds
Lunar,Protected,raw_router,lunar_primary_frozen,99,42,210000,Middle,2,0.105746831519,-0.076,1.924,valid_checkpoint_order_thirds
Lunar,Protected,raw_router,lunar_primary_frozen,99,43,215000,Middle,2,0.00293987056547,0.136,2.136,valid_checkpoint_order_thirds
Lunar,Protected,raw_router,lunar_primary_frozen,99,44,220000,Middle,2,0.347654304381,-0.056,1.944,valid_checkpoint_order_thirds
Lunar,Protected,raw_router,lunar_primary_frozen,99,45,225000,Middle,2,0.518149560287,0.156,2.156,valid_checkpoint_order_thirds
Lunar,Protected,raw_router,lunar_primary_frozen,99,46,230000,Middle,2,0.0989341270745,-0.036,1.964,valid_checkpoint_order_thirds
Lunar,Protected,raw_router,lunar_primary_frozen,99,47,235000,Middle,2,0.680512229654,0.176,2.176,valid_checkpoint_order_thirds
Lunar,Protected,raw_router,lunar_primary_frozen,99,48,240000,Middle,2,0.128068178269,-0.016,1.984,valid_checkpoint_order_thirds
Lunar,Protected,raw_router,lunar_primary_frozen,99,49,245000,Middle,2,0.147251147847,0.196,2.196,valid_checkpoint_order_thirds
Lunar,Protected,raw_router,lunar_primary_frozen,99,50,250000,Middle,2,0.168824830453,0.004,2.004,valid_checkpoint_order_thirds
Lunar,Protected,raw_router,lunar_primary_frozen,99,51,255000,Middle,2,0.13483806594,-0.188,1.812,valid_checkpoint_order_thirds
Lunar,Protected,raw_router,lunar_primary_frozen,99,52,260000,Middle,2,0.509494443422,0.024,2.024,valid_checkpoint_order_thirds
Lunar,Protected,raw_router,lunar_primary_frozen,99,53,265000,Middle,2,0.623619317587,-0.168,1.832,valid_checkpoint_order_thirds
Lunar,Protected,raw_router,lunar_primary_frozen,99,54,270000,Middle,2,0.00808376322044,0.044,2.044,valid_checkpoint_order_thirds
Lunar,Protected,raw_router,lunar_primary_frozen,99,55,275000,Middle,2,0.461520025067,-0.148,1.852,valid_checkpoint_order_thirds
Lunar,Protected,raw_router,lunar_primary_frozen,99,56,280000,Middle,2,0.0335265991996,0.064,2.064,valid_checkpoint_order_thirds
Lunar,Protected,raw_router,lunar_primary_frozen,99,57,285000,Middle,2,0.000303479186317,-0.128,1.872,valid_checkpoint_order_thirds
Lunar,Protected,raw_router,lunar_primary_frozen,99,58,290000,Middle,2,0.276810001631,0.084,2.084,valid_checkpoint_order_thirds
Lunar,Protected,raw_router,lunar_primary_frozen,99,59,295000,Middle,2,0.0737175051632,-0.108,1.892,valid_checkpoint_order_thirds
Lunar,Protected,raw_router,lunar_primary_frozen,99,60,300000,Middle,2,0.544359400608,0.104,2.104,valid_checkpoint_order_thirds
Lunar,Protected,raw_router,lunar_primary_frozen,99,61,305000,Middle,2,0.113011302881,-0.088,1.912,valid_checkpoint_order_thirds
Lunar,Protected,raw_router,lunar_primary_frozen,99,62,310000,Middle,2,0.19211667238,0.124,2.124,valid_checkpoint_order_thirds
Lunar,Protected,raw_router,lunar_primary_frozen,99,63,315000,Middle,2,0.0722611690568,-0.068,1.932,valid_checkpoint_order_thirds
Lunar,Protected,raw_router,lunar_primary_frozen,99,64,320000,Middle,2,0.387739587166,0.144,2.144,valid_checkpoint_order_thirds
Lunar,Protected,raw_router,lunar_primary_frozen,99,65,325000,Middle,2,0.564452915525,-0.048,1.952,valid_checkpoint_order_thirds
Lunar,Protected,raw_router,lunar_primary_frozen,99,66,330000,Middle,2,0.498636909968,0.164,2.164,valid_checkpoint_order_thirds
Lunar,Protected,raw_router,lunar_primary_frozen,99,67,335000,Middle,2,2.19251002368e-05,-0.028,1.972,valid_checkpoint_order_thirds
Lunar,Protected,raw_router,lunar_primary_frozen,99,68,340000,Late,3,0.171209715669,0.184,3.184,valid_checkpoint_order_thirds
Lunar,Protected,raw_router,lunar_primary_frozen,99,69,345000,Late,3,1.921082106e-06,-0.008,2.992,valid_checkpoint_order_thirds
Lunar,Protected,raw_router,lunar_primary_frozen,99,70,350000,Late,3,0.0102478089446,-0.2,2.8,valid_checkpoint_order_thirds
Lunar,Protected,raw_router,lunar_primary_frozen,99,71,355000,Late,3,0.0312376042274,0.012,3.012,valid_checkpoint_order_thirds
Lunar,Protected,raw_router,lunar_primary_frozen,99,72,360000,Late,3,2.21046290578e-06,-0.18,2.82,valid_checkpoint_order_thirds
Lunar,Protected,raw_router,lunar_primary_frozen,99,73,365000,Late,3,0.00240775765115,0.032,3.032,valid_checkpoint_order_thirds
Lunar,Protected,raw_router,lunar_primary_frozen,99,74,370000,Late,3,0.0929579067199,-0.16,2.84,valid_checkpoint_order_thirds
Lunar,Protected,raw_router,lunar_primary_frozen,99,75,375000,Late,3,0.400229902178,0.052,3.052,valid_checkpoint_order_thirds
Lunar,Protected,raw_router,lunar_primary_frozen,99,76,380000,Late,3,0.0107308286324,-0.14,2.86,valid_checkpoint_order_thirds
Lunar,Protected,raw_router,lunar_primary_frozen,99,77,385000,Late,3,0.00115381247477,0.072,3.072,valid_checkpoint_order_thirds
Lunar,Protected,raw_router,lunar_primary_frozen,99,78,390000,Late,3,0.337161430094,-0.12,2.88,valid_checkpoint_order_thirds
Lunar,Protected,raw_router,lunar_primary_frozen,99,79,395000,Late,3,0.000137835545552,0.092,3.092,valid_checkpoint_order_thirds
Lunar,Protected,raw_router,lunar_primary_frozen,99,80,400000,Late,3,0.4648930182,-0.1,2.9,valid_checkpoint_order_thirds
Lunar,Protected,raw_router,lunar_primary_frozen,99,81,405000,Late,3,0.0215554656298,0.112,3.112,valid_checkpoint_order_thirds
Lunar,Protected,raw_router,lunar_primary_frozen,99,82,410000,Late,3,0.00057145301675,-0.08,2.92,valid_checkpoint_order_thirds
Lunar,Protected,raw_router,lunar_primary_frozen,99,83,415000,Late,3,0.431146355932,0.132,3.132,valid_checkpoint_order_thirds
Lunar,Protected,raw_router,lunar_primary_frozen,99,84,420000,Late,3,0.013457794564,-0.06,2.94,valid_checkpoint_order_thirds
Lunar,Protected,raw_router,lunar_primary_frozen,99,85,425000,Late,3,0.00655050669235,0.152,3.152,valid_checkpoint_order_thirds
Lunar,Protected,raw_router,lunar_primary_frozen,99,86,430000,Late,3,0.298189808751,-0.04,2.96,valid_checkpoint_order_thirds
Lunar,Protected,raw_router,lunar_primary_frozen,99,87,435000,Late,3,0.112791191889,0.172,3.172,valid_checkpoint_order_thirds
Lunar,Protected,raw_router,lunar_primary_frozen,99,88,440000,Late,3,0.00356679169551,-0.02,2.98,valid_checkpoint_order_thirds
Lunar,Protected,raw_router,lunar_primary_frozen,99,89,445000,Late,3,0.0732571747934,0.192,3.192,valid_checkpoint_order_thirds
Lunar,Protected,raw_router,lunar_primary_frozen,99,90,450000,Late,3,9.75522105451e-05,0,3,valid_checkpoint_order_thirds
Lunar,Protected,raw_router,lunar_primary_frozen,99,91,455000,Late,3,3.10361290247e-07,-0.192,2.808,valid_checkpoint_order_thirds
Lunar,Protected,raw_router,lunar_primary_frozen,99,92,460000,Late,3,8.88071999381e-07,0.02,3.02,valid_checkpoint_order_thirds
Lunar,Protected,raw_router,lunar_primary_frozen,99,93,465000,Late,3,0.000403330943039,-0.172,2.828,valid_checkpoint_order_thirds
Lunar,Protected,raw_router,lunar_primary_frozen,99,94,470000,Late,3,0.143489957049,0.04,3.04,valid_checkpoint_order_thirds
Lunar,Protected,raw_router,lunar_primary_frozen,99,95,475000,Late,3,0.707233694663,-0.152,2.848,valid_checkpoint_order_thirds
Lunar,Protected,raw_router,lunar_primary_frozen,99,96,480000,Late,3,0.0272408988036,0.06,3.06,valid_checkpoint_order_thirds
Lunar,Protected,raw_router,lunar_primary_frozen,99,97,485000,Late,3,0.00423145483949,-0.132,2.868,valid_checkpoint_order_thirds
Lunar,Protected,raw_router,lunar_primary_frozen,99,98,490000,Late,3,0.00369254978564,0.08,3.08,valid_checkpoint_order_thirds
Lunar,Protected,raw_router,lunar_primary_frozen,99,99,495000,Late,3,0.418431482149,-0.112,2.888,valid_checkpoint_order_thirds
Lunar,Protected,raw_router,lunar_primary_frozen,99,100,500000,Late,3,0.031081351118,0.1,3.1,valid_checkpoint_order_thirds
Lunar,Protected,raw_router,lunar_primary_frozen,111,1,5000,Early,1,0.718086328292,-0.124,0.876,valid_checkpoint_order_thirds
Lunar,Protected,raw_router,lunar_primary_frozen,111,2,10000,Early,1,0.370426289885,0.088,1.088,valid_checkpoint_order_thirds
Lunar,Protected,raw_router,lunar_primary_frozen,111,3,15000,Early,1,0.836369516922,-0.104,0.896,valid_checkpoint_order_thirds
Lunar,Protected,raw_router,lunar_primary_frozen,111,4,20000,Early,1,0.293776312433,0.108,1.108,valid_checkpoint_order_thirds
Lunar,Protected,raw_router,lunar_primary_frozen,111,5,25000,Early,1,0.105798752938,-0.084,0.916,valid_checkpoint_order_thirds
Lunar,Protected,raw_router,lunar_primary_frozen,111,6,30000,Early,1,0.545989104296,0.128,1.128,valid_checkpoint_order_thirds
Lunar,Protected,raw_router,lunar_primary_frozen,111,7,35000,Early,1,0.333044697468,-0.064,0.936,valid_checkpoint_order_thirds
Lunar,Protected,raw_router,lunar_primary_frozen,111,8,40000,Early,1,0.275573257342,0.148,1.148,valid_checkpoint_order_thirds
Lunar,Protected,raw_router,lunar_primary_frozen,111,9,45000,Early,1,0.481740753725,-0.044,0.956,valid_checkpoint_order_thirds
Lunar,Protected,raw_router,lunar_primary_frozen,111,10,50000,Early,1,0.271861094756,0.168,1.168,valid_checkpoint_order_thirds
Lunar,Protected,raw_router,lunar_primary_frozen,111,11,55000,Early,1,0.420281421745,-0.024,0.976,valid_checkpoint_order_thirds
Lunar,Protected,raw_router,lunar_primary_frozen,111,12,60000,Early,1,0.26410776749,0.188,1.188,valid_checkpoint_order_thirds
Lunar,Protected,raw_router,lunar_primary_frozen,111,13,65000,Early,1,0.511511081544,-0.004,0.996,valid_checkpoint_order_thirds
Lunar,Protected,raw_router,lunar_primary_frozen,111,14,70000,Early,1,0.850190232753,-0.196,0.804,valid_checkpoint_order_thirds
Lunar,Protected,raw_router,lunar_primary_frozen,111,15,75000,Early,1,0.0960207266963,0.016,1.016,valid_checkpoint_order_thirds
Lunar,Protected,raw_router,lunar_primary_frozen,111,16,80000,Early,1,0.88094792408,-0.176,0.824,valid_checkpoint_order_thirds
Lunar,Protected,raw_router,lunar_primary_frozen,111,17,85000,Early,1,0.608278199108,0.036,1.036,valid_checkpoint_order_thirds
Lunar,Protected,raw_router,lunar_primary_frozen,111,18,90000,Early,1,0.368146822221,-0.156,0.844,valid_checkpoint_order_thirds
Lunar,Protected,raw_router,lunar_primary_frozen,111,19,95000,Early,1,0.0109471070469,0.056,1.056,valid_checkpoint_order_thirds
Lunar,Protected,raw_router,lunar_primary_frozen,111,20,100000,Early,1,0.240721359448,-0.136,0.864,valid_checkpoint_order_thirds
Lunar,Protected,raw_router,lunar_primary_frozen,111,21,105000,Early,1,0.000731186693363,0.076,1.076,valid_checkpoint_order_thirds
Lunar,Protected,raw_router,lunar_primary_frozen,111,22,110000,Early,1,0.420064366122,-0.116,0.884,valid_checkpoint_order_thirds
Lunar,Protected,raw_router,lunar_primary_frozen,111,23,115000,Early,1,0.317780949528,0.096,1.096,valid_checkpoint_order_thirds
Lunar,Protected,raw_router,lunar_primary_frozen,111,24,120000,Early,1,0.0491059834383,-0.096,0.904,valid_checkpoint_order_thirds
Lunar,Protected,raw_router,lunar_primary_frozen,111,25,125000,Early,1,0.119051658644,0.116,1.116,valid_checkpoint_order_thirds
Lunar,Protected,raw_router,lunar_primary_frozen,111,26,130000,Early,1,0.890372296188,-0.076,0.924,valid_checkpoint_order_thirds
Lunar,Protected,raw_router,lunar_primary_frozen,111,27,135000,Early,1,0.495440334066,0.136,1.136,valid_checkpoint_order_thirds
Lunar,Protected,raw_router,lunar_primary_frozen,111,28,140000,Early,1,0.0114451574187,-0.056,0.944,valid_checkpoint_order_thirds
Lunar,Protected,raw_router,lunar_primary_frozen,111,29,145000,Early,1,0.765758349248,0.156,1.156,valid_checkpoint_order_thirds
Lunar,Protected,raw_router,lunar_primary_frozen,111,30,150000,Early,1,0.499079042836,-0.036,0.964,valid_checkpoint_order_thirds
Lunar,Protected,raw_router,lunar_primary_frozen,111,31,155000,Early,1,0.0170174337271,0.176,1.176,valid_checkpoint_order_thirds
Lunar,Protected,raw_router,lunar_primary_frozen,111,32,160000,Early,1,0.0100167956908,-0.016,0.984,valid_checkpoint_order_thirds
Lunar,Protected,raw_router,lunar_primary_frozen,111,33,165000,Early,1,0.463103442391,0.196,1.196,valid_checkpoint_order_thirds
Lunar,Protected,raw_router,lunar_primary_frozen,111,34,170000,Early,1,0.332799290114,0.004,1.004,valid_checkpoint_order_thirds
Lunar,Protected,raw_router,lunar_primary_frozen,111,35,175000,Middle,2,0.21561552747,-0.188,1.812,valid_checkpoint_order_thirds
Lunar,Protected,raw_router,lunar_primary_frozen,111,36,180000,Middle,2,0.320882404272,0.024,2.024,valid_checkpoint_order_thirds
Lunar,Protected,raw_router,lunar_primary_frozen,111,37,185000,Middle,2,0.135681599039,-0.168,1.832,valid_checkpoint_order_thirds
Lunar,Protected,raw_router,lunar_primary_frozen,111,38,190000,Middle,2,0.0794212073248,0.044,2.044,valid_checkpoint_order_thirds
Lunar,Protected,raw_router,lunar_primary_frozen,111,39,195000,Middle,2,0.0707275141853,-0.148,1.852,valid_checkpoint_order_thirds
Lunar,Protected,raw_router,lunar_primary_frozen,111,40,200000,Middle,2,3.33836190745e-05,0.064,2.064,valid_checkpoint_order_thirds
Lunar,Protected,raw_router,lunar_primary_frozen,111,41,205000,Middle,2,0.265851591822,-0.128,1.872,valid_checkpoint_order_thirds
Lunar,Protected,raw_router,lunar_primary_frozen,111,42,210000,Middle,2,0.00276695428661,0.084,2.084,valid_checkpoint_order_thirds
Lunar,Protected,raw_router,lunar_primary_frozen,111,43,215000,Middle,2,0.110079169431,-0.108,1.892,valid_checkpoint_order_thirds
Lunar,Protected,raw_router,lunar_primary_frozen,111,44,220000,Middle,2,0.00799033441446,0.104,2.104,valid_checkpoint_order_thirds
Lunar,Protected,raw_router,lunar_primary_frozen,111,45,225000,Middle,2,0.0254253668535,-0.088,1.912,valid_checkpoint_order_thirds
Lunar,Protected,raw_router,lunar_primary_frozen,111,46,230000,Middle,2,0.0269842778611,0.124,2.124,valid_checkpoint_order_thirds
Lunar,Protected,raw_router,lunar_primary_frozen,111,47,235000,Middle,2,0.00865532275516,-0.068,1.932,valid_checkpoint_order_thirds
Lunar,Protected,raw_router,lunar_primary_frozen,111,48,240000,Middle,2,0.00258950210307,0.144,2.144,valid_checkpoint_order_thirds
Lunar,Protected,raw_router,lunar_primary_frozen,111,49,245000,Middle,2,0.00630687302372,-0.048,1.952,valid_checkpoint_order_thirds
Lunar,Protected,raw_router,lunar_primary_frozen,111,50,250000,Middle,2,0.0826088361248,0.164,2.164,valid_checkpoint_order_thirds
Lunar,Protected,raw_router,lunar_primary_frozen,111,51,255000,Middle,2,0.00184128222313,-0.028,1.972,valid_checkpoint_order_thirds
Lunar,Protected,raw_router,lunar_primary_frozen,111,52,260000,Middle,2,0.0683642588947,0.184,2.184,valid_checkpoint_order_thirds
Lunar,Protected,raw_router,lunar_primary_frozen,111,53,265000,Middle,2,0.00390705476974,-0.008,1.992,valid_checkpoint_order_thirds
Lunar,Protected,raw_router,lunar_primary_frozen,111,54,270000,Middle,2,0.000405702158621,-0.2,1.8,valid_checkpoint_order_thirds
Lunar,Protected,raw_router,lunar_primary_frozen,111,55,275000,Middle,2,0.489661527318,0.012,2.012,valid_checkpoint_order_thirds
Lunar,Protected,raw_router,lunar_primary_frozen,111,56,280000,Middle,2,0.000528288730393,-0.18,1.82,valid_checkpoint_order_thirds
Lunar,Protected,raw_router,lunar_primary_frozen,111,57,285000,Middle,2,0.000212485414704,0.032,2.032,valid_checkpoint_order_thirds
Lunar,Protected,raw_router,lunar_primary_frozen,111,58,290000,Middle,2,0.111804837183,-0.16,1.84,valid_checkpoint_order_thirds
Lunar,Protected,raw_router,lunar_primary_frozen,111,59,295000,Middle,2,0.00751456142996,0.052,2.052,valid_checkpoint_order_thirds
Lunar,Protected,raw_router,lunar_primary_frozen,111,60,300000,Middle,2,0.00661707576648,-0.14,1.86,valid_checkpoint_order_thirds
Lunar,Protected,raw_router,lunar_primary_frozen,111,61,305000,Middle,2,0.254040913974,0.072,2.072,valid_checkpoint_order_thirds
Lunar,Protected,raw_router,lunar_primary_frozen,111,62,310000,Middle,2,0.307086495382,-0.12,1.88,valid_checkpoint_order_thirds
Lunar,Protected,raw_router,lunar_primary_frozen,111,63,315000,Middle,2,0.277805345721,0.092,2.092,valid_checkpoint_order_thirds
Lunar,Protected,raw_router,lunar_primary_frozen,111,64,320000,Middle,2,0.432751943757,-0.1,1.9,valid_checkpoint_order_thirds
Lunar,Protected,raw_router,lunar_primary_frozen,111,65,325000,Middle,2,5.04487391243e-10,0.112,2.112,valid_checkpoint_order_thirds
Lunar,Protected,raw_router,lunar_primary_frozen,111,66,330000,Middle,2,0.0035665661883,-0.08,1.92,valid_checkpoint_order_thirds
Lunar,Protected,raw_router,lunar_primary_frozen,111,67,335000,Middle,2,0.000403049925771,0.132,2.132,valid_checkpoint_order_thirds
Lunar,Protected,raw_router,lunar_primary_frozen,111,68,340000,Late,3,0.0929888717948,-0.06,2.94,valid_checkpoint_order_thirds
Lunar,Protected,raw_router,lunar_primary_frozen,111,69,345000,Late,3,0.241606947549,0.152,3.152,valid_checkpoint_order_thirds
Lunar,Protected,raw_router,lunar_primary_frozen,111,70,350000,Late,3,0.173493322417,-0.04,2.96,valid_checkpoint_order_thirds
Lunar,Protected,raw_router,lunar_primary_frozen,111,71,355000,Late,3,0.0158267572359,0.172,3.172,valid_checkpoint_order_thirds
Lunar,Protected,raw_router,lunar_primary_frozen,111,72,360000,Late,3,0.00885340300578,-0.02,2.98,valid_checkpoint_order_thirds
Lunar,Protected,raw_router,lunar_primary_frozen,111,73,365000,Late,3,0.18181781673,0.192,3.192,valid_checkpoint_order_thirds
Lunar,Protected,raw_router,lunar_primary_frozen,111,74,370000,Late,3,0.229926173334,0,3,valid_checkpoint_order_thirds
Lunar,Protected,raw_router,lunar_primary_frozen,111,75,375000,Late,3,0.0355950355458,-0.192,2.808,valid_checkpoint_order_thirds
Lunar,Protected,raw_router,lunar_primary_frozen,111,76,380000,Late,3,0.029297331697,0.02,3.02,valid_checkpoint_order_thirds
Lunar,Protected,raw_router,lunar_primary_frozen,111,77,385000,Late,3,0.0193646417653,-0.172,2.828,valid_checkpoint_order_thirds
Lunar,Protected,raw_router,lunar_primary_frozen,111,78,390000,Late,3,7.31413182736e-09,0.04,3.04,valid_checkpoint_order_thirds
Lunar,Protected,raw_router,lunar_primary_frozen,111,79,395000,Late,3,0.0961297716326,-0.152,2.848,valid_checkpoint_order_thirds
Lunar,Protected,raw_router,lunar_primary_frozen,111,80,400000,Late,3,0.00106946381385,0.06,3.06,valid_checkpoint_order_thirds
Lunar,Protected,raw_router,lunar_primary_frozen,111,81,405000,Late,3,0.0150108050095,-0.132,2.868,valid_checkpoint_order_thirds
Lunar,Protected,raw_router,lunar_primary_frozen,111,82,410000,Late,3,0.000130879338958,0.08,3.08,valid_checkpoint_order_thirds
Lunar,Protected,raw_router,lunar_primary_frozen,111,83,415000,Late,3,0.000332737747858,-0.112,2.888,valid_checkpoint_order_thirds
Lunar,Protected,raw_router,lunar_primary_frozen,111,84,420000,Late,3,0.317275274232,0.1,3.1,valid_checkpoint_order_thirds
Lunar,Protected,raw_router,lunar_primary_frozen,111,85,425000,Late,3,0.0160201600053,-0.092,2.908,valid_checkpoint_order_thirds
Lunar,Protected,raw_router,lunar_primary_frozen,111,86,430000,Late,3,0.754908817804,0.12,3.12,valid_checkpoint_order_thirds
Lunar,Protected,raw_router,lunar_primary_frozen,111,87,435000,Late,3,0.000783247842386,-0.072,2.928,valid_checkpoint_order_thirds
Lunar,Protected,raw_router,lunar_primary_frozen,111,88,440000,Late,3,0.00110072583315,0.14,3.14,valid_checkpoint_order_thirds
Lunar,Protected,raw_router,lunar_primary_frozen,111,89,445000,Late,3,0.000168930279231,-0.052,2.948,valid_checkpoint_order_thirds
Lunar,Protected,raw_router,lunar_primary_frozen,111,90,450000,Late,3,9.67359466419e-06,0.16,3.16,valid_checkpoint_order_thirds
Lunar,Protected,raw_router,lunar_primary_frozen,111,91,455000,Late,3,0.000193868750881,-0.032,2.968,valid_checkpoint_order_thirds
Lunar,Protected,raw_router,lunar_primary_frozen,111,92,460000,Late,3,0.00721971106437,0.18,3.18,valid_checkpoint_order_thirds
Lunar,Protected,raw_router,lunar_primary_frozen,111,93,465000,Late,3,0.000205309546359,-0.012,2.988,valid_checkpoint_order_thirds
Lunar,Protected,raw_router,lunar_primary_frozen,111,94,470000,Late,3,0.051698725026,0.2,3.2,valid_checkpoint_order_thirds
Lunar,Protected,raw_router,lunar_primary_frozen,111,95,475000,Late,3,0.000588793319998,0.008,3.008,valid_checkpoint_order_thirds
Lunar,Protected,raw_router,lunar_primary_frozen,111,96,480000,Late,3,0.00113305690733,-0.184,2.816,valid_checkpoint_order_thirds
Lunar,Protected,raw_router,lunar_primary_frozen,111,97,485000,Late,3,0.00717819684329,0.028,3.028,valid_checkpoint_order_thirds
Lunar,Protected,raw_router,lunar_primary_frozen,111,98,490000,Late,3,0.000850902599033,-0.164,2.836,valid_checkpoint_order_thirds
Lunar,Protected,raw_router,lunar_primary_frozen,111,99,495000,Late,3,0.441026686197,0.048,3.048,valid_checkpoint_order_thirds
Lunar,Protected,raw_router,lunar_primary_frozen,111,100,500000,Late,3,0.00096086690172,-0.144,2.856,valid_checkpoint_order_thirds
