environment,method,weight_type,phase,phase_order,entropy_grid,density,density_scaled,n_observations,mean_entropy,median_entropy,bandwidth,kde_boundary
Crop,Anchored,raw_router,Early,1,0,51.27763845,1,200,0.0136158198471,0,0.015,reflection_0_1
Crop,Anchored,raw_router,Early,1,0.005,48.5154755309,0.946133187825,200,0.0136158198471,0,0.015,reflection_0_1
Crop,Anchored,raw_router,Early,1,0.01,41.0925061864,0.801372828946,200,0.0136158198471,0,0.015,reflection_0_1
Crop,Anchored,raw_router,Early,1,0.015,31.1653140546,0.607775923319,200,0.0136158198471,0,0.015,reflection_0_1
Crop,Anchored,raw_router,Early,1,0.02,21.1763880073,0.412975102742,200,0.0136158198471,0,0.015,reflection_0_1
Crop,Anchored,raw_router,Early,1,0.025,12.9092902743,0.251752823736,200,0.0136158198471,0,0.015,reflection_0_1
Crop,Anchored,raw_router,Early,1,0.03,7.08438645358,0.138157424322,200,0.0136158198471,0,0.015,reflection_0_1
Crop,Anchored,raw_router,Early,1,0.035,3.53007327998,0.0688423528595,200,0.0136158198471,0,0.015,reflection_0_1
Crop,Anchored,raw_router,Early,1,0.04,1.63265644011,0.0318395403817,200,0.0136158198471,0,0.015,reflection_0_1
Crop,Anchored,raw_router,Early,1,0.045,0.740106102619,0.0144333109907,200,0.0136158198471,0,0.015,reflection_0_1
Crop,Anchored,raw_router,Early,1,0.05,0.368081191143,0.00717820091308,200,0.0136158198471,0,0.015,reflection_0_1
Crop,Anchored,raw_router,Early,1,0.055,0.230153332412,0.00448837620782,200,0.0136158198471,0,0.015,reflection_0_1
Crop,Anchored,raw_router,Early,1,0.06,0.18368924841,0.00358224859728,200,0.0136158198471,0,0.015,reflection_0_1
Crop,Anchored,raw_router,Early,1,0.065,0.165879802677,0.00323493451904,200,0.0136158198471,0,0.015,reflection_0_1
Crop,Anchored,raw_router,Early,1,0.07,0.151165788756,0.00294798655564,200,0.0136158198471,0,0.015,reflection_0_1
Crop,Anchored,raw_router,Early,1,0.075,0.130732112909,0.00254949558639,200,0.0136158198471,0,0.015,reflection_0_1
Crop,Anchored,raw_router,Early,1,0.08,0.104219811589,0.00203246121972,200,0.0136158198471,0,0.015,reflection_0_1
Crop,Anchored,raw_router,Early,1,0.085,0.0755043940204,0.00147246238912,200,0.0136158198471,0,0.015,reflection_0_1
Crop,Anchored,raw_router,Early,1,0.09,0.0493484639323,0.00096237785951,200,0.0136158198471,0,0.015,reflection_0_1
Crop,Anchored,raw_router,Early,1,0.095,0.0289859392855,0.000565274458062,200,0.0136158198471,0,0.015,reflection_0_1
Crop,Anchored,raw_router,Early,1,0.1,0.0152697556737,0.000297785860177,200,0.0136158198471,0,0.015,reflection_0_1
Crop,Anchored,raw_router,Early,1,0.105,0.00720678818358,0.000140544463462,200,0.0136158198471,0,0.015,reflection_0_1
Crop,Anchored,raw_router,Early,1,0.11,0.00304558238342,5.9393967341e-05,200,0.0136158198471,0,0.015,reflection_0_1
Crop,Anchored,raw_router,Early,1,0.115,0.00115209465293,2.24677790896e-05,200,0.0136158198471,0,0.015,reflection_0_1
Crop,Anchored,raw_router,Early,1,0.12,0.000390055921076,7.6067450231e-06,200,0.0136158198471,0,0.015,reflection_0_1
Crop,Anchored,raw_router,Early,1,0.125,0.000118181784068,2.30474311298e-06,200,0.0136158198471,0,0.015,reflection_0_1
Crop,Anchored,raw_router,Early,1,0.13,3.20435222401e-05,6.24902456679e-07,200,0.0136158198471,0,0.015,reflection_0_1
Crop,Anchored,raw_router,Early,1,0.135,7.7747430584e-06,1.5162053662e-07,200,0.0136158198471,0,0.015,reflection_0_1
Crop,Anchored,raw_router,Early,1,0.14,1.68803987841e-06,3.29196103689e-08,200,0.0136158198471,0,0.015,reflection_0_1
Crop,Anchored,raw_router,Early,1,0.145,3.27964976448e-07,6.39586740657e-09,200,0.0136158198471,0,0.015,reflection_0_1
Crop,Anchored,raw_router,Early,1,0.15,5.70189079015e-08,1.11196438886e-09,200,0.0136158198471,0,0.015,reflection_0_1
Crop,Anchored,raw_router,Early,1,0.155,8.87066591494e-09,1.72992871417e-10,200,0.0136158198471,0,0.015,reflection_0_1
Crop,Anchored,raw_router,Early,1,0.16,1.23492064969e-09,2.40830250186e-11,200,0.0136158198471,0,0.015,reflection_0_1
Crop,Anchored,raw_router,Early,1,0.165,1.53839256748e-10,3.0001236679e-12,200,0.0136158198471,0,0.015,reflection_0_1
Crop,Anchored,raw_router,Early,1,0.17,1.71490660673e-11,3.34435566568e-13,200,0.0136158198471,0,0.015,reflection_0_1
Crop,Anchored,raw_router,Early,1,0.175,1.71064107558e-12,3.33603716413e-14,200,0.0136158198471,0,0.015,reflection_0_1
Crop,Anchored,raw_router,Early,1,0.18,1.52694153966e-13,2.97779224202e-15,200,0.0136158198471,0,0.015,reflection_0_1
Crop,Anchored,raw_router,Early,1,0.185,1.21963814685e-14,2.37849905673e-16,200,0.0136158198471,0,0.015,reflection_0_1
Crop,Anchored,raw_router,Early,1,0.19,8.717353464e-16,1.70003021346e-17,200,0.0136158198471,0,0.015,reflection_0_1
Crop,Anchored,raw_router,Early,1,0.195,5.57549427985e-17,1.08731494827e-18,200,0.0136158198471,0,0.015,reflection_0_1
Crop,Anchored,raw_router,Early,1,0.2,3.19100256716e-18,6.22299049569e-20,200,0.0136158198471,0,0.015,reflection_0_1
Crop,Anchored,raw_router,Early,1,0.205,1.63424058451e-19,3.18704338559e-21,200,0.0136158198471,0,0.015,reflection_0_1
Crop,Anchored,raw_router,Early,1,0.21,7.48944934412e-21,1.46056830433e-22,200,0.0136158198471,0,0.015,reflection_0_1
Crop,Anchored,raw_router,Early,1,0.215,3.07134669001e-22,5.98964145551e-24,200,0.0136158198471,0,0.015,reflection_0_1
Crop,Anchored,raw_router,Early,1,0.22,1.1270750963e-23,2.19798557493e-25,200,0.0136158198471,0,0.015,reflection_0_1
Crop,Anchored,raw_router,Early,1,0.225,3.70102418739e-25,7.21761824308e-27,200,0.0136158198471,0,0.015,reflection_0_1
Crop,Anchored,raw_router,Early,1,0.23,1.08751699003e-26,2.12084062937e-28,200,0.0136158198471,0,0.015,reflection_0_1
Crop,Anchored,raw_router,Early,1,0.235,2.85953380687e-28,5.57657078857e-30,200,0.0136158198471,0,0.015,reflection_0_1
Crop,Anchored,raw_router,Early,1,0.24,6.72820906432e-30,1.31211367522e-31,200,0.0136158198471,0,0.015,reflection_0_1
Crop,Anchored,raw_router,Early,1,0.245,1.41660502972e-31,2.7626175318e-33,200,0.0136158198471,0,0.015,reflection_0_1
Crop,Anchored,raw_router,Early,1,0.25,2.66901177532e-33,5.20502085508e-35,200,0.0136158198471,0,0.015,reflection_0_1
Crop,Anchored,raw_router,Early,1,0.255,4.82109330063e-35,9.40194097537e-37,200,0.0136158198471,0,0.015,reflection_0_1
Crop,Anchored,raw_router,Early,1,0.26,2.05193631708e-34,4.00162015862e-36,200,0.0136158198471,0,0.015,reflection_0_1
Crop,Anchored,raw_router,Early,1,0.265,1.16451180909e-32,2.27099344722e-34,200,0.0136158198471,0,0.015,reflection_0_1
Crop,Anchored,raw_router,Early,1,0.27,5.93345212509e-31,1.15712273506e-32,200,0.0136158198471,0,0.015,reflection_0_1
Crop,Anchored,raw_router,Early,1,0.275,2.70530594741e-29,5.27580058128e-31,200,0.0136158198471,0,0.015,reflection_0_1
Crop,Anchored,raw_router,Early,1,0.28,1.10374916914e-27,2.1524961026e-29,200,0.0136158198471,0,0.015,reflection_0_1
Crop,Anchored,raw_router,Early,1,0.285,4.02966969853e-26,7.85853214059e-28,200,0.0136158198471,0,0.015,reflection_0_1
Crop,Anchored,raw_router,Early,1,0.29,1.31647788252e-24,2.56735279221e-26,200,0.0136158198471,0,0.015,reflection_0_1
Crop,Anchored,raw_router,Early,1,0.295,3.84859970508e-23,7.50541526757e-25,200,0.0136158198471,0,0.015,reflection_0_1
Crop,Anchored,raw_router,Early,1,0.3,1.00678555293e-21,1.96340077929e-23,200,0.0136158198471,0,0.015,reflection_0_1
Crop,Anchored,raw_router,Early,1,0.305,2.35676492032e-20,4.59608708895e-22,200,0.0136158198471,0,0.015,reflection_0_1
Crop,Anchored,raw_router,Early,1,0.31,4.93674406975e-19,9.62747938278e-21,200,0.0136158198471,0,0.015,reflection_0_1
Crop,Anchored,raw_router,Early,1,0.315,9.2535850046e-18,1.80460436251e-19,200,0.0136158198471,0,0.015,reflection_0_1
Crop,Anchored,raw_router,Early,1,0.32,1.5521170953e-16,3.0268888003e-18,200,0.0136158198471,0,0.015,reflection_0_1
Crop,Anchored,raw_router,Early,1,0.325,2.32961419583e-15,4.54313861997e-17,200,0.0136158198471,0,0.015,reflection_0_1
Crop,Anchored,raw_router,Early,1,0.33,3.12887767599e-14,6.10183653258e-16,200,0.0136158198471,0,0.015,reflection_0_1
Crop,Anchored,raw_router,Early,1,0.335,3.76043620529e-13,7.33348164806e-15,200,0.0136158198471,0,0.015,reflection_0_1
Crop,Anchored,raw_router,Early,1,0.34,4.04420283149e-12,7.8868741887e-14,200,0.0136158198471,0,0.015,reflection_0_1
Crop,Anchored,raw_router,Early,1,0.345,3.89199882531e-11,7.59005083494e-13,200,0.0136158198471,0,0.015,reflection_0_1
Crop,Anchored,raw_router,Early,1,0.35,3.35164143592e-10,6.53626324697e-12,200,0.0136158198471,0,0.015,reflection_0_1
Crop,Anchored,raw_router,Early,1,0.355,2.58278051702e-09,5.03685543073e-11,200,0.0136158198471,0,0.015,reflection_0_1
Crop,Anchored,raw_router,Early,1,0.36,1.78099457424e-08,3.4732382927e-10,200,0.0136158198471,0,0.015,reflection_0_1
Crop,Anchored,raw_router,Early,1,0.365,1.09896262582e-07,2.14316153987e-09,200,0.0136158198471,0,0.015,reflection_0_1
Crop,Anchored,raw_router,Early,1,0.37,6.06804312406e-07,1.18337023847e-08,200,0.0136158198471,0,0.015,reflection_0_1
Crop,Anchored,raw_router,Early,1,0.375,2.99819696983e-06,5.84698722572e-08,200,0.0136158198471,0,0.015,reflection_0_1
Crop,Anchored,raw_router,Early,1,0.38,1.32561726413e-05,2.58517612003e-07,200,0.0136158198471,0,0.015,reflection_0_1
Crop,Anchored,raw_router,Early,1,0.385,5.24474147515e-05,1.02281260091e-06,200,0.0136158198471,0,0.015,reflection_0_1
Crop,Anchored,raw_router,Early,1,0.39,0.000185686743504,3.62120310368e-06,200,0.0136158198471,0,0.015,reflection_0_1
Crop,Anchored,raw_router,Early,1,0.395,0.000588294132058,1.14727228055e-05,200,0.0136158198471,0,0.015,reflection_0_1
Crop,Anchored,raw_router,Early,1,0.4,0.00166792639824,3.25273637526e-05,200,0.0136158198471,0,0.015,reflection_0_1
Crop,Anchored,raw_router,Early,1,0.405,0.00423206265683,8.25323237333e-05,200,0.0136158198471,0,0.015,reflection_0_1
Crop,Anchored,raw_router,Early,1,0.41,0.00961100278862,0.00018743068283,200,0.0136158198471,0,0.015,reflection_0_1
Crop,Anchored,raw_router,Early,1,0.415,0.0195399999755,0.000381062790061,200,0.0136158198471,0,0.015,reflection_0_1
Crop,Anchored,raw_router,Early,1,0.42,0.0355808596688,0.000693886472628,200,0.0136158198471,0,0.015,reflection_0_1
Crop,Anchored,raw_router,Early,1,0.425,0.0580816502619,0.0011326896483,200,0.0136158198471,0,0.015,reflection_0_1
Crop,Anchored,raw_router,Early,1,0.43,0.085148818346,0.001660544848,200,0.0136158198471,0,0.015,reflection_0_1
Crop,Anchored,raw_router,Early,1,0.435,0.112508222843,0.00219409914817,200,0.0136158198471,0,0.015,reflection_0_1
Crop,Anchored,raw_router,Early,1,0.44,0.134906504439,0.00263090322638,200,0.0136158198471,0,0.015,reflection_0_1
Crop,Anchored,raw_router,Early,1,0.445,0.148655802552,0.00289903761261,200,0.0136158198471,0,0.015,reflection_0_1
Crop,Anchored,raw_router,Early,1,0.45,0.153732034402,0.00299803265222,200,0.0136158198471,0,0.015,reflection_0_1
Crop,Anchored,raw_router,Early,1,0.455,0.153700252753,0.00299741285674,200,0.0136158198471,0,0.015,reflection_0_1
Crop,Anchored,raw_router,Early,1,0.46,0.153179015441,0.00298724785445,200,0.0136158198471,0,0.015,reflection_0_1
Crop,Anchored,raw_router,Early,1,0.465,0.154579479244,0.00301455924876,200,0.0136158198471,0,0.015,reflection_0_1
Crop,Anchored,raw_router,Early,1,0.47,0.156653746455,0.00305501094026,200,0.0136158198471,0,0.015,reflection_0_1
Crop,Anchored,raw_router,Early,1,0.475,0.156056609677,0.003043365771,200,0.0136158198471,0,0.015,reflection_0_1
Crop,Anchored,raw_router,Early,1,0.48,0.150670712215,0.00293833173229,200,0.0136158198471,0,0.015,reflection_0_1
Crop,Anchored,raw_router,Early,1,0.485,0.141954933924,0.00276835942948,200,0.0136158198471,0,0.015,reflection_0_1
Crop,Anchored,raw_router,Early,1,0.49,0.134334077315,0.00261973993685,200,0.0136158198471,0,0.015,reflection_0_1
Crop,Anchored,raw_router,Early,1,0.495,0.132011251187,0.00257444092936,200,0.0136158198471,0,0.015,reflection_0_1
Crop,Anchored,raw_router,Early,1,0.5,0.135612101645,0.00264466355597,200,0.0136158198471,0,0.015,reflection_0_1
Crop,Anchored,raw_router,Early,1,0.505,0.141196120785,0.00275356129988,200,0.0136158198471,0,0.015,reflection_0_1
Crop,Anchored,raw_router,Early,1,0.51,0.142392282813,0.00277688846673,200,0.0136158198471,0,0.015,reflection_0_1
Crop,Anchored,raw_router,Early,1,0.515,0.134159493108,0.00261633525185,200,0.0136158198471,0,0.015,reflection_0_1
Crop,Anchored,raw_router,Early,1,0.52,0.115633185394,0.00225504116198,200,0.0136158198471,0,0.015,reflection_0_1
Crop,Anchored,raw_router,Early,1,0.525,0.0903861629754,0.00176268185719,200,0.0136158198471,0,0.015,reflection_0_1
Crop,Anchored,raw_router,Early,1,0.53,0.0643878208447,0.00125567055721,200,0.0136158198471,0,0.015,reflection_0_1
Crop,Anchored,raw_router,Early,1,0.535,0.0433878201753,0.000846135303551,200,0.0136158198471,0,0.015,reflection_0_1
Crop,Anchored,raw_router,Early,1,0.54,0.0313693571405,0.000611755105903,200,0.0136158198471,0,0.015,reflection_0_1
Crop,Anchored,raw_router,Early,1,0.545,0.0304729192284,0.000594273062284,200,0.0136158198471,0,0.015,reflection_0_1
Crop,Anchored,raw_router,Early,1,0.55,0.0415917001531,0.000811107949006,200,0.0136158198471,0,0.015,reflection_0_1
Crop,Anchored,raw_router,Early,1,0.555,0.0645949448115,0.00125970982214,200,0.0136158198471,0,0.015,reflection_0_1
Crop,Anchored,raw_router,Early,1,0.56,0.0978217533515,0.00190768834736,200,0.0136158198471,0,0.015,reflection_0_1
Crop,Anchored,raw_router,Early,1,0.565,0.137380593521,0.0026791521153,200,0.0136158198471,0,0.015,reflection_0_1
Crop,Anchored,raw_router,Early,1,0.57,0.177129314073,0.00345431886934,200,0.0136158198471,0,0.015,reflection_0_1
Crop,Anchored,raw_router,Early,1,0.575,0.209772815782,0.0040909219325,200,0.0136158198471,0,0.015,reflection_0_1
Crop,Anchored,raw_router,Early,1,0.58,0.228738890004,0.00446079220724,200,0.0136158198471,0,0.015,reflection_0_1
Crop,Anchored,raw_router,Early,1,0.585,0.230033472571,0.00448603873978,200,0.0136158198471,0,0.015,reflection_0_1
Crop,Anchored,raw_router,Early,1,0.59,0.213373262458,0.00416113668467,200,0.0136158198471,0,0.015,reflection_0_1
Crop,Anchored,raw_router,Early,1,0.595,0.182252680588,0.00355423311401,200,0.0136158198471,0,0.015,reflection_0_1
Crop,Anchored,raw_router,Early,1,0.6,0.142913674154,0.00278705647283,200,0.0136158198471,0,0.015,reflection_0_1
Crop,Anchored,raw_router,Early,1,0.605,0.10248690741,0.00199866668021,200,0.0136158198471,0,0.015,reflection_0_1
Crop,Anchored,raw_router,Early,1,0.61,0.0669416827187,0.00130547514944,200,0.0136158198471,0,0.015,reflection_0_1
Crop,Anchored,raw_router,Early,1,0.615,0.0396741123359,0.000773711768622,200,0.0136158198471,0,0.015,reflection_0_1
Crop,Anchored,raw_router,Early,1,0.62,0.0212653413519,0.000414709842236,200,0.0136158198471,0,0.015,reflection_0_1
Crop,Anchored,raw_router,Early,1,0.625,0.0102808007612,0.000200492867299,200,0.0136158198471,0,0.015,reflection_0_1
Crop,Anchored,raw_router,Early,1,0.63,0.00447362028746,8.7243102894e-05,200,0.0136158198471,0,0.015,reflection_0_1
Crop,Anchored,raw_router,Early,1,0.635,0.00174934866877,3.41152346645e-05,200,0.0136158198471,0,0.015,reflection_0_1
Crop,Anchored,raw_router,Early,1,0.64,0.000613993853602,1.19739105029e-05,200,0.0136158198471,0,0.015,reflection_0_1
Crop,Anchored,raw_router,Early,1,0.645,0.000193261510325,3.76892376808e-06,200,0.0136158198471,0,0.015,reflection_0_1
Crop,Anchored,raw_router,Early,1,0.65,5.45189836808e-05,1.06321167138e-06,200,0.0136158198471,0,0.015,reflection_0_1
Crop,Anchored,raw_router,Early,1,0.655,1.37776559894e-05,2.68687412405e-07,200,0.0136158198471,0,0.015,reflection_0_1
Crop,Anchored,raw_router,Early,1,0.66,3.11808715842e-06,6.08079321253e-08,200,0.0136158198471,0,0.015,reflection_0_1
Crop,Anchored,raw_router,Early,1,0.665,6.31810700999e-07,1.2321368926e-08,200,0.0136158198471,0,0.015,reflection_0_1
Crop,Anchored,raw_router,Early,1,0.67,1.14604299506e-07,2.23497616056e-09,200,0.0136158198471,0,0.015,reflection_0_1
Crop,Anchored,raw_router,Early,1,0.675,1.86071584244e-08,3.62870814392e-10,200,0.0136158198471,0,0.015,reflection_0_1
Crop,Anchored,raw_router,Early,1,0.68,2.70389022895e-09,5.2730396927e-11,200,0.0136158198471,0,0.015,reflection_0_1
Crop,Anchored,raw_router,Early,1,0.685,3.51643779109e-10,6.85764379442e-12,200,0.0136158198471,0,0.015,reflection_0_1
Crop,Anchored,raw_router,Early,1,0.69,4.09264496003e-11,7.98134446853e-13,200,0.0136158198471,0,0.015,reflection_0_1
Crop,Anchored,raw_router,Early,1,0.695,4.26265330729e-12,8.31288927519e-14,200,0.0136158198471,0,0.015,reflection_0_1
Crop,Anchored,raw_router,Early,1,0.7,3.97303129367e-13,7.74807774648e-15,200,0.0136158198471,0,0.015,reflection_0_1
Crop,Anchored,raw_router,Early,1,0.705,3.31378100679e-14,6.4624290567e-16,200,0.0136158198471,0,0.015,reflection_0_1
Crop,Anchored,raw_router,Early,1,0.71,2.47332452676e-15,4.82339788165e-17,200,0.0136158198471,0,0.015,reflection_0_1
Crop,Anchored,raw_router,Early,1,0.715,1.6519268378e-16,3.22153454748e-18,200,0.0136158198471,0,0.015,reflection_0_1
Crop,Anchored,raw_router,Early,1,0.72,9.87303667062e-18,1.92540783255e-19,200,0.0136158198471,0,0.015,reflection_0_1
Crop,Anchored,raw_router,Early,1,0.725,5.28030974345e-19,1.02974901011e-20,200,0.0136158198471,0,0.015,reflection_0_1
Crop,Anchored,raw_router,Early,1,0.73,2.52706072642e-20,4.92819248859e-22,200,0.0136158198471,0,0.015,reflection_0_1
Crop,Anchored,raw_router,Early,1,0.735,1.08222815576e-21,2.11052651501e-23,200,0.0136158198471,0,0.015,reflection_0_1
Crop,Anchored,raw_router,Early,1,0.74,4.14732733727e-23,8.08798428053e-25,200,0.0136158198471,0,0.015,reflection_0_1
Crop,Anchored,raw_router,Early,1,0.745,1.42221010029e-24,2.77354836002e-26,200,0.0136158198471,0,0.015,reflection_0_1
Crop,Anchored,raw_router,Early,1,0.75,4.36420251503e-26,8.5109272715e-28,200,0.0136158198471,0,0.015,reflection_0_1
Crop,Anchored,raw_router,Early,1,0.755,1.19837167922e-27,2.33702587608e-29,200,0.0136158198471,0,0.015,reflection_0_1
Crop,Anchored,raw_router,Early,1,0.76,2.94458131236e-29,5.74242769629e-31,200,0.0136158198471,0,0.015,reflection_0_1
Crop,Anchored,raw_router,Early,1,0.765,6.47441965753e-31,1.26262048199e-32,200,0.0136158198471,0,0.015,reflection_0_1
Crop,Anchored,raw_router,Early,1,0.77,1.27386485134e-32,2.4842502304e-34,200,0.0136158198471,0,0.015,reflection_0_1
Crop,Anchored,raw_router,Early,1,0.775,2.24280249894e-34,4.37384124296e-36,200,0.0136158198471,0,0.015,reflection_0_1
Crop,Anchored,raw_router,Early,1,0.78,3.53348981116e-36,6.89089809509e-38,200,0.0136158198471,0,0.015,reflection_0_1
Crop,Anchored,raw_router,Early,1,0.785,4.98151873294e-38,9.71479748974e-40,200,0.0136158198471,0,0.015,reflection_0_1
Crop,Anchored,raw_router,Early,1,0.79,6.2844140152e-40,1.22556619321e-41,200,0.0136158198471,0,0.015,reflection_0_1
Crop,Anchored,raw_router,Early,1,0.795,7.09435462914e-42,1.38351820474e-43,200,0.0136158198471,0,0.015,reflection_0_1
Crop,Anchored,raw_router,Early,1,0.8,7.16648302046e-44,1.39758445144e-45,200,0.0136158198471,0,0.015,reflection_0_1
Crop,Anchored,raw_router,Early,1,0.805,6.47805050499e-46,1.26332855818e-47,200,0.0136158198471,0,0.015,reflection_0_1
Crop,Anchored,raw_router,Early,1,0.81,5.23995611856e-48,1.02187937607e-49,200,0.0136158198471,0,0.015,reflection_0_1
Crop,Anchored,raw_router,Early,1,0.815,3.79276587486e-50,7.39652992904e-52,200,0.0136158198471,0,0.015,reflection_0_1
Crop,Anchored,raw_router,Early,1,0.82,2.45657191173e-52,4.79072747104e-54,200,0.0136158198471,0,0.015,reflection_0_1
Crop,Anchored,raw_router,Early,1,0.825,1.42379672553e-54,2.7766425455e-56,200,0.0136158198471,0,0.015,reflection_0_1
Crop,Anchored,raw_router,Early,1,0.83,7.38433783749e-57,1.44006979664e-58,200,0.0136158198471,0,0.015,reflection_0_1
Crop,Anchored,raw_router,Early,1,0.835,3.42704798017e-59,6.68331866239e-61,200,0.0136158198471,0,0.015,reflection_0_1
Crop,Anchored,raw_router,Early,1,0.84,1.42322600533e-61,2.77552954534e-63,200,0.0136158198471,0,0.015,reflection_0_1
Crop,Anchored,raw_router,Early,1,0.845,5.28898840415e-64,1.03144149458e-65,200,0.0136158198471,0,0.015,reflection_0_1
Crop,Anchored,raw_router,Early,1,0.85,1.75879983913e-66,3.42995483469e-68,200,0.0136158198471,0,0.015,reflection_0_1
Crop,Anchored,raw_router,Early,1,0.855,5.23365725124e-69,1.02065099124e-70,200,0.0136158198471,0,0.015,reflection_0_1
Crop,Anchored,raw_router,Early,1,0.86,1.39360339538e-71,2.71776048489e-73,200,0.0136158198471,0,0.015,reflection_0_1
Crop,Anchored,raw_router,Early,1,0.865,3.32061229618e-74,6.4757512174e-76,200,0.0136158198471,0,0.015,reflection_0_1
Crop,Anchored,raw_router,Early,1,0.87,7.08014587046e-77,1.38074725835e-78,200,0.0136158198471,0,0.015,reflection_0_1
Crop,Anchored,raw_router,Early,1,0.875,1.35086296961e-79,2.63440948227e-81,200,0.0136158198471,0,0.015,reflection_0_1
Crop,Anchored,raw_router,Early,1,0.88,2.30635122935e-82,4.49777193152e-84,200,0.0136158198471,0,0.015,reflection_0_1
Crop,Anchored,raw_router,Early,1,0.885,3.52358418765e-85,6.87158046696e-87,200,0.0136158198471,0,0.015,reflection_0_1
Crop,Anchored,raw_router,Early,1,0.89,4.81713609841e-88,9.39422376695e-90,200,0.0136158198471,0,0.015,reflection_0_1
Crop,Anchored,raw_router,Early,1,0.895,5.89302438787e-91,1.14923864788e-92,200,0.0136158198471,0,0.015,reflection_0_1
Crop,Anchored,raw_router,Early,1,0.9,6.45108282459e-94,1.25806940795e-95,200,0.0136158198471,0,0.015,reflection_0_1
Crop,Anchored,raw_router,Early,1,0.905,6.31934483617e-97,1.23237828948e-98,200,0.0136158198471,0,0.015,reflection_0_1
Crop,Anchored,raw_router,Early,1,0.91,5.53932120818e-100,1.08026059226e-101,200,0.0136158198471,0,0.015,reflection_0_1
Crop,Anchored,raw_router,Early,1,0.915,4.34496318875e-103,8.47340735667e-105,200,0.0136158198471,0,0.015,reflection_0_1
Crop,Anchored,raw_router,Early,1,0.92,3.04972521898e-106,5.94747595864e-108,200,0.0136158198471,0,0.015,reflection_0_1
Crop,Anchored,raw_router,Early,1,0.925,1.91549215794e-109,3.73553115129e-111,200,0.0136158198471,0,0.015,reflection_0_1
Crop,Anchored,raw_router,Early,1,0.93,1.07657701444e-112,2.0995058411e-114,200,0.0136158198471,0,0.015,reflection_0_1
Crop,Anchored,raw_router,Early,1,0.935,5.4144567069e-116,1.05590991913e-117,200,0.0136158198471,0,0.015,reflection_0_1
Crop,Anchored,raw_router,Early,1,0.94,2.43674299059e-119,4.75205774729e-121,200,0.0136158198471,0,0.015,reflection_0_1
Crop,Anchored,raw_router,Early,1,0.945,9.81317679023e-123,1.91373415135e-124,200,0.0136158198471,0,0.015,reflection_0_1
Crop,Anchored,raw_router,Early,1,0.95,3.53634459785e-126,6.89646540821e-128,200,0.0136158198471,0,0.015,reflection_0_1
Crop,Anchored,raw_router,Early,1,0.955,1.14036686752e-129,2.22390675934e-131,200,0.0136158198471,0,0.015,reflection_0_1
Crop,Anchored,raw_router,Early,1,0.96,3.29063460821e-133,6.41728969522e-135,200,0.0136158198471,0,0.015,reflection_0_1
Crop,Anchored,raw_router,Early,1,0.965,8.49688594586e-137,1.65703534771e-138,200,0.0136158198471,0,0.015,reflection_0_1
Crop,Anchored,raw_router,Early,1,0.97,1.9632923488e-140,3.82874954493e-142,200,0.0136158198471,0,0.015,reflection_0_1
Crop,Anchored,raw_router,Early,1,0.975,4.05933802558e-144,7.91639035705e-146,200,0.0136158198471,0,0.015,reflection_0_1
Crop,Anchored,raw_router,Early,1,0.98,7.51052882907e-148,1.46467915764e-149,200,0.0136158198471,0,0.015,reflection_0_1
Crop,Anchored,raw_router,Early,1,0.985,1.24345729783e-151,2.42495039829e-153,200,0.0136158198471,0,0.015,reflection_0_1
Crop,Anchored,raw_router,Early,1,0.99,1.84219793506e-155,3.59259511698e-157,200,0.0136158198471,0,0.015,reflection_0_1
Crop,Anchored,raw_router,Early,1,0.995,2.44223117005e-159,4.76276061821e-161,200,0.0136158198471,0,0.015,reflection_0_1
Crop,Anchored,raw_router,Early,1,1,5.79445094794e-163,1.13001517291e-164,200,0.0136158198471,0,0.015,reflection_0_1
Crop,Anchored,raw_router,Middle,2,0,51.2597112866,1,200,0.00653806235211,0,0.015,reflection_0_1
Crop,Anchored,raw_router,Middle,2,0.005,48.5063319175,0.946285702748,200,0.00653806235211,0,0.015,reflection_0_1
Crop,Anchored,raw_router,Middle,2,0.01,41.106072859,0.801917760114,200,0.00653806235211,0,0.015,reflection_0_1
Crop,Anchored,raw_router,Middle,2,0.015,31.2064998215,0.608791954505,200,0.00653806235211,0,0.015,reflection_0_1
Crop,Anchored,raw_router,Middle,2,0.02,21.2402424804,0.414365238259,200,0.00653806235211,0,0.015,reflection_0_1
Crop,Anchored,raw_router,Middle,2,0.025,12.9846658564,0.253311334194,200,0.00653806235211,0,0.015,reflection_0_1
Crop,Anchored,raw_router,Middle,2,0.03,7.1596469006,0.139673960717,200,0.00653806235211,0,0.015,reflection_0_1
Crop,Anchored,raw_router,Middle,2,0.035,3.59748068148,0.0701814464262,200,0.00653806235211,0,0.015,reflection_0_1
Crop,Anchored,raw_router,Middle,2,0.04,1.68906115806,0.0329510470439,200,0.00653806235211,0,0.015,reflection_0_1
Crop,Anchored,raw_router,Middle,2,0.045,0.784077271721,0.0152961702679,200,0.00653806235211,0,0.015,reflection_0_1
Crop,Anchored,raw_router,Middle,2,0.05,0.396270056966,0.00773063380616,200,0.00653806235211,0,0.015,reflection_0_1
Crop,Anchored,raw_router,Middle,2,0.055,0.236409141197,0.00461198737299,200,0.00653806235211,0,0.015,reflection_0_1
Crop,Anchored,raw_router,Middle,2,0.06,0.162230838574,0.00316488006862,200,0.00653806235211,0,0.015,reflection_0_1
Crop,Anchored,raw_router,Middle,2,0.065,0.116281694198,0.00226848125515,200,0.00653806235211,0,0.015,reflection_0_1
Crop,Anchored,raw_router,Middle,2,0.07,0.0812214738245,0.00158450899909,200,0.00653806235211,0,0.015,reflection_0_1
Crop,Anchored,raw_router,Middle,2,0.075,0.0549816324651,0.00107260909367,200,0.00653806235211,0,0.015,reflection_0_1
Crop,Anchored,raw_router,Middle,2,0.08,0.0393526294102,0.000767710711247,200,0.00653806235211,0,0.015,reflection_0_1
Crop,Anchored,raw_router,Middle,2,0.085,0.0357912488534,0.000698233524049,200,0.00653806235211,0,0.015,reflection_0_1
Crop,Anchored,raw_router,Middle,2,0.09,0.0443106387117,0.000864434028198,200,0.00653806235211,0,0.015,reflection_0_1
Crop,Anchored,raw_router,Middle,2,0.095,0.0631356007459,0.00123168077153,200,0.00653806235211,0,0.015,reflection_0_1
Crop,Anchored,raw_router,Middle,2,0.1,0.0884145161554,0.00172483445451,200,0.00653806235211,0,0.015,reflection_0_1
Crop,Anchored,raw_router,Middle,2,0.105,0.114485080206,0.00223343201381,200,0.00653806235211,0,0.015,reflection_0_1
Crop,Anchored,raw_router,Middle,2,0.11,0.135379699363,0.00264105465998,200,0.00653806235211,0,0.015,reflection_0_1
Crop,Anchored,raw_router,Middle,2,0.115,0.147289653928,0.00287339999058,200,0.00653806235211,0,0.015,reflection_0_1
Crop,Anchored,raw_router,Middle,2,0.12,0.150470620663,0.00293545587531,200,0.00653806235211,0,0.015,reflection_0_1
Crop,Anchored,raw_router,Middle,2,0.125,0.148914003932,0.00290508862017,200,0.00653806235211,0,0.015,reflection_0_1
Crop,Anchored,raw_router,Middle,2,0.13,0.147544210823,0.00287836601338,200,0.00653806235211,0,0.015,reflection_0_1
Crop,Anchored,raw_router,Middle,2,0.135,0.14869932996,0.00290090065331,200,0.00653806235211,0,0.015,reflection_0_1
Crop,Anchored,raw_router,Middle,2,0.14,0.150435762076,0.00293477583661,200,0.00653806235211,0,0.015,reflection_0_1
Crop,Anchored,raw_router,Middle,2,0.145,0.147928295226,0.00288585892338,200,0.00653806235211,0,0.015,reflection_0_1
Crop,Anchored,raw_router,Middle,2,0.15,0.136898089007,0.00267067616205,200,0.00653806235211,0,0.015,reflection_0_1
Crop,Anchored,raw_router,Middle,2,0.155,0.116547951054,0.00227367552661,200,0.00653806235211,0,0.015,reflection_0_1
Crop,Anchored,raw_router,Middle,2,0.16,0.090066901372,0.001757070009,200,0.00653806235211,0,0.015,reflection_0_1
Crop,Anchored,raw_router,Middle,2,0.165,0.0627304383252,0.00122377666106,200,0.00653806235211,0,0.015,reflection_0_1
Crop,Anchored,raw_router,Middle,2,0.17,0.039234442747,0.000765405066908,200,0.00653806235211,0,0.015,reflection_0_1
Crop,Anchored,raw_router,Middle,2,0.175,0.0219965333932,0.000429119338386,200,0.00653806235211,0,0.015,reflection_0_1
Crop,Anchored,raw_router,Middle,2,0.18,0.0110458294096,0.000215487546307,200,0.00653806235211,0,0.015,reflection_0_1
Crop,Anchored,raw_router,Middle,2,0.185,0.00497127144539,9.69820414632e-05,200,0.00653806235211,0,0.015,reflection_0_1
Crop,Anchored,raw_router,Middle,2,0.19,0.00202668559777,3.95375929147e-05,200,0.00653806235211,0,0.015,reflection_0_1
Crop,Anchored,raw_router,Middle,2,0.195,0.000830644088099,1.62046189346e-05,200,0.00653806235211,0,0.015,reflection_0_1
Crop,Anchored,raw_router,Middle,2,0.2,0.000609477353048,1.18899880189e-05,200,0.00653806235211,0,0.015,reflection_0_1
Crop,Anchored,raw_router,Middle,2,0.205,0.00121484855488,2.36998711929e-05,200,0.00653806235211,0,0.015,reflection_0_1
Crop,Anchored,raw_router,Middle,2,0.21,0.00315166795732,6.14843095721e-05,200,0.00653806235211,0,0.015,reflection_0_1
Crop,Anchored,raw_router,Middle,2,0.215,0.00769936925792,0.000150203133507,200,0.00653806235211,0,0.015,reflection_0_1
Crop,Anchored,raw_router,Middle,2,0.22,0.0170056966413,0.000331755607172,200,0.00653806235211,0,0.015,reflection_0_1
Crop,Anchored,raw_router,Middle,2,0.225,0.0338549425472,0.000660459095406,200,0.00653806235211,0,0.015,reflection_0_1
Crop,Anchored,raw_router,Middle,2,0.23,0.0607897224374,0.0011859162081,200,0.00653806235211,0,0.015,reflection_0_1
Crop,Anchored,raw_router,Middle,2,0.235,0.0985534275438,0.00192262939197,200,0.00653806235211,0,0.015,reflection_0_1
Crop,Anchored,raw_router,Middle,2,0.24,0.144410911344,0.00281724004525,200,0.00653806235211,0,0.015,reflection_0_1
Crop,Anchored,raw_router,Middle,2,0.245,0.191437470416,0.00373465760168,200,0.00653806235211,0,0.015,reflection_0_1
Crop,Anchored,raw_router,Middle,2,0.25,0.229769021201,0.0044824486021,200,0.00653806235211,0,0.015,reflection_0_1
Crop,Anchored,raw_router,Middle,2,0.255,0.249822104515,0.00487365414756,200,0.00653806235211,0,0.015,reflection_0_1
Crop,Anchored,raw_router,Middle,2,0.26,0.246126836054,0.00480156500838,200,0.00653806235211,0,0.015,reflection_0_1
Crop,Anchored,raw_router,Middle,2,0.265,0.219712756768,0.00428626598265,200,0.00653806235211,0,0.015,reflection_0_1
Crop,Anchored,raw_router,Middle,2,0.27,0.177650682065,0.00346569806201,200,0.00653806235211,0,0.015,reflection_0_1
Crop,Anchored,raw_router,Middle,2,0.275,0.130023865225,0.00253657037781,200,0.00653806235211,0,0.015,reflection_0_1
Crop,Anchored,raw_router,Middle,2,0.28,0.0860715443929,0.00167912659343,200,0.00653806235211,0,0.015,reflection_0_1
Crop,Anchored,raw_router,Middle,2,0.285,0.0514811544927,0.00100432002445,200,0.00653806235211,0,0.015,reflection_0_1
Crop,Anchored,raw_router,Middle,2,0.29,0.0277924845835,0.000542189643404,200,0.00653806235211,0,0.015,reflection_0_1
Crop,Anchored,raw_router,Middle,2,0.295,0.0135278513786,0.000263908068132,200,0.00653806235211,0,0.015,reflection_0_1
Crop,Anchored,raw_router,Middle,2,0.3,0.00593061940614,0.000115697479702,200,0.00653806235211,0,0.015,reflection_0_1
Crop,Anchored,raw_router,Middle,2,0.305,0.00233948055257,4.56397528166e-05,200,0.00653806235211,0,0.015,reflection_0_1
Crop,Anchored,raw_router,Middle,2,0.31,0.000829670580439,1.61856272619e-05,200,0.00653806235211,0,0.015,reflection_0_1
Crop,Anchored,raw_router,Middle,2,0.315,0.000264315217328,5.15639301692e-06,200,0.00653806235211,0,0.015,reflection_0_1
Crop,Anchored,raw_router,Middle,2,0.32,7.55922712042e-05,1.4746917083e-06,200,0.00653806235211,0,0.015,reflection_0_1
Crop,Anchored,raw_router,Middle,2,0.325,1.93965481817e-05,3.78397530825e-07,200,0.00653806235211,0,0.015,reflection_0_1
Crop,Anchored,raw_router,Middle,2,0.33,4.4638734524e-06,8.70834684854e-08,200,0.00653806235211,0,0.015,reflection_0_1
Crop,Anchored,raw_router,Middle,2,0.335,9.25426748185e-07,1.80536863154e-08,200,0.00653806235211,0,0.015,reflection_0_1
Crop,Anchored,raw_router,Middle,2,0.34,2.02149084415e-07,3.94362510714e-09,200,0.00653806235211,0,0.015,reflection_0_1
Crop,Anchored,raw_router,Middle,2,0.345,2.18728405076e-07,4.26706275915e-09,200,0.00653806235211,0,0.015,reflection_0_1
Crop,Anchored,raw_router,Middle,2,0.35,1.02012143597e-06,1.99010374886e-08,200,0.00653806235211,0,0.015,reflection_0_1
Crop,Anchored,raw_router,Middle,2,0.355,4.84756894565e-06,9.45687914344e-08,200,0.00653806235211,0,0.015,reflection_0_1
Crop,Anchored,raw_router,Middle,2,0.36,2.06931212532e-05,4.03691724628e-07,200,0.00653806235211,0,0.015,reflection_0_1
Crop,Anchored,raw_router,Middle,2,0.365,7.90533119013e-05,1.5422114155e-06,200,0.00653806235211,0,0.015,reflection_0_1
Crop,Anchored,raw_router,Middle,2,0.37,0.000270246764264,5.27210859134e-06,200,0.00653806235211,0,0.015,reflection_0_1
Crop,Anchored,raw_router,Middle,2,0.375,0.000826696369336,1.61276048691e-05,200,0.00653806235211,0,0.015,reflection_0_1
Crop,Anchored,raw_router,Middle,2,0.38,0.00226295864011,4.41469252033e-05,200,0.00653806235211,0,0.015,reflection_0_1
Crop,Anchored,raw_router,Middle,2,0.385,0.00554309421421,0.000108137445083,200,0.00653806235211,0,0.015,reflection_0_1
Crop,Anchored,raw_router,Middle,2,0.39,0.0121499072196,0.000237026446591,200,0.00653806235211,0,0.015,reflection_0_1
Crop,Anchored,raw_router,Middle,2,0.395,0.0238308054088,0.000464903231224,200,0.00653806235211,0,0.015,reflection_0_1
Crop,Anchored,raw_router,Middle,2,0.4,0.0418263085487,0.000815968476974,200,0.00653806235211,0,0.015,reflection_0_1
Crop,Anchored,raw_router,Middle,2,0.405,0.0656909300896,0.00128153141016,200,0.00653806235211,0,0.015,reflection_0_1
Crop,Anchored,raw_router,Middle,2,0.41,0.0923222419828,0.0018010683179,200,0.00653806235211,0,0.015,reflection_0_1
Crop,Anchored,raw_router,Middle,2,0.415,0.116105376641,0.00226504156436,200,0.00653806235211,0,0.015,reflection_0_1
Crop,Anchored,raw_router,Middle,2,0.42,0.130660217971,0.00254898466439,200,0.00653806235211,0,0.015,reflection_0_1
Crop,Anchored,raw_router,Middle,2,0.425,0.131576849282,0.00256686676494,200,0.00653806235211,0,0.015,reflection_0_1
Crop,Anchored,raw_router,Middle,2,0.43,0.118566129937,0.00231304716631,200,0.00653806235211,0,0.015,reflection_0_1
Crop,Anchored,raw_router,Middle,2,0.435,0.0956063776552,0.00186513687369,200,0.00653806235211,0,0.015,reflection_0_1
Crop,Anchored,raw_router,Middle,2,0.44,0.0689855515497,0.00134580452793,200,0.00653806235211,0,0.015,reflection_0_1
Crop,Anchored,raw_router,Middle,2,0.445,0.0445424883871,0.000868957067239,200,0.00653806235211,0,0.015,reflection_0_1
Crop,Anchored,raw_router,Middle,2,0.45,0.0257356930186,0.000502064728276,200,0.00653806235211,0,0.015,reflection_0_1
Crop,Anchored,raw_router,Middle,2,0.455,0.013305840625,0.000259576971681,200,0.00653806235211,0,0.015,reflection_0_1
Crop,Anchored,raw_router,Middle,2,0.46,0.00615593215069,0.000120092993038,200,0.00653806235211,0,0.015,reflection_0_1
Crop,Anchored,raw_router,Middle,2,0.465,0.00254853375011,4.97180668042e-05,200,0.00653806235211,0,0.015,reflection_0_1
Crop,Anchored,raw_router,Middle,2,0.47,0.000944130465228,1.8418567751e-05,200,0.00653806235211,0,0.015,reflection_0_1
Crop,Anchored,raw_router,Middle,2,0.475,0.000312981517302,6.10579945626e-06,200,0.00653806235211,0,0.015,reflection_0_1
Crop,Anchored,raw_router,Middle,2,0.48,9.28432702055e-05,1.81123279619e-06,200,0.00653806235211,0,0.015,reflection_0_1
Crop,Anchored,raw_router,Middle,2,0.485,2.46449093032e-05,4.80785175815e-07,200,0.00653806235211,0,0.015,reflection_0_1
Crop,Anchored,raw_router,Middle,2,0.49,5.85395091894e-06,1.14201792636e-07,200,0.00653806235211,0,0.015,reflection_0_1
Crop,Anchored,raw_router,Middle,2,0.495,1.24427388759e-06,2.42739152515e-08,200,0.00653806235211,0,0.015,reflection_0_1
Crop,Anchored,raw_router,Middle,2,0.5,2.36661686393e-07,4.61691415056e-09,200,0.00653806235211,0,0.015,reflection_0_1
Crop,Anchored,raw_router,Middle,2,0.505,4.02795843356e-08,7.85794210007e-10,200,0.00653806235211,0,0.015,reflection_0_1
Crop,Anchored,raw_router,Middle,2,0.51,6.13461148176e-09,1.19677058801e-10,200,0.00653806235211,0,0.015,reflection_0_1
Crop,Anchored,raw_router,Middle,2,0.515,8.36053758505e-10,1.63101534816e-11,200,0.00653806235211,0,0.015,reflection_0_1
Crop,Anchored,raw_router,Middle,2,0.52,1.01959195875e-10,1.98907081831e-12,200,0.00653806235211,0,0.015,reflection_0_1
Crop,Anchored,raw_router,Middle,2,0.525,1.11266302768e-11,2.17063849903e-13,200,0.00653806235211,0,0.015,reflection_0_1
Crop,Anchored,raw_router,Middle,2,0.53,1.08654062876e-12,2.11967762106e-14,200,0.00653806235211,0,0.015,reflection_0_1
Crop,Anchored,raw_router,Middle,2,0.535,9.49452716009e-14,1.85223968723e-15,200,0.00653806235211,0,0.015,reflection_0_1
Crop,Anchored,raw_router,Middle,2,0.54,7.42413344473e-15,1.44833696062e-16,200,0.00653806235211,0,0.015,reflection_0_1
Crop,Anchored,raw_router,Middle,2,0.545,5.19473329731e-16,1.01341446663e-17,200,0.00653806235211,0,0.015,reflection_0_1
Crop,Anchored,raw_router,Middle,2,0.55,3.25256361032e-17,6.34526322657e-19,200,0.00653806235211,0,0.015,reflection_0_1
Crop,Anchored,raw_router,Middle,2,0.555,1.82235675029e-18,3.55514439029e-20,200,0.00653806235211,0,0.015,reflection_0_1
Crop,Anchored,raw_router,Middle,2,0.56,9.1366304303e-20,1.78241940912e-21,200,0.00653806235211,0,0.015,reflection_0_1
Crop,Anchored,raw_router,Middle,2,0.565,4.09905527304e-21,7.99664135859e-23,200,0.00653806235211,0,0.015,reflection_0_1
Crop,Anchored,raw_router,Middle,2,0.57,1.64560859965e-22,3.21033528739e-24,200,0.00653806235211,0,0.015,reflection_0_1
Crop,Anchored,raw_router,Middle,2,0.575,5.91172712412e-24,1.15328919647e-25,200,0.00653806235211,0,0.015,reflection_0_1
Crop,Anchored,raw_router,Middle,2,0.58,1.90040983078e-25,3.70741423056e-27,200,0.00653806235211,0,0.015,reflection_0_1
Crop,Anchored,raw_router,Middle,2,0.585,5.46669966391e-27,1.06647102114e-28,200,0.00653806235211,0,0.015,reflection_0_1
Crop,Anchored,raw_router,Middle,2,0.59,1.4071753497e-28,2.74518781784e-30,200,0.00653806235211,0,0.015,reflection_0_1
Crop,Anchored,raw_router,Middle,2,0.595,3.24127799099e-30,6.32324667781e-32,200,0.00653806235211,0,0.015,reflection_0_1
Crop,Anchored,raw_router,Middle,2,0.6,6.68081428626e-32,1.30332655385e-33,200,0.00653806235211,0,0.015,reflection_0_1
Crop,Anchored,raw_router,Middle,2,0.605,1.23221807789e-33,2.40387245063e-35,200,0.00653806235211,0,0.015,reflection_0_1
Crop,Anchored,raw_router,Middle,2,0.61,2.03371836428e-35,3.96747916293e-37,200,0.00653806235211,0,0.015,reflection_0_1
Crop,Anchored,raw_router,Middle,2,0.615,3.00357929642e-37,5.85953221551e-39,200,0.00653806235211,0,0.015,reflection_0_1
Crop,Anchored,raw_router,Middle,2,0.62,3.96946933666e-39,7.74383865424e-41,200,0.00653806235211,0,0.015,reflection_0_1
Crop,Anchored,raw_router,Middle,2,0.625,4.6943001909e-41,9.15787481644e-43,200,0.00653806235211,0,0.015,reflection_0_1
Crop,Anchored,raw_router,Middle,2,0.63,4.96768812718e-43,9.69121363052e-45,200,0.00653806235211,0,0.015,reflection_0_1
Crop,Anchored,raw_router,Middle,2,0.635,4.7041682346e-45,9.17712588801e-47,200,0.00653806235211,0,0.015,reflection_0_1
Crop,Anchored,raw_router,Middle,2,0.64,3.98617558319e-47,7.77643003274e-49,200,0.00653806235211,0,0.015,reflection_0_1
Crop,Anchored,raw_router,Middle,2,0.645,3.02256091261e-49,5.89656249858e-51,200,0.00653806235211,0,0.015,reflection_0_1
Crop,Anchored,raw_router,Middle,2,0.65,2.05087294802e-51,4.00094518003e-53,200,0.00653806235211,0,0.015,reflection_0_1
Crop,Anchored,raw_router,Middle,2,0.655,1.24522407564e-53,2.42924519937e-55,200,0.00653806235211,0,0.015,reflection_0_1
Crop,Anchored,raw_router,Middle,2,0.66,6.76552212769e-56,1.31985178181e-57,200,0.00653806235211,0,0.015,reflection_0_1
Crop,Anchored,raw_router,Middle,2,0.665,3.28927501563e-58,6.41688166607e-60,200,0.00653806235211,0,0.015,reflection_0_1
Crop,Anchored,raw_router,Middle,2,0.67,1.4310147536e-60,2.79169491533e-62,200,0.00653806235211,0,0.015,reflection_0_1
Crop,Anchored,raw_router,Middle,2,0.675,5.57099917197e-63,1.08681828909e-64,200,0.00653806235211,0,0.015,reflection_0_1
Crop,Anchored,raw_router,Middle,2,0.68,1.94073900353e-65,3.7860903911e-67,200,0.00653806235211,0,0.015,reflection_0_1
Crop,Anchored,raw_router,Middle,2,0.685,6.04987263567e-68,1.1802393115e-69,200,0.00653806235211,0,0.015,reflection_0_1
Crop,Anchored,raw_router,Middle,2,0.69,1.68760338223e-70,3.29226080263e-72,200,0.00653806235211,0,0.015,reflection_0_1
Crop,Anchored,raw_router,Middle,2,0.695,4.21249695521e-73,8.21794904707e-75,200,0.00653806235211,0,0.015,reflection_0_1
Crop,Anchored,raw_router,Middle,2,0.7,9.40922535947e-76,1.83559858675e-77,200,0.00653806235211,0,0.015,reflection_0_1
Crop,Anchored,raw_router,Middle,2,0.705,1.88067260495e-78,3.66890986654e-80,200,0.00653806235211,0,0.015,reflection_0_1
Crop,Anchored,raw_router,Middle,2,0.71,3.36370254625e-81,6.56207860291e-83,200,0.00653806235211,0,0.015,reflection_0_1
Crop,Anchored,raw_router,Middle,2,0.715,5.38352863112e-84,1.05024560147e-85,200,0.00653806235211,0,0.015,reflection_0_1
Crop,Anchored,raw_router,Middle,2,0.72,7.7101269299e-87,1.50412999535e-88,200,0.00653806235211,0,0.015,reflection_0_1
Crop,Anchored,raw_router,Middle,2,0.725,9.88100424914e-90,1.92763556429e-91,200,0.00653806235211,0,0.015,reflection_0_1
Crop,Anchored,raw_router,Middle,2,0.73,1.13314556119e-92,2.21059684642e-94,200,0.00653806235211,0,0.015,reflection_0_1
Crop,Anchored,raw_router,Middle,2,0.735,1.16282771774e-95,2.26850227703e-97,200,0.00653806235211,0,0.015,reflection_0_1
Crop,Anchored,raw_router,Middle,2,0.74,1.06780046646e-98,2.08311837828e-100,200,0.00653806235211,0,0.015,reflection_0_1
Crop,Anchored,raw_router,Middle,2,0.745,8.77424778579e-102,1.7117239964e-103,200,0.00653806235211,0,0.015,reflection_0_1
Crop,Anchored,raw_router,Middle,2,0.75,6.45170855828e-105,1.25863146638e-106,200,0.00653806235211,0,0.015,reflection_0_1
Crop,Anchored,raw_router,Middle,2,0.755,4.24506793259e-108,8.28149013337e-110,200,0.00653806235211,0,0.015,reflection_0_1
Crop,Anchored,raw_router,Middle,2,0.76,2.49942210113e-111,4.87599722745e-113,200,0.00653806235211,0,0.015,reflection_0_1
Crop,Anchored,raw_router,Middle,2,0.765,1.31686005609e-114,2.56899624097e-116,200,0.00653806235211,0,0.015,reflection_0_1
Crop,Anchored,raw_router,Middle,2,0.77,6.20847162971e-118,1.21117959385e-119,200,0.00653806235211,0,0.015,reflection_0_1
Crop,Anchored,raw_router,Middle,2,0.775,2.61923722777e-121,5.1097385491e-123,200,0.00653806235211,0,0.015,reflection_0_1
Crop,Anchored,raw_router,Middle,2,0.78,9.88803571339e-125,1.92900729739e-126,200,0.00653806235211,0,0.015,reflection_0_1
Crop,Anchored,raw_router,Middle,2,0.785,3.34033693268e-128,6.51649579921e-130,200,0.00653806235211,0,0.015,reflection_0_1
Crop,Anchored,raw_router,Middle,2,0.79,1.00975399945e-131,1.9698784369e-133,200,0.00653806235211,0,0.015,reflection_0_1
Crop,Anchored,raw_router,Middle,2,0.795,2.73140403222e-135,5.32855914257e-137,200,0.00653806235211,0,0.015,reflection_0_1
Crop,Anchored,raw_router,Middle,2,0.8,6.61152079056e-139,1.28980843329e-140,200,0.00653806235211,0,0.015,reflection_0_1
Crop,Anchored,raw_router,Middle,2,0.805,1.43206208725e-142,2.79373810603e-144,200,0.00653806235211,0,0.015,reflection_0_1
Crop,Anchored,raw_router,Middle,2,0.81,2.77566714109e-146,5.41490982181e-148,200,0.00653806235211,0,0.015,reflection_0_1
Crop,Anchored,raw_router,Middle,2,0.815,4.81413182801e-150,9.39164834755e-152,200,0.00653806235211,0,0.015,reflection_0_1
Crop,Anchored,raw_router,Middle,2,0.82,7.47160029621e-154,1.45759703063e-155,200,0.00653806235211,0,0.015,reflection_0_1
Crop,Anchored,raw_router,Middle,2,0.825,1.03765824263e-157,2.02431542547e-159,200,0.00653806235211,0,0.015,reflection_0_1
Crop,Anchored,raw_router,Middle,2,0.83,1.28955570581e-161,2.51572955337e-163,200,0.00653806235211,0,0.015,reflection_0_1
Crop,Anchored,raw_router,Middle,2,0.835,1.43407191992e-165,2.79765898778e-167,200,0.00653806235211,0,0.015,reflection_0_1
Crop,Anchored,raw_router,Middle,2,0.84,1.42707505362e-169,2.78400915222e-171,200,0.00653806235211,0,0.015,reflection_0_1
Crop,Anchored,raw_router,Middle,2,0.845,1.27077234286e-173,2.47908603261e-175,200,0.00653806235211,0,0.015,reflection_0_1
Crop,Anchored,raw_router,Middle,2,0.85,1.01259027408e-177,1.97541158283e-179,200,0.00653806235211,0,0.015,reflection_0_1
Crop,Anchored,raw_router,Middle,2,0.855,7.22012649974e-182,1.40853826885e-183,200,0.00653806235211,0,0.015,reflection_0_1
Crop,Anchored,raw_router,Middle,2,0.86,4.60681655896e-186,8.98720738633e-188,200,0.00653806235211,0,0.015,reflection_0_1
Crop,Anchored,raw_router,Middle,2,0.865,2.63028064581e-190,5.13128259952e-192,200,0.00653806235211,0,0.015,reflection_0_1
Crop,Anchored,raw_router,Middle,2,0.87,1.34384233034e-194,2.62163460662e-196,200,0.00653806235211,0,0.015,reflection_0_1
Crop,Anchored,raw_router,Middle,2,0.875,6.14383582884e-199,1.19857011962e-200,200,0.00653806235211,0,0.015,reflection_0_1
Crop,Anchored,raw_router,Middle,2,0.88,2.51348295879e-203,4.90342784947e-205,200,0.00653806235211,0,0.015,reflection_0_1
Crop,Anchored,raw_router,Middle,2,0.885,9.20147277487e-208,1.79506917693e-209,200,0.00653806235211,0,0.015,reflection_0_1
Crop,Anchored,raw_router,Middle,2,0.89,3.01428146762e-212,5.88041054457e-214,200,0.00653806235211,0,0.015,reflection_0_1
Crop,Anchored,raw_router,Middle,2,0.895,8.83599210073e-217,1.72376938515e-218,200,0.00653806235211,0,0.015,reflection_0_1
Crop,Anchored,raw_router,Middle,2,0.9,2.31777829747e-221,4.52163744059e-223,200,0.00653806235211,0,0.015,reflection_0_1
Crop,Anchored,raw_router,Middle,2,0.905,5.44043370692e-226,1.06134692732e-227,200,0.00653806235211,0,0.015,reflection_0_1
Crop,Anchored,raw_router,Middle,2,0.91,1.14272100613e-230,2.22927710174e-232,200,0.00653806235211,0,0.015,reflection_0_1
Crop,Anchored,raw_router,Middle,2,0.915,2.14779069575e-235,4.1900171535e-237,200,0.00653806235211,0,0.015,reflection_0_1
Crop,Anchored,raw_router,Middle,2,0.92,3.61234116345e-240,7.04713521161e-242,200,0.00653806235211,0,0.015,reflection_0_1
Crop,Anchored,raw_router,Middle,2,0.925,5.43664056115e-245,1.06060694153e-246,200,0.00653806235211,0,0.015,reflection_0_1
Crop,Anchored,raw_router,Middle,2,0.93,7.32179456747e-250,1.4283721823e-251,200,0.00653806235211,0,0.015,reflection_0_1
Crop,Anchored,raw_router,Middle,2,0.935,8.82367524367e-255,1.72136655127e-256,200,0.00653806235211,0,0.015,reflection_0_1
Crop,Anchored,raw_router,Middle,2,0.94,9.51538903599e-260,1.85630952597e-261,200,0.00653806235211,0,0.015,reflection_0_1
Crop,Anchored,raw_router,Middle,2,0.945,9.18224000745e-265,1.79131715279e-266,200,0.00653806235211,0,0.015,reflection_0_1
Crop,Anchored,raw_router,Middle,2,0.95,7.9289520049e-270,1.54681948179e-271,200,0.00653806235211,0,0.015,reflection_0_1
Crop,Anchored,raw_router,Middle,2,0.955,6.12671946996e-275,1.195230975e-276,200,0.00653806235211,0,0.015,reflection_0_1
Crop,Anchored,raw_router,Middle,2,0.96,4.23628587031e-280,8.26435764849e-282,200,0.00653806235211,0,0.015,reflection_0_1
Crop,Anchored,raw_router,Middle,2,0.965,2.6211240823e-285,5.11341951897e-287,200,0.00653806235211,0,0.015,reflection_0_1
Crop,Anchored,raw_router,Middle,2,0.97,1.45122569627e-290,2.83112342977e-292,200,0.00653806235211,0,0.015,reflection_0_1
Crop,Anchored,raw_router,Middle,2,0.975,7.18997526362e-296,1.40265621541e-297,200,0.00653806235211,0,0.015,reflection_0_1
Crop,Anchored,raw_router,Middle,2,0.98,3.18760786989e-301,6.21854433019e-303,200,0.00653806235211,0,0.015,reflection_0_1
Crop,Anchored,raw_router,Middle,2,0.985,1.26458329954e-306,2.46701213839e-308,200,0.00653806235211,0,0.015,reflection_0_1
Crop,Anchored,raw_router,Middle,2,0.99,4.489263025e-312,8.75787809244e-314,200,0.00653806235211,0,0.015,reflection_0_1
Crop,Anchored,raw_router,Middle,2,0.995,1.42609281904e-317,2.78208365173e-319,200,0.00653806235211,0,0.015,reflection_0_1
Crop,Anchored,raw_router,Middle,2,1,7.90505033346e-323,0,200,0.00653806235211,0,0.015,reflection_0_1
Crop,Anchored,raw_router,Late,3,0,52.660381013,1,200,0.00169111640153,1.40975329902e-43,0.015,reflection_0_1
Crop,Anchored,raw_router,Late,3,0.005,49.8145860555,0.945959468907,200,0.00169111640153,1.40975329902e-43,0.015,reflection_0_1
Crop,Anchored,raw_router,Late,3,0.01,42.167136729,0.800737402917,200,0.00169111640153,1.40975329902e-43,0.015,reflection_0_1
Crop,Anchored,raw_router,Late,3,0.015,31.9401356365,0.606530659713,200,0.00169111640153,1.40975329902e-43,0.015,reflection_0_1
Crop,Anchored,raw_router,Late,3,0.02,21.6493298572,0.411112290507,200,0.00169111640153,1.40975329902e-43,0.015,reflection_0_1
Crop,Anchored,raw_router,Late,3,0.025,13.1309823206,0.249352208777,200,0.00169111640153,1.40975329902e-43,0.015,reflection_0_1
Crop,Anchored,raw_router,Late,3,0.03,7.12680757978,0.135335283237,200,0.00169111640153,1.40975329902e-43,0.015,reflection_0_1
Crop,Anchored,raw_router,Late,3,0.035,3.46128936074,0.0657285286235,200,0.00169111640153,1.40975329902e-43,0.015,reflection_0_1
Crop,Anchored,raw_router,Late,3,0.04,1.50427015796,0.0285655008381,200,0.00169111640153,1.40975329902e-43,0.015,reflection_0_1
Crop,Anchored,raw_router,Late,3,0.045,0.585004009732,0.0111089969058,200,0.00169111640153,1.40975329902e-43,0.015,reflection_0_1
Crop,Anchored,raw_router,Late,3,0.05,0.203580946362,0.00386592239641,200,0.00169111640153,1.40975329902e-43,0.015,reflection_0_1
Crop,Anchored,raw_router,Late,3,0.055,0.0633963790285,0.00120387239532,200,0.00169111640153,1.40975329902e-43,0.015,reflection_0_1
Crop,Anchored,raw_router,Late,3,0.06,0.017668800409,0.00033552359609,200,0.00169111640153,1.40975329902e-43,0.015,reflection_0_1
Crop,Anchored,raw_router,Late,3,0.065,0.0044190791066,8.3916580579e-05,200,0.00169111640153,1.40975329902e-43,0.015,reflection_0_1
Crop,Anchored,raw_router,Late,3,0.07,0.0010384878522,1.97204773727e-05,200,0.00169111640153,1.40975329902e-43,0.015,reflection_0_1
Crop,Anchored,raw_router,Late,3,0.075,0.000392154407973,7.44685853822e-06,200,0.00169111640153,1.40975329902e-43,0.015,reflection_0_1
Crop,Anchored,raw_router,Late,3,0.08,0.000652646521697,1.23935017017e-05,200,0.00169111640153,1.40975329902e-43,0.015,reflection_0_1
Crop,Anchored,raw_router,Late,3,0.085,0.00174775484744,3.31891796797e-05,200,0.00169111640153,1.40975329902e-43,0.015,reflection_0_1
Crop,Anchored,raw_router,Late,3,0.09,0.00439844589524,8.35247639806e-05,200,0.00169111640153,1.40975329902e-43,0.015,reflection_0_1
Crop,Anchored,raw_router,Late,3,0.095,0.00993354758483,0.000188634176087,200,0.00169111640153,1.40975329902e-43,0.015,reflection_0_1
Crop,Anchored,raw_router,Late,3,0.1,0.0200782117356,0.000381277373035,200,0.00169111640153,1.40975329902e-43,0.015,reflection_0_1
Crop,Anchored,raw_router,Late,3,0.105,0.0363157263777,0.000689621413273,200,0.00169111640153,1.40975329902e-43,0.015,reflection_0_1
Crop,Anchored,raw_router,Late,3,0.11,0.058777312514,0.00111615813223,200,0.00169111640153,1.40975329902e-43,0.015,reflection_0_1
Crop,Anchored,raw_router,Late,3,0.115,0.0851274817527,0.00161653752053,200,0.00169111640153,1.40975329902e-43,0.015,reflection_0_1
Crop,Anchored,raw_router,Late,3,0.12,0.110325248399,0.00209503323518,200,0.00169111640153,1.40975329902e-43,0.015,reflection_0_1
Crop,Anchored,raw_router,Late,3,0.125,0.1279455385,0.00242963563953,200,0.00169111640153,1.40975329902e-43,0.015,reflection_0_1
Crop,Anchored,raw_router,Late,3,0.13,0.132776346885,0.00252137079775,200,0.00169111640153,1.40975329902e-43,0.015,reflection_0_1
Crop,Anchored,raw_router,Late,3,0.135,0.123299975039,0.0023414182098,200,0.00169111640153,1.40975329902e-43,0.015,reflection_0_1
Crop,Anchored,raw_router,Late,3,0.14,0.102461341154,0.00194570071814,200,0.00169111640153,1.40975329902e-43,0.015,reflection_0_1
Crop,Anchored,raw_router,Late,3,0.145,0.076200791759,0.00144702317555,200,0.00169111640153,1.40975329902e-43,0.015,reflection_0_1
Crop,Anchored,raw_router,Late,3,0.15,0.0507507197286,0.000963736280527,200,0.00169111640153,1.40975329902e-43,0.015,reflection_0_1
Crop,Anchored,raw_router,Late,3,0.155,0.0303849553323,0.000576998395147,200,0.00169111640153,1.40975329902e-43,0.015,reflection_0_1
Crop,Anchored,raw_router,Late,3,0.16,0.0167148128639,0.000317407746438,200,0.00169111640153,1.40975329902e-43,0.015,reflection_0_1
Crop,Anchored,raw_router,Late,3,0.165,0.00944829610434,0.000179419440623,200,0.00169111640153,1.40975329902e-43,0.015,reflection_0_1
Crop,Anchored,raw_router,Late,3,0.17,0.00775541847022,0.00014727235772,200,0.00169111640153,1.40975329902e-43,0.015,reflection_0_1
Crop,Anchored,raw_router,Late,3,0.175,0.0113526647843,0.000215582655612,200,0.00169111640153,1.40975329902e-43,0.015,reflection_0_1
Crop,Anchored,raw_router,Late,3,0.18,0.0207983764401,0.000394953018569,200,0.00169111640153,1.40975329902e-43,0.015,reflection_0_1
Crop,Anchored,raw_router,Late,3,0.185,0.0368853473185,0.000700438291728,200,0.00169111640153,1.40975329902e-43,0.015,reflection_0_1
Crop,Anchored,raw_router,Late,3,0.19,0.0593757302033,0.00112752184965,200,0.00169111640153,1.40975329902e-43,0.015,reflection_0_1
Crop,Anchored,raw_router,Late,3,0.195,0.0857372587737,0.00162811694721,200,0.00169111640153,1.40975329902e-43,0.015,reflection_0_1
Crop,Anchored,raw_router,Late,3,0.2,0.11082948814,0.00210460855026,200,0.00169111640153,1.40975329902e-43,0.015,reflection_0_1
Crop,Anchored,raw_router,Late,3,0.205,0.128208445659,0.00243462814344,200,0.00169111640153,1.40975329902e-43,0.015,reflection_0_1
Crop,Anchored,raw_router,Late,3,0.21,0.132717493499,0.00252025319502,200,0.00169111640153,1.40975329902e-43,0.015,reflection_0_1
Crop,Anchored,raw_router,Late,3,0.215,0.122937857646,0.00233454174242,200,0.00169111640153,1.40975329902e-43,0.015,reflection_0_1
Crop,Anchored,raw_router,Late,3,0.22,0.101903315986,0.00193510403885,200,0.00169111640153,1.40975329902e-43,0.015,reflection_0_1
Crop,Anchored,raw_router,Late,3,0.225,0.0755850796076,0.00143533104307,200,0.00169111640153,1.40975329902e-43,0.015,reflection_0_1
Crop,Anchored,raw_router,Late,3,0.23,0.0501682434275,0.000952675283818,200,0.00169111640153,1.40975329902e-43,0.015,reflection_0_1
Crop,Anchored,raw_router,Late,3,0.235,0.0297966043038,0.000565825839666,200,0.00169111640153,1.40975329902e-43,0.015,reflection_0_1
Crop,Anchored,raw_router,Late,3,0.24,0.0158361537591,0.000300722354348,200,0.00169111640153,1.40975329902e-43,0.015,reflection_0_1
Crop,Anchored,raw_router,Late,3,0.245,0.00753143450345,0.000143018989961,200,0.00169111640153,1.40975329902e-43,0.015,reflection_0_1
Crop,Anchored,raw_router,Late,3,0.25,0.0032051676817,6.0864878302e-05,200,0.00169111640153,1.40975329902e-43,0.015,reflection_0_1
Crop,Anchored,raw_router,Late,3,0.255,0.00122058734801,2.31784754407e-05,200,0.00169111640153,1.40975329902e-43,0.015,reflection_0_1
Crop,Anchored,raw_router,Late,3,0.26,0.000415941286242,7.89856203547e-06,200,0.00169111640153,1.40975329902e-43,0.015,reflection_0_1
Crop,Anchored,raw_router,Late,3,0.265,0.000126835333321,2.40855327822e-06,200,0.00169111640153,1.40975329902e-43,0.015,reflection_0_1
Crop,Anchored,raw_router,Late,3,0.27,3.46093574388e-05,6.57218135779e-07,200,0.00169111640153,1.40975329902e-43,0.015,reflection_0_1
Crop,Anchored,raw_router,Late,3,0.275,8.45068425628e-06,1.60475182551e-07,200,0.00169111640153,1.40975329902e-43,0.015,reflection_0_1
Crop,Anchored,raw_router,Late,3,0.28,1.84644030768e-06,3.50631778989e-08,200,0.00169111640153,1.40975329902e-43,0.015,reflection_0_1
Crop,Anchored,raw_router,Late,3,0.285,3.61013736093e-07,6.85550938198e-09,200,0.00169111640153,1.40975329902e-43,0.015,reflection_0_1
Crop,Anchored,raw_router,Late,3,0.29,6.31621985409e-08,1.19942539962e-09,200,0.00169111640153,1.40975329902e-43,0.015,reflection_0_1
Crop,Anchored,raw_router,Late,3,0.295,9.88862272778e-09,1.87781070656e-10,200,0.00169111640153,1.40975329902e-43,0.015,reflection_0_1
Crop,Anchored,raw_router,Late,3,0.3,1.38534976376e-09,2.63072491522e-11,200,0.00169111640153,1.40975329902e-43,0.015,reflection_0_1
Crop,Anchored,raw_router,Late,3,0.305,1.73671325764e-10,3.29795042161e-12,200,0.00169111640153,1.40975329902e-43,0.015,reflection_0_1
Crop,Anchored,raw_router,Late,3,0.31,1.94823733541e-11,3.69962635654e-13,200,0.00169111640153,1.40975329902e-43,0.015,reflection_0_1
Crop,Anchored,raw_router,Late,3,0.315,1.95569291093e-12,3.71378420231e-14,200,0.00169111640153,1.40975329902e-43,0.015,reflection_0_1
Crop,Anchored,raw_router,Late,3,0.32,1.75672798129e-13,3.33595759754e-15,200,0.00169111640153,1.40975329902e-43,0.015,reflection_0_1
Crop,Anchored,raw_router,Late,3,0.325,1.41206091995e-14,2.68144835412e-16,200,0.00169111640153,1.40975329902e-43,0.015,reflection_0_1
Crop,Anchored,raw_router,Late,3,0.33,1.01565779534e-15,1.92869435389e-17,200,0.00169111640153,1.40975329902e-43,0.015,reflection_0_1
Crop,Anchored,raw_router,Late,3,0.335,6.53711968238e-17,1.2413734114e-18,200,0.00169111640153,1.40975329902e-43,0.015,reflection_0_1
Crop,Anchored,raw_router,Late,3,0.34,3.76504805554e-18,7.14967872073e-20,200,0.00169111640153,1.40975329902e-43,0.015,reflection_0_1
Crop,Anchored,raw_router,Late,3,0.345,1.94043754406e-19,3.68481485841e-21,200,0.00169111640153,1.40975329902e-43,0.015,reflection_0_1
Crop,Anchored,raw_router,Late,3,0.35,8.94898688436e-21,1.69937754194e-22,200,0.00169111640153,1.40975329902e-43,0.015,reflection_0_1
Crop,Anchored,raw_router,Late,3,0.355,3.69311755525e-22,7.01308551933e-24,200,0.00169111640153,1.40975329902e-43,0.015,reflection_0_1
Crop,Anchored,raw_router,Late,3,0.36,1.36382123962e-23,2.5898430915e-25,200,0.00169111640153,1.40975329902e-43,0.015,reflection_0_1
Crop,Anchored,raw_router,Late,3,0.365,4.50678484354e-25,8.55820781553e-27,200,0.00169111640153,1.40975329902e-43,0.015,reflection_0_1
Crop,Anchored,raw_router,Late,3,0.37,1.33266581671e-26,2.53068016424e-28,200,0.00169111640153,1.40975329902e-43,0.015,reflection_0_1
Crop,Anchored,raw_router,Late,3,0.375,3.52631211019e-28,6.69632851559e-30,200,0.00169111640153,1.40975329902e-43,0.015,reflection_0_1
Crop,Anchored,raw_router,Late,3,0.38,8.34959281462e-30,1.58555495688e-31,200,0.00169111640153,1.40975329902e-43,0.015,reflection_0_1
Crop,Anchored,raw_router,Late,3,0.385,1.76911026483e-31,3.35947106876e-33,200,0.00169111640153,1.40975329902e-43,0.015,reflection_0_1
Crop,Anchored,raw_router,Late,3,0.39,3.35420471916e-33,6.3695033242e-35,200,0.00169111640153,1.40975329902e-43,0.015,reflection_0_1
Crop,Anchored,raw_router,Late,3,0.395,5.69074710903e-35,1.08065057631e-36,200,0.00169111640153,1.40975329902e-43,0.015,reflection_0_1
Crop,Anchored,raw_router,Late,3,0.4,8.63960853466e-37,1.64062780566e-38,200,0.00169111640153,1.40975329902e-43,0.015,reflection_0_1
Crop,Anchored,raw_router,Late,3,0.405,1.17371836707e-38,2.22884518587e-40,200,0.00169111640153,1.40975329902e-43,0.015,reflection_0_1
Crop,Anchored,raw_router,Late,3,0.41,1.4268515595e-40,2.70953519905e-42,200,0.00169111640153,1.40975329902e-43,0.015,reflection_0_1
Crop,Anchored,raw_router,Late,3,0.415,1.55216807034e-42,2.9475063425e-44,200,0.00169111640153,1.40975329902e-43,0.015,reflection_0_1
Crop,Anchored,raw_router,Late,3,0.42,1.51092794602e-44,2.86919296244e-46,200,0.00169111640153,1.40975329902e-43,0.015,reflection_0_1
Crop,Anchored,raw_router,Late,3,0.425,1.31611494324e-46,2.49925070409e-48,200,0.00169111640153,1.40975329902e-43,0.015,reflection_0_1
Crop,Anchored,raw_router,Late,3,0.43,1.02586200226e-48,1.94807174298e-50,200,0.00169111640153,1.40975329902e-43,0.015,reflection_0_1
Crop,Anchored,raw_router,Late,3,0.435,7.15532105817e-51,1.35876743019e-52,200,0.00169111640153,1.40975329902e-43,0.015,reflection_0_1
Crop,Anchored,raw_router,Late,3,0.44,4.46595522064e-53,8.48067396159e-55,200,0.00169111640153,1.40975329902e-43,0.015,reflection_0_1
Crop,Anchored,raw_router,Late,3,0.445,2.49427687693e-55,4.73653404884e-57,200,0.00169111640153,1.40975329902e-43,0.015,reflection_0_1
Crop,Anchored,raw_router,Late,3,0.45,1.24657959765e-57,2.36720580762e-59,200,0.00169111640153,1.40975329902e-43,0.015,reflection_0_1
Crop,Anchored,raw_router,Late,3,0.455,5.57494293436e-60,1.05865981733e-61,200,0.00169111640153,1.40975329902e-43,0.015,reflection_0_1
Crop,Anchored,raw_router,Late,3,0.46,2.23103249294e-62,4.23664327911e-64,200,0.00169111640153,1.40975329902e-43,0.015,reflection_0_1
Crop,Anchored,raw_router,Late,3,0.465,7.98944151914e-65,1.51716363715e-66,200,0.00169111640153,1.40975329902e-43,0.015,reflection_0_1
Crop,Anchored,raw_router,Late,3,0.47,2.56018887731e-67,4.86169835474e-69,200,0.00169111640153,1.40975329902e-43,0.015,reflection_0_1
Crop,Anchored,raw_router,Late,3,0.475,7.34129453295e-70,1.3940830643e-71,200,0.00169111640153,1.40975329902e-43,0.015,reflection_0_1
Crop,Anchored,raw_router,Late,3,0.48,1.88372867022e-72,3.57712692917e-74,200,0.00169111640153,1.40975329902e-43,0.015,reflection_0_1
Crop,Anchored,raw_router,Late,3,0.485,4.32522898558e-75,8.21344035569e-77,200,0.00169111640153,1.40975329902e-43,0.015,reflection_0_1
Crop,Anchored,raw_router,Late,3,0.49,8.88679003405e-78,1.68756660379e-79,200,0.00169111640153,1.40975329902e-43,0.015,reflection_0_1
Crop,Anchored,raw_router,Late,3,0.495,1.63390119894e-80,3.10271435092e-82,200,0.00169111640153,1.40975329902e-43,0.015,reflection_0_1
Crop,Anchored,raw_router,Late,3,0.5,2.68813899637e-83,5.104670617e-85,200,0.00169111640153,1.40975329902e-43,0.015,reflection_0_1
Crop,Anchored,raw_router,Late,3,0.505,3.95751626472e-86,7.51516830792e-88,200,0.00169111640153,1.40975329902e-43,0.015,reflection_0_1
Crop,Anchored,raw_router,Late,3,0.51,5.21361254807e-89,9.90044592876e-91,200,0.00169111640153,1.40975329902e-43,0.015,reflection_0_1
Crop,Anchored,raw_router,Late,3,0.515,6.14610330423e-92,1.16712093342e-93,200,0.00169111640153,1.40975329902e-43,0.015,reflection_0_1
Crop,Anchored,raw_router,Late,3,0.52,6.48344775567e-95,1.23118132284e-96,200,0.00169111640153,1.40975329902e-43,0.015,reflection_0_1
Crop,Anchored,raw_router,Late,3,0.525,6.12008188792e-98,1.16217956843e-99,200,0.00169111640153,1.40975329902e-43,0.015,reflection_0_1
Crop,Anchored,raw_router,Late,3,0.53,5.16955914222e-101,9.81679023732e-103,200,0.00169111640153,1.40975329902e-43,0.015,reflection_0_1
Crop,Anchored,raw_router,Late,3,0.535,3.90746269893e-104,7.42011854788e-106,200,0.00169111640153,1.40975329902e-43,0.015,reflection_0_1
Crop,Anchored,raw_router,Late,3,0.54,2.64290304379e-107,5.01876931566e-109,200,0.00169111640153,1.40975329902e-43,0.015,reflection_0_1
Crop,Anchored,raw_router,Late,3,0.545,1.59960472722e-110,3.03758669506e-112,200,0.00169111640153,1.40975329902e-43,0.015,reflection_0_1
Crop,Anchored,raw_router,Late,3,0.55,8.66341630745e-114,1.64514880842e-115,200,0.00169111640153,1.40975329902e-43,0.015,reflection_0_1
Crop,Anchored,raw_router,Late,3,0.555,4.19866038214e-117,7.97309153745e-119,200,0.00169111640153,1.40975329902e-43,0.015,reflection_0_1
Crop,Anchored,raw_router,Late,3,0.56,1.82086340488e-120,3.45774825372e-122,200,0.00169111640153,1.40975329902e-43,0.015,reflection_0_1
Crop,Anchored,raw_router,Late,3,0.565,7.06625076927e-124,1.34185333135e-125,200,0.00169111640153,1.40975329902e-43,0.015,reflection_0_1
Crop,Anchored,raw_router,Late,3,0.57,2.45383739959e-127,4.65974106602e-129,200,0.00169111640153,1.40975329902e-43,0.015,reflection_0_1
Crop,Anchored,raw_router,Late,3,0.575,7.62513565781e-131,1.44798338165e-132,200,0.00169111640153,1.40975329902e-43,0.015,reflection_0_1
Crop,Anchored,raw_router,Late,3,0.58,2.12028590022e-134,4.02633983923e-136,200,0.00169111640153,1.40975329902e-43,0.015,reflection_0_1
Crop,Anchored,raw_router,Late,3,0.585,5.27577582686e-138,1.00184915593e-139,200,0.00169111640153,1.40975329902e-43,0.015,reflection_0_1
Crop,Anchored,raw_router,Late,3,0.59,1.17469007538e-141,2.23069042187e-143,200,0.00169111640153,1.40975329902e-43,0.015,reflection_0_1
Crop,Anchored,raw_router,Late,3,0.595,2.34048209462e-145,4.44448378382e-147,200,0.00169111640153,1.40975329902e-43,0.015,reflection_0_1
Crop,Anchored,raw_router,Late,3,0.6,4.17284644933e-149,7.9240718906e-151,200,0.00169111640153,1.40975329902e-43,0.015,reflection_0_1
Crop,Anchored,raw_router,Late,3,0.605,6.65739832808e-153,1.2642138549e-154,200,0.00169111640153,1.40975329902e-43,0.015,reflection_0_1
Crop,Anchored,raw_router,Late,3,0.61,9.50433507105e-157,1.80483598641e-158,200,0.00169111640153,1.40975329902e-43,0.015,reflection_0_1
Crop,Anchored,raw_router,Late,3,0.615,1.21418256538e-160,2.30568511284e-162,200,0.00169111640153,1.40975329902e-43,0.015,reflection_0_1
Crop,Anchored,raw_router,Late,3,0.62,1.38800587314e-164,2.63576876285e-166,200,0.00169111640153,1.40975329902e-43,0.015,reflection_0_1
Crop,Anchored,raw_router,Late,3,0.625,1.41985394558e-168,2.69624700442e-170,200,0.00169111640153,1.40975329902e-43,0.015,reflection_0_1
Crop,Anchored,raw_router,Late,3,0.63,1.29969395516e-172,2.46806789118e-174,200,0.00169111640153,1.40975329902e-43,0.015,reflection_0_1
Crop,Anchored,raw_router,Late,3,0.635,1.06459294313e-176,2.02162028199e-178,200,0.00169111640153,1.40975329902e-43,0.015,reflection_0_1
Crop,Anchored,raw_router,Late,3,0.64,7.80317100663e-181,1.48179159674e-182,200,0.00169111640153,1.40975329902e-43,0.015,reflection_0_1
Crop,Anchored,raw_router,Late,3,0.645,5.11804056474e-185,9.71895847749e-187,200,0.00169111640153,1.40975329902e-43,0.015,reflection_0_1
Crop,Anchored,raw_router,Late,3,0.65,3.00387170731e-189,5.70423466281e-191,200,0.00169111640153,1.40975329902e-43,0.015,reflection_0_1
Crop,Anchored,raw_router,Late,3,0.655,1.57762614393e-193,2.99585022664e-195,200,0.00169111640153,1.40975329902e-43,0.015,reflection_0_1
Crop,Anchored,raw_router,Late,3,0.66,7.41432922476e-198,1.40795206608e-199,200,0.00169111640153,1.40975329902e-43,0.015,reflection_0_1
Crop,Anchored,raw_router,Late,3,0.665,3.11806163628e-202,5.9210768633e-204,200,0.00169111640153,1.40975329902e-43,0.015,reflection_0_1
Crop,Anchored,raw_router,Late,3,0.67,1.17339054065e-206,2.22822265634e-208,200,0.00169111640153,1.40975329902e-43,0.015,reflection_0_1
Crop,Anchored,raw_router,Late,3,0.675,3.95135024835e-211,7.50345928445e-213,200,0.00169111640153,1.40975329902e-43,0.015,reflection_0_1
Crop,Anchored,raw_router,Late,3,0.68,1.19067580699e-215,2.26104669979e-217,200,0.00169111640153,1.40975329902e-43,0.015,reflection_0_1
Crop,Anchored,raw_router,Late,3,0.685,3.21060286614e-220,6.09680903249e-222,200,0.00169111640153,1.40975329902e-43,0.015,reflection_0_1
Crop,Anchored,raw_router,Late,3,0.69,7.74684213968e-225,1.47109496564e-226,200,0.00169111640153,1.40975329902e-43,0.015,reflection_0_1
Crop,Anchored,raw_router,Late,3,0.695,1.67266080783e-229,3.17631732938e-231,200,0.00169111640153,1.40975329902e-43,0.015,reflection_0_1
Crop,Anchored,raw_router,Late,3,0.7,3.23173776585e-234,6.13694337884e-236,200,0.00169111640153,1.40975329902e-43,0.015,reflection_0_1
Crop,Anchored,raw_router,Late,3,0.705,5.58739536664e-239,1.06102448542e-240,200,0.00169111640153,1.40975329902e-43,0.015,reflection_0_1
Crop,Anchored,raw_router,Late,3,0.71,8.64425860254e-244,1.64151083533e-245,200,0.00169111640153,1.40975329902e-43,0.015,reflection_0_1
Crop,Anchored,raw_router,Late,3,0.715,1.19671616065e-248,2.27251709469e-250,200,0.00169111640153,1.40975329902e-43,0.015,reflection_0_1
Crop,Anchored,raw_router,Late,3,0.72,1.48251678274e-253,2.81524127669e-255,200,0.00169111640153,1.40975329902e-43,0.015,reflection_0_1
Crop,Anchored,raw_router,Late,3,0.725,1.64343729624e-258,3.12082302602e-260,200,0.00169111640153,1.40975329902e-43,0.015,reflection_0_1
Crop,Anchored,raw_router,Late,3,0.73,1.63024064377e-263,3.09576310009e-265,200,0.00169111640153,1.40975329902e-43,0.015,reflection_0_1
Crop,Anchored,raw_router,Late,3,0.735,1.44708936469e-268,2.74796599807e-270,200,0.00169111640153,1.40975329902e-43,0.015,reflection_0_1
Crop,Anchored,raw_router,Late,3,0.74,1.14943401394e-273,2.18273015089e-275,200,0.00169111640153,1.40975329902e-43,0.015,reflection_0_1
Crop,Anchored,raw_router,Late,3,0.745,8.16991983259e-279,1.55143576165e-280,200,0.00169111640153,1.40975329902e-43,0.015,reflection_0_1
Crop,Anchored,raw_router,Late,3,0.75,5.19632855593e-284,9.86762430498e-286,200,0.00169111640153,1.40975329902e-43,0.015,reflection_0_1
Crop,Anchored,raw_router,Late,3,0.755,2.95747082196e-289,5.61612119979e-291,200,0.00169111640153,1.40975329902e-43,0.015,reflection_0_1
Crop,Anchored,raw_router,Late,3,0.76,1.50622340504e-294,2.86025922347e-296,200,0.00169111640153,1.40975329902e-43,0.015,reflection_0_1
Crop,Anchored,raw_router,Late,3,0.765,6.86441248416e-300,1.30352503193e-301,200,0.00169111640153,1.40975329902e-43,0.015,reflection_0_1
Crop,Anchored,raw_router,Late,3,0.77,2.79938357919e-305,5.31591972055e-307,200,0.00169111640153,1.40975329902e-43,0.015,reflection_0_1
Crop,Anchored,raw_router,Late,3,0.775,1.02156617971e-310,1.93991414429e-312,200,0.00169111640153,1.40975329902e-43,0.015,reflection_0_1
Crop,Anchored,raw_router,Late,3,0.78,3.33592027246e-316,6.33478125391e-318,200,0.00169111640153,1.40975329902e-43,0.015,reflection_0_1
Crop,Anchored,raw_router,Late,3,0.785,9.73309322307e-322,1.97626258336e-323,200,0.00169111640153,1.40975329902e-43,0.015,reflection_0_1
Crop,Anchored,raw_router,Late,3,0.79,0,0,200,0.00169111640153,1.40975329902e-43,0.015,reflection_0_1
Crop,Anchored,raw_router,Late,3,0.795,0,0,200,0.00169111640153,1.40975329902e-43,0.015,reflection_0_1
Crop,Anchored,raw_router,Late,3,0.8,0,0,200,0.00169111640153,1.40975329902e-43,0.015,reflection_0_1
Crop,Anchored,raw_router,Late,3,0.805,0,0,200,0.00169111640153,1.40975329902e-43,0.015,reflection_0_1
Crop,Anchored,raw_router,Late,3,0.81,0,0,200,0.00169111640153,1.40975329902e-43,0.015,reflection_0_1
Crop,Anchored,raw_router,Late,3,0.815,0,0,200,0.00169111640153,1.40975329902e-43,0.015,reflection_0_1
Crop,Anchored,raw_router,Late,3,0.82,0,0,200,0.00169111640153,1.40975329902e-43,0.015,reflection_0_1
Crop,Anchored,raw_router,Late,3,0.825,0,0,200,0.00169111640153,1.40975329902e-43,0.015,reflection_0_1
Crop,Anchored,raw_router,Late,3,0.83,0,0,200,0.00169111640153,1.40975329902e-43,0.015,reflection_0_1
Crop,Anchored,raw_router,Late,3,0.835,0,0,200,0.00169111640153,1.40975329902e-43,0.015,reflection_0_1
Crop,Anchored,raw_router,Late,3,0.84,0,0,200,0.00169111640153,1.40975329902e-43,0.015,reflection_0_1
Crop,Anchored,raw_router,Late,3,0.845,0,0,200,0.00169111640153,1.40975329902e-43,0.015,reflection_0_1
Crop,Anchored,raw_router,Late,3,0.85,0,0,200,0.00169111640153,1.40975329902e-43,0.015,reflection_0_1
Crop,Anchored,raw_router,Late,3,0.855,0,0,200,0.00169111640153,1.40975329902e-43,0.015,reflection_0_1
Crop,Anchored,raw_router,Late,3,0.86,0,0,200,0.00169111640153,1.40975329902e-43,0.015,reflection_0_1
Crop,Anchored,raw_router,Late,3,0.865,0,0,200,0.00169111640153,1.40975329902e-43,0.015,reflection_0_1
Crop,Anchored,raw_router,Late,3,0.87,0,0,200,0.00169111640153,1.40975329902e-43,0.015,reflection_0_1
Crop,Anchored,raw_router,Late,3,0.875,0,0,200,0.00169111640153,1.40975329902e-43,0.015,reflection_0_1
Crop,Anchored,raw_router,Late,3,0.88,0,0,200,0.00169111640153,1.40975329902e-43,0.015,reflection_0_1
Crop,Anchored,raw_router,Late,3,0.885,0,0,200,0.00169111640153,1.40975329902e-43,0.015,reflection_0_1
Crop,Anchored,raw_router,Late,3,0.89,0,0,200,0.00169111640153,1.40975329902e-43,0.015,reflection_0_1
Crop,Anchored,raw_router,Late,3,0.895,0,0,200,0.00169111640153,1.40975329902e-43,0.015,reflection_0_1
Crop,Anchored,raw_router,Late,3,0.9,0,0,200,0.00169111640153,1.40975329902e-43,0.015,reflection_0_1
Crop,Anchored,raw_router,Late,3,0.905,0,0,200,0.00169111640153,1.40975329902e-43,0.015,reflection_0_1
Crop,Anchored,raw_router,Late,3,0.91,0,0,200,0.00169111640153,1.40975329902e-43,0.015,reflection_0_1
Crop,Anchored,raw_router,Late,3,0.915,0,0,200,0.00169111640153,1.40975329902e-43,0.015,reflection_0_1
Crop,Anchored,raw_router,Late,3,0.92,0,0,200,0.00169111640153,1.40975329902e-43,0.015,reflection_0_1
Crop,Anchored,raw_router,Late,3,0.925,0,0,200,0.00169111640153,1.40975329902e-43,0.015,reflection_0_1
Crop,Anchored,raw_router,Late,3,0.93,0,0,200,0.00169111640153,1.40975329902e-43,0.015,reflection_0_1
Crop,Anchored,raw_router,Late,3,0.935,0,0,200,0.00169111640153,1.40975329902e-43,0.015,reflection_0_1
Crop,Anchored,raw_router,Late,3,0.94,0,0,200,0.00169111640153,1.40975329902e-43,0.015,reflection_0_1
Crop,Anchored,raw_router,Late,3,0.945,0,0,200,0.00169111640153,1.40975329902e-43,0.015,reflection_0_1
Crop,Anchored,raw_router,Late,3,0.95,0,0,200,0.00169111640153,1.40975329902e-43,0.015,reflection_0_1
Crop,Anchored,raw_router,Late,3,0.955,0,0,200,0.00169111640153,1.40975329902e-43,0.015,reflection_0_1
Crop,Anchored,raw_router,Late,3,0.96,0,0,200,0.00169111640153,1.40975329902e-43,0.015,reflection_0_1
Crop,Anchored,raw_router,Late,3,0.965,0,0,200,0.00169111640153,1.40975329902e-43,0.015,reflection_0_1
Crop,Anchored,raw_router,Late,3,0.97,0,0,200,0.00169111640153,1.40975329902e-43,0.015,reflection_0_1
Crop,Anchored,raw_router,Late,3,0.975,0,0,200,0.00169111640153,1.40975329902e-43,0.015,reflection_0_1
Crop,Anchored,raw_router,Late,3,0.98,0,0,200,0.00169111640153,1.40975329902e-43,0.015,reflection_0_1
Crop,Anchored,raw_router,Late,3,0.985,0,0,200,0.00169111640153,1.40975329902e-43,0.015,reflection_0_1
Crop,Anchored,raw_router,Late,3,0.99,0,0,200,0.00169111640153,1.40975329902e-43,0.015,reflection_0_1
Crop,Anchored,raw_router,Late,3,0.995,0,0,200,0.00169111640153,1.40975329902e-43,0.015,reflection_0_1
Crop,Anchored,raw_router,Late,3,1,0,0,200,0.00169111640153,1.40975329902e-43,0.015,reflection_0_1
HalfCheetah,AMAF,effective_gate,Early,1,0,4.12859251352,1,479,0.265666878592,0.159519668436,0.0722855898835,reflection_0_1
HalfCheetah,AMAF,effective_gate,Early,1,0.005,4.12294605458,0.99863235257,479,0.265666878592,0.159519668436,0.0722855898835,reflection_0_1
HalfCheetah,AMAF,effective_gate,Early,1,0.01,4.10607740931,0.994546542404,479,0.265666878592,0.159519668436,0.0722855898835,reflection_0_1
HalfCheetah,AMAF,effective_gate,Early,1,0.015,4.07819713379,0.987793568978,479,0.265666878592,0.159519668436,0.0722855898835,reflection_0_1
HalfCheetah,AMAF,effective_gate,Early,1,0.02,4.03965074666,0.978457121509,479,0.265666878592,0.159519668436,0.0722855898835,reflection_0_1
HalfCheetah,AMAF,effective_gate,Early,1,0.025,3.9909108036,0.96665165926,479,0.265666878592,0.159519668436,0.0722855898835,reflection_0_1
HalfCheetah,AMAF,effective_gate,Early,1,0.03,3.93256616651,0.952519812414,479,0.265666878592,0.159519668436,0.0722855898835,reflection_0_1
HalfCheetah,AMAF,effective_gate,Early,1,0.035,3.86530881444,0.936229187499,479,0.265666878592,0.159519668436,0.0722855898835,reflection_0_1
HalfCheetah,AMAF,effective_gate,Early,1,0.04,3.7899186172,0.917968679347,479,0.265666878592,0.159519668436,0.0722855898835,reflection_0_1
HalfCheetah,AMAF,effective_gate,Early,1,0.045,3.70724654949,0.89794440535,479,0.265666878592,0.159519668436,0.0722855898835,reflection_0_1
HalfCheetah,AMAF,effective_gate,Early,1,0.05,3.61819686174,0.876375386985,479,0.265666878592,0.159519668436,0.0722855898835,reflection_0_1
HalfCheetah,AMAF,effective_gate,Early,1,0.055,3.52370874145,0.853489107949,479,0.265666878592,0.159519668436,0.0722855898835,reflection_0_1
HalfCheetah,AMAF,effective_gate,Early,1,0.06,3.42473799663,0.829517077651,479,0.265666878592,0.159519668436,0.0722855898835,reflection_0_1
HalfCheetah,AMAF,effective_gate,Early,1,0.065,3.32223927118,0.804690523537,479,0.265666878592,0.159519668436,0.0722855898835,reflection_0_1
HalfCheetah,AMAF,effective_gate,Early,1,0.07,3.21714926235,0.779236326136,479,0.265666878592,0.159519668436,0.0722855898835,reflection_0_1
HalfCheetah,AMAF,effective_gate,Early,1,0.075,3.11037135534,0.753373297354,479,0.265666878592,0.159519668436,0.0722855898835,reflection_0_1
HalfCheetah,AMAF,effective_gate,Early,1,0.08,3.00276202253,0.727308886188,479,0.265666878592,0.159519668436,0.0722855898835,reflection_0_1
HalfCheetah,AMAF,effective_gate,Early,1,0.085,2.89511925796,0.701236377404,479,0.265666878592,0.159519668436,0.0722855898835,reflection_0_1
HalfCheetah,AMAF,effective_gate,Early,1,0.09,2.78817323548,0.675332628819,479,0.265666878592,0.159519668436,0.0722855898835,reflection_0_1
HalfCheetah,AMAF,effective_gate,Early,1,0.095,2.68257929473,0.649756372406,479,0.265666878592,0.159519668436,0.0722855898835,reflection_0_1
HalfCheetah,AMAF,effective_gate,Early,1,0.1,2.57891327642,0.624647084443,479,0.265666878592,0.159519668436,0.0722855898835,reflection_0_1
HalfCheetah,AMAF,effective_gate,Early,1,0.105,2.4776691507,0.600124411063,479,0.265666878592,0.159519668436,0.0722855898835,reflection_0_1
HalfCheetah,AMAF,effective_gate,Early,1,0.11,2.37925881208,0.576288118599,479,0.265666878592,0.159519668436,0.0722855898835,reflection_0_1
HalfCheetah,AMAF,effective_gate,Early,1,0.115,2.28401385427,0.553218523454,479,0.265666878592,0.159519668436,0.0722855898835,reflection_0_1
HalfCheetah,AMAF,effective_gate,Early,1,0.12,2.19218908916,0.530977344455,479,0.265666878592,0.159519668436,0.0722855898835,reflection_0_1
HalfCheetah,AMAF,effective_gate,Early,1,0.125,2.10396753827,0.509608911847,479,0.265666878592,0.159519668436,0.0722855898835,reflection_0_1
HalfCheetah,AMAF,effective_gate,Early,1,0.13,2.01946660143,0.48914166143,479,0.265666878592,0.159519668436,0.0722855898835,reflection_0_1
HalfCheetah,AMAF,effective_gate,Early,1,0.135,1.93874509713,0.469589839825,479,0.265666878592,0.159519668436,0.0722855898835,reflection_0_1
HalfCheetah,AMAF,effective_gate,Early,1,0.14,1.86181087034,0.450955347191,479,0.265666878592,0.159519668436,0.0722855898835,reflection_0_1
HalfCheetah,AMAF,effective_gate,Early,1,0.145,1.78862867622,0.433229646754,479,0.265666878592,0.159519668436,0.0722855898835,reflection_0_1
HalfCheetah,AMAF,effective_gate,Early,1,0.15,1.71912806965,0.41639567577,479,0.265666878592,0.159519668436,0.0722855898835,reflection_0_1
HalfCheetah,AMAF,effective_gate,Early,1,0.155,1.65321106029,0.40042969968,479,0.265666878592,0.159519668436,0.0722855898835,reflection_0_1
HalfCheetah,AMAF,effective_gate,Early,1,0.16,1.59075932773,0.385303059704,479,0.265666878592,0.159519668436,0.0722855898835,reflection_0_1
HalfCheetah,AMAF,effective_gate,Early,1,0.165,1.53164083021,0.370983773573,479,0.265666878592,0.159519668436,0.0722855898835,reflection_0_1
HalfCheetah,AMAF,effective_gate,Early,1,0.17,1.47571568127,0.357437958927,479,0.265666878592,0.159519668436,0.0722855898835,reflection_0_1
HalfCheetah,AMAF,effective_gate,Early,1,0.175,1.42284120942,0.344631058832,479,0.265666878592,0.159519668436,0.0722855898835,reflection_0_1
HalfCheetah,AMAF,effective_gate,Early,1,0.18,1.37287615518,0.332528858365,479,0.265666878592,0.159519668436,0.0722855898835,reflection_0_1
HalfCheetah,AMAF,effective_gate,Early,1,0.185,1.32568399651,0.321098290077,479,0.265666878592,0.159519668436,0.0722855898835,reflection_0_1
HalfCheetah,AMAF,effective_gate,Early,1,0.19,1.28113542601,0.310308033989,479,0.265666878592,0.159519668436,0.0722855898835,reflection_0_1
HalfCheetah,AMAF,effective_gate,Early,1,0.195,1.23911003098,0.300128924548,479,0.265666878592,0.159519668436,0.0722855898835,reflection_0_1
HalfCheetah,AMAF,effective_gate,Early,1,0.2,1.19949725017,0.290534182349,479,0.265666878592,0.159519668436,0.0722855898835,reflection_0_1
HalfCheetah,AMAF,effective_gate,Early,1,0.205,1.16219669766,0.281499492589,479,0.265666878592,0.159519668436,0.0722855898835,reflection_0_1
HalfCheetah,AMAF,effective_gate,Early,1,0.21,1.12711795584,0.273002954916,479,0.265666878592,0.159519668436,0.0722855898835,reflection_0_1
HalfCheetah,AMAF,effective_gate,Early,1,0.215,1.09417994514,0.265024930787,479,0.265666878592,0.159519668436,0.0722855898835,reflection_0_1
HalfCheetah,AMAF,effective_gate,Early,1,0.22,1.06330997952,0.25754781467,479,0.265666878592,0.159519668436,0.0722855898835,reflection_0_1
HalfCheetah,AMAF,effective_gate,Early,1,0.225,1.03444261252,0.250555754567,479,0.265666878592,0.159519668436,0.0722855898835,reflection_0_1
HalfCheetah,AMAF,effective_gate,Early,1,0.23,1.00751837187,0.2440343455,479,0.265666878592,0.159519668436,0.0722855898835,reflection_0_1
HalfCheetah,AMAF,effective_gate,Early,1,0.235,0.98248246958,0.237970317091,479,0.265666878592,0.159519668436,0.0722855898835,reflection_0_1
HalfCheetah,AMAF,effective_gate,Early,1,0.24,0.959283561799,0.232351233176,479,0.265666878592,0.159519668436,0.0722855898835,reflection_0_1
HalfCheetah,AMAF,effective_gate,Early,1,0.245,0.937872618013,0.227165217914,479,0.265666878592,0.159519668436,0.0722855898835,reflection_0_1
HalfCheetah,AMAF,effective_gate,Early,1,0.25,0.918201943728,0.222400719064,479,0.265666878592,0.159519668436,0.0722855898835,reflection_0_1
HalfCheetah,AMAF,effective_gate,Early,1,0.255,0.900224385289,0.218046315382,479,0.265666878592,0.159519668436,0.0722855898835,reflection_0_1
HalfCheetah,AMAF,effective_gate,Early,1,0.26,0.883892730394,0.214090571423,479,0.265666878592,0.159519668436,0.0722855898835,reflection_0_1
HalfCheetah,AMAF,effective_gate,Early,1,0.265,0.869159303968,0.210521939649,479,0.265666878592,0.159519668436,0.0722855898835,reflection_0_1
HalfCheetah,AMAF,effective_gate,Early,1,0.27,0.855975746689,0.20732870679,479,0.265666878592,0.159519668436,0.0722855898835,reflection_0_1
HalfCheetah,AMAF,effective_gate,Early,1,0.275,0.844292953178,0.204498978868,479,0.265666878592,0.159519668436,0.0722855898835,reflection_0_1
HalfCheetah,AMAF,effective_gate,Early,1,0.28,0.834061138768,0.202020697377,479,0.265666878592,0.159519668436,0.0722855898835,reflection_0_1
HalfCheetah,AMAF,effective_gate,Early,1,0.285,0.825229998208,0.199881677716,479,0.265666878592,0.159519668436,0.0722855898835,reflection_0_1
HalfCheetah,AMAF,effective_gate,Early,1,0.29,0.817748916605,0.198069660284,479,0.265666878592,0.159519668436,0.0722855898835,reflection_0_1
HalfCheetah,AMAF,effective_gate,Early,1,0.295,0.811567192324,0.196572364472,479,0.265666878592,0.159519668436,0.0722855898835,reflection_0_1
HalfCheetah,AMAF,effective_gate,Early,1,0.3,0.806634233375,0.195377536227,479,0.265666878592,0.159519668436,0.0722855898835,reflection_0_1
HalfCheetah,AMAF,effective_gate,Early,1,0.305,0.802899692737,0.19447298083,479,0.265666878592,0.159519668436,0.0722855898835,reflection_0_1
HalfCheetah,AMAF,effective_gate,Early,1,0.31,0.8003135138,0.193846573906,479,0.265666878592,0.159519668436,0.0722855898835,reflection_0_1
HalfCheetah,AMAF,effective_gate,Early,1,0.315,0.798825864292,0.193486245416,479,0.265666878592,0.159519668436,0.0722855898835,reflection_0_1
HalfCheetah,AMAF,effective_gate,Early,1,0.32,0.798386945282,0.193379933396,479,0.265666878592,0.159519668436,0.0722855898835,reflection_0_1
HalfCheetah,AMAF,effective_gate,Early,1,0.325,0.798946670671,0.193515506327,479,0.265666878592,0.159519668436,0.0722855898835,reflection_0_1
HalfCheetah,AMAF,effective_gate,Early,1,0.33,0.800454221513,0.193880655185,479,0.265666878592,0.159519668436,0.0722855898835,reflection_0_1
HalfCheetah,AMAF,effective_gate,Early,1,0.335,0.802857488188,0.194462758327,479,0.265666878592,0.159519668436,0.0722855898835,reflection_0_1
HalfCheetah,AMAF,effective_gate,Early,1,0.34,0.806102421393,0.195248724294,479,0.265666878592,0.159519668436,0.0722855898835,reflection_0_1
HalfCheetah,AMAF,effective_gate,Early,1,0.345,0.810132319792,0.196224819267,479,0.265666878592,0.159519668436,0.0722855898835,reflection_0_1
HalfCheetah,AMAF,effective_gate,Early,1,0.35,0.814887087702,0.197376487274,479,0.265666878592,0.159519668436,0.0722855898835,reflection_0_1
HalfCheetah,AMAF,effective_gate,Early,1,0.355,0.820302500086,0.198688172156,479,0.265666878592,0.159519668436,0.0722855898835,reflection_0_1
HalfCheetah,AMAF,effective_gate,Early,1,0.36,0.826309514319,0.200143150871,479,0.265666878592,0.159519668436,0.0722855898835,reflection_0_1
HalfCheetah,AMAF,effective_gate,Early,1,0.365,0.832833668523,0.201723387764,479,0.265666878592,0.159519668436,0.0722855898835,reflection_0_1
HalfCheetah,AMAF,effective_gate,Early,1,0.37,0.839794604819,0.203409419086,479,0.265666878592,0.159519668436,0.0722855898835,reflection_0_1
HalfCheetah,AMAF,effective_gate,Early,1,0.375,0.847105752654,0.2051802763,479,0.265666878592,0.159519668436,0.0722855898835,reflection_0_1
HalfCheetah,AMAF,effective_gate,Early,1,0.38,0.854674202637,0.207013455515,479,0.265666878592,0.159519668436,0.0722855898835,reflection_0_1
HalfCheetah,AMAF,effective_gate,Early,1,0.385,0.862400795211,0.208884938968,479,0.265666878592,0.159519668436,0.0722855898835,reflection_0_1
HalfCheetah,AMAF,effective_gate,Early,1,0.39,0.870180441336,0.210769272697,479,0.265666878592,0.159519668436,0.0722855898835,reflection_0_1
HalfCheetah,AMAF,effective_gate,Early,1,0.395,0.877902684397,0.21263970264,479,0.265666878592,0.159519668436,0.0722855898835,reflection_0_1
HalfCheetah,AMAF,effective_gate,Early,1,0.4,0.885452504143,0.214468369364,479,0.265666878592,0.159519668436,0.0722855898835,reflection_0_1
HalfCheetah,AMAF,effective_gate,Early,1,0.405,0.89271135488,0.216226559525,479,0.265666878592,0.159519668436,0.0722855898835,reflection_0_1
HalfCheetah,AMAF,effective_gate,Early,1,0.41,0.899558421789,0.217885010168,479,0.265666878592,0.159519668436,0.0722855898835,reflection_0_1
HalfCheetah,AMAF,effective_gate,Early,1,0.415,0.905872071301,0.219414260026,479,0.265666878592,0.159519668436,0.0722855898835,reflection_0_1
HalfCheetah,AMAF,effective_gate,Early,1,0.42,0.911531464307,0.220785040258,479,0.265666878592,0.159519668436,0.0722855898835,reflection_0_1
HalfCheetah,AMAF,effective_gate,Early,1,0.425,0.916418294801,0.221968695579,479,0.265666878592,0.159519668436,0.0722855898835,reflection_0_1
HalfCheetah,AMAF,effective_gate,Early,1,0.43,0.920418611555,0.222937625484,479,0.265666878592,0.159519668436,0.0722855898835,reflection_0_1
HalfCheetah,AMAF,effective_gate,Early,1,0.435,0.923424676748,0.223665734442,479,0.265666878592,0.159519668436,0.0722855898835,reflection_0_1
HalfCheetah,AMAF,effective_gate,Early,1,0.44,0.925336813255,0.224128879327,479,0.265666878592,0.159519668436,0.0722855898835,reflection_0_1
HalfCheetah,AMAF,effective_gate,Early,1,0.445,0.926065191552,0.224305302235,479,0.265666878592,0.159519668436,0.0722855898835,reflection_0_1
HalfCheetah,AMAF,effective_gate,Early,1,0.45,0.925531507971,0.224176036976,479,0.265666878592,0.159519668436,0.0722855898835,reflection_0_1
HalfCheetah,AMAF,effective_gate,Early,1,0.455,0.923670508293,0.223725278111,479,0.265666878592,0.159519668436,0.0722855898835,reflection_0_1
HalfCheetah,AMAF,effective_gate,Early,1,0.46,0.92043131427,0.22294070225,479,0.265666878592,0.159519668436,0.0722855898835,reflection_0_1
HalfCheetah,AMAF,effective_gate,Early,1,0.465,0.915778515623,0.221813732555,479,0.265666878592,0.159519668436,0.0722855898835,reflection_0_1
HalfCheetah,AMAF,effective_gate,Early,1,0.47,0.909692996053,0.220339738803,479,0.265666878592,0.159519668436,0.0722855898835,reflection_0_1
HalfCheetah,AMAF,effective_gate,Early,1,0.475,0.902172468792,0.218518167109,479,0.265666878592,0.159519668436,0.0722855898835,reflection_0_1
HalfCheetah,AMAF,effective_gate,Early,1,0.48,0.893231704885,0.216352595215,479,0.265666878592,0.159519668436,0.0722855898835,reflection_0_1
HalfCheetah,AMAF,effective_gate,Early,1,0.485,0.882902445545,0.213850711266,479,0.265666878592,0.159519668436,0.0722855898835,reflection_0_1
HalfCheetah,AMAF,effective_gate,Early,1,0.49,0.87123299834,0.211024215998,479,0.265666878592,0.159519668436,0.0722855898835,reflection_0_1
HalfCheetah,AMAF,effective_gate,Early,1,0.495,0.858287525261,0.207888650297,479,0.265666878592,0.159519668436,0.0722855898835,reflection_0_1
HalfCheetah,AMAF,effective_gate,Early,1,0.5,0.844145038827,0.204463152046,479,0.265666878592,0.159519668436,0.0722855898835,reflection_0_1
HalfCheetah,AMAF,effective_gate,Early,1,0.505,0.828898129844,0.200770147969,479,0.265666878592,0.159519668436,0.0722855898835,reflection_0_1
HalfCheetah,AMAF,effective_gate,Early,1,0.51,0.812651457171,0.196834987834,479,0.265666878592,0.159519668436,0.0722855898835,reflection_0_1
HalfCheetah,AMAF,effective_gate,Early,1,0.515,0.795520035561,0.192685529743,479,0.265666878592,0.159519668436,0.0722855898835,reflection_0_1
HalfCheetah,AMAF,effective_gate,Early,1,0.52,0.777627362215,0.18835168636,479,0.265666878592,0.159519668436,0.0722855898835,reflection_0_1
HalfCheetah,AMAF,effective_gate,Early,1,0.525,0.759103425937,0.183864942702,479,0.265666878592,0.159519668436,0.0722855898835,reflection_0_1
HalfCheetah,AMAF,effective_gate,Early,1,0.53,0.740082644646,0.179257856575,479,0.265666878592,0.159519668436,0.0722855898835,reflection_0_1
HalfCheetah,AMAF,effective_gate,Early,1,0.535,0.720701777496,0.174563552866,479,0.265666878592,0.159519668436,0.0722855898835,reflection_0_1
HalfCheetah,AMAF,effective_gate,Early,1,0.54,0.701097856884,0.169815222643,479,0.265666878592,0.159519668436,0.0722855898835,reflection_0_1
HalfCheetah,AMAF,effective_gate,Early,1,0.545,0.681406183394,0.165045637505,479,0.265666878592,0.159519668436,0.0722855898835,reflection_0_1
HalfCheetah,AMAF,effective_gate,Early,1,0.55,0.661758423269,0.160286688769,479,0.265666878592,0.159519668436,0.0722855898835,reflection_0_1
HalfCheetah,AMAF,effective_gate,Early,1,0.555,0.642280843512,0.155568959981,479,0.265666878592,0.159519668436,0.0722855898835,reflection_0_1
HalfCheetah,AMAF,effective_gate,Early,1,0.56,0.623092714395,0.150921339986,479,0.265666878592,0.159519668436,0.0722855898835,reflection_0_1
HalfCheetah,AMAF,effective_gate,Early,1,0.565,0.604304903249,0.146370682326,479,0.265666878592,0.159519668436,0.0722855898835,reflection_0_1
HalfCheetah,AMAF,effective_gate,Early,1,0.57,0.586018677104,0.141941515222,479,0.265666878592,0.159519668436,0.0722855898835,reflection_0_1
HalfCheetah,AMAF,effective_gate,Early,1,0.575,0.568324725366,0.137655804855,479,0.265666878592,0.159519668436,0.0722855898835,reflection_0_1
HalfCheetah,AMAF,effective_gate,Early,1,0.58,0.551302407454,0.13353277313,479,0.265666878592,0.159519668436,0.0722855898835,reflection_0_1
HalfCheetah,AMAF,effective_gate,Early,1,0.585,0.535019224379,0.12958876969,479,0.265666878592,0.159519668436,0.0722855898835,reflection_0_1
HalfCheetah,AMAF,effective_gate,Early,1,0.59,0.519530507904,0.125837196624,479,0.265666878592,0.159519668436,0.0722855898835,reflection_0_1
HalfCheetah,AMAF,effective_gate,Early,1,0.595,0.504879316215,0.122288483197,479,0.265666878592,0.159519668436,0.0722855898835,reflection_0_1
HalfCheetah,AMAF,effective_gate,Early,1,0.6,0.491096521212,0.118950106993,479,0.265666878592,0.159519668436,0.0722855898835,reflection_0_1
HalfCheetah,AMAF,effective_gate,Early,1,0.605,0.478201069542,0.115826657142,479,0.265666878592,0.159519668436,0.0722855898835,reflection_0_1
HalfCheetah,AMAF,effective_gate,Early,1,0.61,0.466200397494,0.112919934812,479,0.265666878592,0.159519668436,0.0722855898835,reflection_0_1
HalfCheetah,AMAF,effective_gate,Early,1,0.615,0.455090978702,0.110229085872,479,0.265666878592,0.159519668436,0.0722855898835,reflection_0_1
HalfCheetah,AMAF,effective_gate,Early,1,0.62,0.444858983376,0.107750760561,479,0.265666878592,0.159519668436,0.0722855898835,reflection_0_1
HalfCheetah,AMAF,effective_gate,Early,1,0.625,0.435481028218,0.105479295133,479,0.265666878592,0.159519668436,0.0722855898835,reflection_0_1
HalfCheetah,AMAF,effective_gate,Early,1,0.63,0.426924997325,0.103406910691,479,0.265666878592,0.159519668436,0.0722855898835,reflection_0_1
HalfCheetah,AMAF,effective_gate,Early,1,0.635,0.419150916023,0.101523924837,479,0.265666878592,0.159519668436,0.0722855898835,reflection_0_1
HalfCheetah,AMAF,effective_gate,Early,1,0.64,0.412111861514,0.0998189722441,479,0.265666878592,0.159519668436,0.0722855898835,reflection_0_1
HalfCheetah,AMAF,effective_gate,Early,1,0.645,0.405754896434,0.0982792307804,479,0.265666878592,0.159519668436,0.0722855898835,reflection_0_1
HalfCheetah,AMAF,effective_gate,Early,1,0.65,0.400022013639,0.0968906503436,479,0.265666878592,0.159519668436,0.0722855898835,reflection_0_1
HalfCheetah,AMAF,effective_gate,Early,1,0.655,0.394851082659,0.0956381821083,479,0.265666878592,0.159519668436,0.0722855898835,reflection_0_1
HalfCheetah,AMAF,effective_gate,Early,1,0.66,0.390176790251,0.0945060063384,479,0.265666878592,0.159519668436,0.0722855898835,reflection_0_1
HalfCheetah,AMAF,effective_gate,Early,1,0.665,0.385931569084,0.0934777573277,479,0.265666878592,0.159519668436,0.0722855898835,reflection_0_1
HalfCheetah,AMAF,effective_gate,Early,1,0.67,0.382046509929,0.0925367443452,479,0.265666878592,0.159519668436,0.0722855898835,reflection_0_1
HalfCheetah,AMAF,effective_gate,Early,1,0.675,0.378452253629,0.0916661676806,479,0.265666878592,0.159519668436,0.0722855898835,reflection_0_1
HalfCheetah,AMAF,effective_gate,Early,1,0.68,0.375079859633,0.0908493290159,479,0.265666878592,0.159519668436,0.0722855898835,reflection_0_1
HalfCheetah,AMAF,effective_gate,Early,1,0.685,0.371861648062,0.0900698353843,479,0.265666878592,0.159519668436,0.0722855898835,reflection_0_1
HalfCheetah,AMAF,effective_gate,Early,1,0.69,0.368732012083,0.0893117959391,479,0.265666878592,0.159519668436,0.0722855898835,reflection_0_1
HalfCheetah,AMAF,effective_gate,Early,1,0.695,0.365628197018,0.0885600106624,479,0.265666878592,0.159519668436,0.0722855898835,reflection_0_1
HalfCheetah,AMAF,effective_gate,Early,1,0.7,0.362491041997,0.0878001500052,479,0.265666878592,0.159519668436,0.0722855898835,reflection_0_1
HalfCheetah,AMAF,effective_gate,Early,1,0.705,0.359265679409,0.0870189243023,479,0.265666878592,0.159519668436,0.0722855898835,reflection_0_1
HalfCheetah,AMAF,effective_gate,Early,1,0.71,0.355902186788,0.086204241669,479,0.265666878592,0.159519668436,0.0722855898835,reflection_0_1
HalfCheetah,AMAF,effective_gate,Early,1,0.715,0.352356185353,0.0853453529742,479,0.265666878592,0.159519668436,0.0722855898835,reflection_0_1
HalfCheetah,AMAF,effective_gate,Early,1,0.72,0.348589379161,0.0844329824314,479,0.265666878592,0.159519668436,0.0722855898835,reflection_0_1
HalfCheetah,AMAF,effective_gate,Early,1,0.725,0.344570028894,0.0834594423561,479,0.265666878592,0.159519668436,0.0722855898835,reflection_0_1
HalfCheetah,AMAF,effective_gate,Early,1,0.73,0.340273354644,0.0824187307247,479,0.265666878592,0.159519668436,0.0722855898835,reflection_0_1
HalfCheetah,AMAF,effective_gate,Early,1,0.735,0.335681862721,0.081306610333,479,0.265666878592,0.159519668436,0.0722855898835,reflection_0_1
HalfCheetah,AMAF,effective_gate,Early,1,0.74,0.330785592522,0.0801206685907,479,0.265666878592,0.159519668436,0.0722855898835,reflection_0_1
HalfCheetah,AMAF,effective_gate,Early,1,0.745,0.325582280721,0.07886035729,479,0.265666878592,0.159519668436,0.0722855898835,reflection_0_1
HalfCheetah,AMAF,effective_gate,Early,1,0.75,0.320077441498,0.0775270120385,479,0.265666878592,0.159519668436,0.0722855898835,reflection_0_1
HalfCheetah,AMAF,effective_gate,Early,1,0.755,0.31428436306,0.0761238514168,479,0.265666878592,0.159519668436,0.0722855898835,reflection_0_1
HalfCheetah,AMAF,effective_gate,Early,1,0.76,0.308224022251,0.0746559562954,479,0.265666878592,0.159519668436,0.0722855898835,reflection_0_1
HalfCheetah,AMAF,effective_gate,Early,1,0.765,0.301924920455,0.0731302300884,479,0.265666878592,0.159519668436,0.0722855898835,reflection_0_1
HalfCheetah,AMAF,effective_gate,Early,1,0.77,0.295422845169,0.0715553410033,479,0.265666878592,0.159519668436,0.0722855898835,reflection_0_1
HalfCheetah,AMAF,effective_gate,Early,1,0.775,0.288760562449,0.0699416475478,479,0.265666878592,0.159519668436,0.0722855898835,reflection_0_1
HalfCheetah,AMAF,effective_gate,Early,1,0.78,0.281987445831,0.0683011086485,479,0.265666878592,0.159519668436,0.0722855898835,reflection_0_1
HalfCheetah,AMAF,effective_gate,Early,1,0.785,0.275159047203,0.0666471797112,479,0.265666878592,0.159519668436,0.0722855898835,reflection_0_1
HalfCheetah,AMAF,effective_gate,Early,1,0.79,0.268336614501,0.0649946958007,479,0.265666878592,0.159519668436,0.0722855898835,reflection_0_1
HalfCheetah,AMAF,effective_gate,Early,1,0.795,0.261586559968,0.0633597428449,479,0.265666878592,0.159519668436,0.0722855898835,reflection_0_1
HalfCheetah,AMAF,effective_gate,Early,1,0.8,0.254979881123,0.061759517387,479,0.265666878592,0.159519668436,0.0722855898835,reflection_0_1
HalfCheetah,AMAF,effective_gate,Early,1,0.805,0.248591534717,0.060212174949,479,0.265666878592,0.159519668436,0.0722855898835,reflection_0_1
HalfCheetah,AMAF,effective_gate,Early,1,0.81,0.242499761815,0.0587366665566,479,0.265666878592,0.159519668436,0.0722855898835,reflection_0_1
HalfCheetah,AMAF,effective_gate,Early,1,0.815,0.236785360049,0.0573525624711,479,0.265666878592,0.159519668436,0.0722855898835,reflection_0_1
HalfCheetah,AMAF,effective_gate,Early,1,0.82,0.231530897204,0.0560798617074,479,0.265666878592,0.159519668436,0.0722855898835,reflection_0_1
HalfCheetah,AMAF,effective_gate,Early,1,0.825,0.226819858785,0.054938785565,479,0.265666878592,0.159519668436,0.0722855898835,reflection_0_1
HalfCheetah,AMAF,effective_gate,Early,1,0.83,0.222735721435,0.0539495531966,479,0.265666878592,0.159519668436,0.0722855898835,reflection_0_1
HalfCheetah,AMAF,effective_gate,Early,1,0.835,0.219360944094,0.053132137254,479,0.265666878592,0.159519668436,0.0722855898835,reflection_0_1
HalfCheetah,AMAF,effective_gate,Early,1,0.84,0.2167758699,0.0525059979134,479,0.265666878592,0.159519668436,0.0722855898835,reflection_0_1
HalfCheetah,AMAF,effective_gate,Early,1,0.845,0.215057534093,0.0520897941342,479,0.265666878592,0.159519668436,0.0722855898835,reflection_0_1
HalfCheetah,AMAF,effective_gate,Early,1,0.85,0.2142783767,0.0519010718539,479,0.265666878592,0.159519668436,0.0722855898835,reflection_0_1
HalfCheetah,AMAF,effective_gate,Early,1,0.855,0.214504863516,0.0519559299721,479,0.265666878592,0.159519668436,0.0722855898835,reflection_0_1
HalfCheetah,AMAF,effective_gate,Early,1,0.86,0.215796024797,0.0522686664015,479,0.265666878592,0.159519668436,0.0722855898835,reflection_0_1
HalfCheetah,AMAF,effective_gate,Early,1,0.865,0.218201927881,0.0528514081171,479,0.265666878592,0.159519668436,0.0722855898835,reflection_0_1
HalfCheetah,AMAF,effective_gate,Early,1,0.87,0.2217621075,0.0537137309565,479,0.265666878592,0.159519668436,0.0722855898835,reflection_0_1
HalfCheetah,AMAF,effective_gate,Early,1,0.875,0.226503985357,0.0548622768207,479,0.265666878592,0.159519668436,0.0722855898835,reflection_0_1
HalfCheetah,AMAF,effective_gate,Early,1,0.88,0.232441318285,0.056300377798,479,0.265666878592,0.159519668436,0.0722855898835,reflection_0_1
HalfCheetah,AMAF,effective_gate,Early,1,0.885,0.239572721462,0.0580276984657,479,0.265666878592,0.159519668436,0.0722855898835,reflection_0_1
HalfCheetah,AMAF,effective_gate,Early,1,0.89,0.247880319218,0.0600399090988,479,0.265666878592,0.159519668436,0.0722855898835,reflection_0_1
HalfCheetah,AMAF,effective_gate,Early,1,0.895,0.257328580478,0.062328403599,479,0.265666878592,0.159519668436,0.0722855898835,reflection_0_1
HalfCheetah,AMAF,effective_gate,Early,1,0.9,0.267863398333,0.0648800765529,479,0.265666878592,0.159519668436,0.0722855898835,reflection_0_1
HalfCheetah,AMAF,effective_gate,Early,1,0.905,0.279411473185,0.0676771738239,479,0.265666878592,0.159519668436,0.0722855898835,reflection_0_1
HalfCheetah,AMAF,effective_gate,Early,1,0.91,0.291880056191,0.0706972304086,479,0.265666878592,0.159519668436,0.0722855898835,reflection_0_1
HalfCheetah,AMAF,effective_gate,Early,1,0.915,0.305157103927,0.0739131079,479,0.265666878592,0.159519668436,0.0722855898835,reflection_0_1
HalfCheetah,AMAF,effective_gate,Early,1,0.92,0.319111886512,0.0772931417831,479,0.265666878592,0.159519668436,0.0722855898835,reflection_0_1
HalfCheetah,AMAF,effective_gate,Early,1,0.925,0.333596079777,0.0808014059719,479,0.265666878592,0.159519668436,0.0722855898835,reflection_0_1
HalfCheetah,AMAF,effective_gate,Early,1,0.93,0.348445357843,0.0843980985534,479,0.265666878592,0.159519668436,0.0722855898835,reflection_0_1
HalfCheetah,AMAF,effective_gate,Early,1,0.935,0.363481486095,0.0880400487344,479,0.265666878592,0.159519668436,0.0722855898835,reflection_0_1
HalfCheetah,AMAF,effective_gate,Early,1,0.94,0.378514896618,0.0916813406455,479,0.265666878592,0.159519668436,0.0722855898835,reflection_0_1
HalfCheetah,AMAF,effective_gate,Early,1,0.945,0.393347709378,0.095274045111,479,0.265666878592,0.159519668436,0.0722855898835,reflection_0_1
HalfCheetah,AMAF,effective_gate,Early,1,0.95,0.407777143706,0.0987690459572,479,0.265666878592,0.159519668436,0.0722855898835,reflection_0_1
HalfCheetah,AMAF,effective_gate,Early,1,0.955,0.421599246787,0.1021169431,479,0.265666878592,0.159519668436,0.0722855898835,reflection_0_1
HalfCheetah,AMAF,effective_gate,Early,1,0.96,0.434612849751,0.105269010765,479,0.265666878592,0.159519668436,0.0722855898835,reflection_0_1
HalfCheetah,AMAF,effective_gate,Early,1,0.965,0.446623648578,0.108178185935,479,0.265666878592,0.159519668436,0.0722855898835,reflection_0_1
HalfCheetah,AMAF,effective_gate,Early,1,0.97,0.457448296959,0.110800059696,479,0.265666878592,0.159519668436,0.0722855898835,reflection_0_1
HalfCheetah,AMAF,effective_gate,Early,1,0.975,0.466918392332,0.113093842709,479,0.265666878592,0.159519668436,0.0722855898835,reflection_0_1
HalfCheetah,AMAF,effective_gate,Early,1,0.98,0.474884234781,0.115023275662,479,0.265666878592,0.159519668436,0.0722855898835,reflection_0_1
HalfCheetah,AMAF,effective_gate,Early,1,0.985,0.481218241812,0.116557456382,479,0.265666878592,0.159519668436,0.0722855898835,reflection_0_1
HalfCheetah,AMAF,effective_gate,Early,1,0.99,0.485817910031,0.117671557181,479,0.265666878592,0.159519668436,0.0722855898835,reflection_0_1
HalfCheetah,AMAF,effective_gate,Early,1,0.995,0.488608227354,0.118347409136,479,0.265666878592,0.159519668436,0.0722855898835,reflection_0_1
HalfCheetah,AMAF,effective_gate,Early,1,1,0.489543456089,0.11857393397,479,0.265666878592,0.159519668436,0.0722855898835,reflection_0_1
HalfCheetah,AMAF,effective_gate,Middle,2,0,7.6616868256,1,477,0.160554314491,0.0578978784359,0.0529246184281,reflection_0_1
HalfCheetah,AMAF,effective_gate,Middle,2,0.005,7.63700937818,0.996779110399,477,0.160554314491,0.0578978784359,0.0529246184281,reflection_0_1
HalfCheetah,AMAF,effective_gate,Middle,2,0.01,7.56355858384,0.987192344977,477,0.160554314491,0.0578978784359,0.0529246184281,reflection_0_1
HalfCheetah,AMAF,effective_gate,Middle,2,0.015,7.44305512886,0.971464286949,477,0.160554314491,0.0578978784359,0.0529246184281,reflection_0_1
HalfCheetah,AMAF,effective_gate,Middle,2,0.02,7.27828837081,0.949959002042,477,0.160554314491,0.0578978784359,0.0529246184281,reflection_0_1
HalfCheetah,AMAF,effective_gate,Middle,2,0.025,7.07300347276,0.923165307296,477,0.160554314491,0.0578978784359,0.0529246184281,reflection_0_1
HalfCheetah,AMAF,effective_gate,Middle,2,0.03,6.8317526443,0.891677355105,477,0.160554314491,0.0578978784359,0.0529246184281,reflection_0_1
HalfCheetah,AMAF,effective_gate,Middle,2,0.035,6.5597189061,0.856171631054,477,0.160554314491,0.0578978784359,0.0529246184281,reflection_0_1
HalfCheetah,AMAF,effective_gate,Middle,2,0.04,6.2625220914,0.817381633308,477,0.160554314491,0.0578978784359,0.0529246184281,reflection_0_1
HalfCheetah,AMAF,effective_gate,Middle,2,0.045,5.94601740341,0.776071580418,477,0.160554314491,0.0578978784359,0.0529246184281,reflection_0_1
HalfCheetah,AMAF,effective_gate,Middle,2,0.05,5.61609674855,0.733010481423,477,0.160554314491,0.0578978784359,0.0529246184281,reflection_0_1
HalfCheetah,AMAF,effective_gate,Middle,2,0.055,5.27850230305,0.688947802645,477,0.160554314491,0.0578978784359,0.0529246184281,reflection_0_1
HalfCheetah,AMAF,effective_gate,Middle,2,0.06,4.93866044053,0.644591791984,477,0.160554314491,0.0578978784359,0.0529246184281,reflection_0_1
HalfCheetah,AMAF,effective_gate,Middle,2,0.065,4.60154238565,0.6005912915,477,0.160554314491,0.0578978784359,0.0529246184281,reflection_0_1
HalfCheetah,AMAF,effective_gate,Middle,2,0.07,4.27155592458,0.557521603507,477,0.160554314491,0.0578978784359,0.0529246184281,reflection_0_1
HalfCheetah,AMAF,effective_gate,Middle,2,0.075,3.95247036577,0.515874696491,477,0.160554314491,0.0578978784359,0.0529246184281,reflection_0_1
HalfCheetah,AMAF,effective_gate,Middle,2,0.08,3.64737486855,0.476053766171,477,0.160554314491,0.0578978784359,0.0529246184281,reflection_0_1
HalfCheetah,AMAF,effective_gate,Middle,2,0.085,3.35866838389,0.438371922573,477,0.160554314491,0.0578978784359,0.0529246184281,reflection_0_1
HalfCheetah,AMAF,effective_gate,Middle,2,0.09,3.08807789416,0.403054570678,477,0.160554314491,0.0578978784359,0.0529246184281,reflection_0_1
HalfCheetah,AMAF,effective_gate,Middle,2,0.095,2.83670047145,0.370244899853,477,0.160554314491,0.0578978784359,0.0529246184281,reflection_0_1
HalfCheetah,AMAF,effective_gate,Middle,2,0.1,2.60506393168,0.340011800401,477,0.160554314491,0.0578978784359,0.0529246184281,reflection_0_1
HalfCheetah,AMAF,effective_gate,Middle,2,0.105,2.39320054369,0.312359484036,477,0.160554314491,0.0578978784359,0.0529246184281,reflection_0_1
HalfCheetah,AMAF,effective_gate,Middle,2,0.11,2.20072832292,0.287238094302,477,0.160554314491,0.0578978784359,0.0529246184281,reflection_0_1
HalfCheetah,AMAF,effective_gate,Middle,2,0.115,2.02693483946,0.264554645158,477,0.160554314491,0.0578978784359,0.0529246184281,reflection_0_1
HalfCheetah,AMAF,effective_gate,Middle,2,0.12,1.8708591243,0.244183711353,477,0.160554314491,0.0578978784359,0.0529246184281,reflection_0_1
HalfCheetah,AMAF,effective_gate,Middle,2,0.125,1.73136808179,0.225977401739,477,0.160554314491,0.0578978784359,0.0529246184281,reflection_0_1
HalfCheetah,AMAF,effective_gate,Middle,2,0.13,1.60722472822,0.209774265746,477,0.160554314491,0.0578978784359,0.0529246184281,reflection_0_1
HalfCheetah,AMAF,effective_gate,Middle,2,0.135,1.49714649982,0.195406903714,477,0.160554314491,0.0578978784359,0.0529246184281,reflection_0_1
HalfCheetah,AMAF,effective_gate,Middle,2,0.14,1.39985274543,0.182708165616,477,0.160554314491,0.0578978784359,0.0529246184281,reflection_0_1
HalfCheetah,AMAF,effective_gate,Middle,2,0.145,1.3141012898,0.171515923284,477,0.160554314491,0.0578978784359,0.0529246184281,reflection_0_1
HalfCheetah,AMAF,effective_gate,Middle,2,0.15,1.23871459124,0.161676484491,477,0.160554314491,0.0578978784359,0.0529246184281,reflection_0_1
HalfCheetah,AMAF,effective_gate,Middle,2,0.155,1.17259650377,0.153046780749,477,0.160554314491,0.0578978784359,0.0529246184281,reflection_0_1
HalfCheetah,AMAF,effective_gate,Middle,2,0.16,1.11474098615,0.145495503996,477,0.160554314491,0.0578978784359,0.0529246184281,reflection_0_1
HalfCheetah,AMAF,effective_gate,Middle,2,0.165,1.06423428487,0.138903391524,477,0.160554314491,0.0578978784359,0.0529246184281,reflection_0_1
HalfCheetah,AMAF,effective_gate,Middle,2,0.17,1.02025217221,0.133162865494,477,0.160554314491,0.0578978784359,0.0529246184281,reflection_0_1
HalfCheetah,AMAF,effective_gate,Middle,2,0.175,0.982053764776,0.128177226129,477,0.160554314491,0.0578978784359,0.0529246184281,reflection_0_1
HalfCheetah,AMAF,effective_gate,Middle,2,0.18,0.948973306985,0.123859579305,477,0.160554314491,0.0578978784359,0.0529246184281,reflection_0_1
HalfCheetah,AMAF,effective_gate,Middle,2,0.185,0.920411103547,0.120131653055,477,0.160554314491,0.0578978784359,0.0529246184281,reflection_0_1
HalfCheetah,AMAF,effective_gate,Middle,2,0.19,0.895824548673,0.116922626709,477,0.160554314491,0.0578978784359,0.0529246184281,reflection_0_1
HalfCheetah,AMAF,effective_gate,Middle,2,0.195,0.874719950286,0.114168063795,477,0.160554314491,0.0578978784359,0.0529246184281,reflection_0_1
HalfCheetah,AMAF,effective_gate,Middle,2,0.2,0.856645603096,0.111809007937,477,0.160554314491,0.0578978784359,0.0529246184281,reflection_0_1
HalfCheetah,AMAF,effective_gate,Middle,2,0.205,0.841186340847,0.109791271817,477,0.160554314491,0.0578978784359,0.0529246184281,reflection_0_1
HalfCheetah,AMAF,effective_gate,Middle,2,0.21,0.827959606265,0.108064924228,477,0.160554314491,0.0578978784359,0.0529246184281,reflection_0_1
HalfCheetah,AMAF,effective_gate,Middle,2,0.215,0.816612924953,0.106583960366,477,0.160554314491,0.0578978784359,0.0529246184281,reflection_0_1
HalfCheetah,AMAF,effective_gate,Middle,2,0.22,0.806822560217,0.105306126259,477,0.160554314491,0.0578978784359,0.0529246184281,reflection_0_1
HalfCheetah,AMAF,effective_gate,Middle,2,0.225,0.798293059738,0.104192859603,477,0.160554314491,0.0578978784359,0.0529246184281,reflection_0_1
HalfCheetah,AMAF,effective_gate,Middle,2,0.23,0.790757379377,0.103209305911,477,0.160554314491,0.0578978784359,0.0529246184281,reflection_0_1
HalfCheetah,AMAF,effective_gate,Middle,2,0.235,0.783977278674,0.102324370144,477,0.160554314491,0.0578978784359,0.0529246184281,reflection_0_1
HalfCheetah,AMAF,effective_gate,Middle,2,0.24,0.777743719609,0.101510768753,477,0.160554314491,0.0578978784359,0.0529246184281,reflection_0_1
HalfCheetah,AMAF,effective_gate,Middle,2,0.245,0.771877056432,0.100745054451,477,0.160554314491,0.0578978784359,0.0529246184281,reflection_0_1
HalfCheetah,AMAF,effective_gate,Middle,2,0.25,0.766226870995,0.100007594729,477,0.160554314491,0.0578978784359,0.0529246184281,reflection_0_1
HalfCheetah,AMAF,effective_gate,Middle,2,0.255,0.760671376562,0.0992824940351,477,0.160554314491,0.0578978784359,0.0529246184281,reflection_0_1
HalfCheetah,AMAF,effective_gate,Middle,2,0.26,0.755116376044,0.098557457807,477,0.160554314491,0.0578978784359,0.0529246184281,reflection_0_1
HalfCheetah,AMAF,effective_gate,Middle,2,0.265,0.749493812221,0.0978236032457,477,0.160554314491,0.0578978784359,0.0529246184281,reflection_0_1
HalfCheetah,AMAF,effective_gate,Middle,2,0.27,0.743759983833,0.0970752264825,477,0.160554314491,0.0578978784359,0.0529246184281,reflection_0_1
HalfCheetah,AMAF,effective_gate,Middle,2,0.275,0.737893521003,0.0963095383301,477,0.160554314491,0.0578978784359,0.0529246184281,reflection_0_1
HalfCheetah,AMAF,effective_gate,Middle,2,0.28,0.731893216524,0.0955263812243,477,0.160554314491,0.0578978784359,0.0529246184281,reflection_0_1
HalfCheetah,AMAF,effective_gate,Middle,2,0.285,0.725775798758,0.0947279385438,477,0.160554314491,0.0578978784359,0.0529246184281,reflection_0_1
HalfCheetah,AMAF,effective_gate,Middle,2,0.29,0.719573710818,0.0939184447495,477,0.160554314491,0.0578978784359,0.0529246184281,reflection_0_1
HalfCheetah,AMAF,effective_gate,Middle,2,0.295,0.713332934082,0.0931039013105,477,0.160554314491,0.0578978784359,0.0529246184281,reflection_0_1
HalfCheetah,AMAF,effective_gate,Middle,2,0.3,0.707110866703,0.0922917998084,477,0.160554314491,0.0578978784359,0.0529246184281,reflection_0_1
HalfCheetah,AMAF,effective_gate,Middle,2,0.305,0.700974244046,0.091490850514,477,0.160554314491,0.0578978784359,0.0529246184281,reflection_0_1
HalfCheetah,AMAF,effective_gate,Middle,2,0.31,0.69499707134,0.0907107125572,477,0.160554314491,0.0578978784359,0.0529246184281,reflection_0_1
HalfCheetah,AMAF,effective_gate,Middle,2,0.315,0.689258531442,0.0899617208497,477,0.160554314491,0.0578978784359,0.0529246184281,reflection_0_1
HalfCheetah,AMAF,effective_gate,Middle,2,0.32,0.683840833097,0.0892546052407,477,0.160554314491,0.0578978784359,0.0529246184281,reflection_0_1
HalfCheetah,AMAF,effective_gate,Middle,2,0.325,0.678826976651,0.0886001988991,477,0.160554314491,0.0578978784359,0.0529246184281,reflection_0_1
HalfCheetah,AMAF,effective_gate,Middle,2,0.33,0.674298432694,0.0880091353305,477,0.160554314491,0.0578978784359,0.0529246184281,reflection_0_1
HalfCheetah,AMAF,effective_gate,Middle,2,0.335,0.670332751612,0.0874915363771,477,0.160554314491,0.0578978784359,0.0529246184281,reflection_0_1
HalfCheetah,AMAF,effective_gate,Middle,2,0.34,0.667001145087,0.0870566965565,477,0.160554314491,0.0578978784359,0.0529246184281,reflection_0_1
HalfCheetah,AMAF,effective_gate,Middle,2,0.345,0.664366100821,0.086712771736,477,0.160554314491,0.0578978784359,0.0529246184281,reflection_0_1
HalfCheetah,AMAF,effective_gate,Middle,2,0.35,0.66247910627,0.0864664820358,477,0.160554314491,0.0578978784359,0.0529246184281,reflection_0_1
HalfCheetah,AMAF,effective_gate,Middle,2,0.355,0.661378564042,0.0863228397475,477,0.160554314491,0.0578978784359,0.0529246184281,reflection_0_1
HalfCheetah,AMAF,effective_gate,Middle,2,0.36,0.66108797991,0.0862849128342,477,0.160554314491,0.0578978784359,0.0529246184281,reflection_0_1
HalfCheetah,AMAF,effective_gate,Middle,2,0.365,0.661614494464,0.0863536332825,477,0.160554314491,0.0578978784359,0.0529246184281,reflection_0_1
HalfCheetah,AMAF,effective_gate,Middle,2,0.37,0.662947812715,0.0865276573952,477,0.160554314491,0.0578978784359,0.0529246184281,reflection_0_1
HalfCheetah,AMAF,effective_gate,Middle,2,0.375,0.665059564737,0.0868032823417,477,0.160554314491,0.0578978784359,0.0529246184281,reflection_0_1
HalfCheetah,AMAF,effective_gate,Middle,2,0.38,0.667903107549,0.087174420301,477,0.160554314491,0.0578978784359,0.0529246184281,reflection_0_1
HalfCheetah,AMAF,effective_gate,Middle,2,0.385,0.671413756916,0.0876326287146,477,0.160554314491,0.0578978784359,0.0529246184281,reflection_0_1
HalfCheetah,AMAF,effective_gate,Middle,2,0.39,0.675509420128,0.0881671928785,477,0.160554314491,0.0578978784359,0.0529246184281,reflection_0_1
HalfCheetah,AMAF,effective_gate,Middle,2,0.395,0.680091589368,0.0887652555956,477,0.160554314491,0.0578978784359,0.0529246184281,reflection_0_1
HalfCheetah,AMAF,effective_gate,Middle,2,0.4,0.685046650887,0.0894119880492,477,0.160554314491,0.0578978784359,0.0529246184281,reflection_0_1
HalfCheetah,AMAF,effective_gate,Middle,2,0.405,0.690247468065,0.0900907964234,477,0.160554314491,0.0578978784359,0.0529246184281,reflection_0_1
HalfCheetah,AMAF,effective_gate,Middle,2,0.41,0.695555205431,0.0907835599736,477,0.160554314491,0.0578978784359,0.0529246184281,reflection_0_1
HalfCheetah,AMAF,effective_gate,Middle,2,0.415,0.700821373791,0.0914708979555,477,0.160554314491,0.0578978784359,0.0529246184281,reflection_0_1
HalfCheetah,AMAF,effective_gate,Middle,2,0.42,0.705890091085,0.0921324647108,477,0.160554314491,0.0578978784359,0.0529246184281,reflection_0_1
HalfCheetah,AMAF,effective_gate,Middle,2,0.425,0.710600566369,0.0927472738763,477,0.160554314491,0.0578978784359,0.0529246184281,reflection_0_1
HalfCheetah,AMAF,effective_gate,Middle,2,0.43,0.714789822386,0.0932940537321,477,0.160554314491,0.0578978784359,0.0529246184281,reflection_0_1
HalfCheetah,AMAF,effective_gate,Middle,2,0.435,0.718295672988,0.0937516358131,477,0.160554314491,0.0578978784359,0.0529246184281,reflection_0_1
HalfCheetah,AMAF,effective_gate,Middle,2,0.44,0.720959963599,0.0940993778537,477,0.160554314491,0.0578978784359,0.0529246184281,reflection_0_1
HalfCheetah,AMAF,effective_gate,Middle,2,0.445,0.722632065338,0.0943176198385,477,0.160554314491,0.0578978784359,0.0529246184281,reflection_0_1
HalfCheetah,AMAF,effective_gate,Middle,2,0.45,0.723172587119,0.0943881685039,477,0.160554314491,0.0578978784359,0.0529246184281,reflection_0_1
HalfCheetah,AMAF,effective_gate,Middle,2,0.455,0.722457237034,0.0942948013249,477,0.160554314491,0.0578978784359,0.0529246184281,reflection_0_1
HalfCheetah,AMAF,effective_gate,Middle,2,0.46,0.720380727729,0.0940237762423,477,0.160554314491,0.0578978784359,0.0529246184281,reflection_0_1
HalfCheetah,AMAF,effective_gate,Middle,2,0.465,0.716860584227,0.0935643286583,477,0.160554314491,0.0578978784359,0.0529246184281,reflection_0_1
HalfCheetah,AMAF,effective_gate,Middle,2,0.47,0.711840681159,0.0929091331142,477,0.160554314491,0.0578978784359,0.0529246184281,reflection_0_1
HalfCheetah,AMAF,effective_gate,Middle,2,0.475,0.705294313882,0.0920547041319,477,0.160554314491,0.0578978784359,0.0529246184281,reflection_0_1
HalfCheetah,AMAF,effective_gate,Middle,2,0.48,0.697226598324,0.09100170944,477,0.160554314491,0.0578978784359,0.0529246184281,reflection_0_1
HalfCheetah,AMAF,effective_gate,Middle,2,0.485,0.687676000214,0.0897551695687,477,0.160554314491,0.0578978784359,0.0529246184281,reflection_0_1
HalfCheetah,AMAF,effective_gate,Middle,2,0.49,0.676714817216,0.0883245207772,477,0.160554314491,0.0578978784359,0.0529246184281,reflection_0_1
HalfCheetah,AMAF,effective_gate,Middle,2,0.495,0.66444847703,0.0867235234426,477,0.160554314491,0.0578978784359,0.0529246184281,reflection_0_1
HalfCheetah,AMAF,effective_gate,Middle,2,0.5,0.651013569085,0.0849700051573,477,0.160554314491,0.0578978784359,0.0529246184281,reflection_0_1
HalfCheetah,AMAF,effective_gate,Middle,2,0.505,0.636574593641,0.083085436423,477,0.160554314491,0.0578978784359,0.0529246184281,reflection_0_1
HalfCheetah,AMAF,effective_gate,Middle,2,0.51,0.621319485396,0.0810943463937,477,0.160554314491,0.0578978784359,0.0529246184281,reflection_0_1
HalfCheetah,AMAF,effective_gate,Middle,2,0.515,0.605454043644,0.0790235959033,477,0.160554314491,0.0578978784359,0.0529246184281,reflection_0_1
HalfCheetah,AMAF,effective_gate,Middle,2,0.52,0.589195471964,0.0769015342672,477,0.160554314491,0.0578978784359,0.0529246184281,reflection_0_1
HalfCheetah,AMAF,effective_gate,Middle,2,0.525,0.572765291577,0.0747570743382,477,0.160554314491,0.0578978784359,0.0529246184281,reflection_0_1
HalfCheetah,AMAF,effective_gate,Middle,2,0.53,0.556381939232,0.0726187263845,477,0.160554314491,0.0578978784359,0.0529246184281,reflection_0_1
HalfCheetah,AMAF,effective_gate,Middle,2,0.535,0.540253388663,0.0705136350468,477,0.160554314491,0.0578978784359,0.0529246184281,reflection_0_1
HalfCheetah,AMAF,effective_gate,Middle,2,0.54,0.524570142208,0.0684666646065,477,0.160554314491,0.0578978784359,0.0529246184281,reflection_0_1
HalfCheetah,AMAF,effective_gate,Middle,2,0.545,0.509498925117,0.06649957597,477,0.160554314491,0.0578978784359,0.0529246184281,reflection_0_1
HalfCheetah,AMAF,effective_gate,Middle,2,0.55,0.495177380437,0.0646303342474,477,0.160554314491,0.0578978784359,0.0529246184281,reflection_0_1
HalfCheetah,AMAF,effective_gate,Middle,2,0.555,0.481710009573,0.0628725789161,477,0.160554314491,0.0578978784359,0.0529246184281,reflection_0_1
HalfCheetah,AMAF,effective_gate,Middle,2,0.56,0.469165536366,0.0612352797817,477,0.160554314491,0.0578978784359,0.0529246184281,reflection_0_1
HalfCheetah,AMAF,effective_gate,Middle,2,0.565,0.457575795663,0.0597225919146,477,0.160554314491,0.0578978784359,0.0529246184281,reflection_0_1
HalfCheetah,AMAF,effective_gate,Middle,2,0.57,0.446936166007,0.0583339121241,477,0.160554314491,0.0578978784359,0.0529246184281,reflection_0_1
HalfCheetah,AMAF,effective_gate,Middle,2,0.575,0.437207485771,0.0570641290519,477,0.160554314491,0.0578978784359,0.0529246184281,reflection_0_1
HalfCheetah,AMAF,effective_gate,Middle,2,0.58,0.428319317865,0.0559040492799,477,0.160554314491,0.0578978784359,0.0529246184281,reflection_0_1
HalfCheetah,AMAF,effective_gate,Middle,2,0.585,0.420174364494,0.0548409735426,477,0.160554314491,0.0578978784359,0.0529246184281,reflection_0_1
HalfCheetah,AMAF,effective_gate,Middle,2,0.59,0.412653783884,0.0538593906638,477,0.160554314491,0.0578978784359,0.0529246184281,reflection_0_1
HalfCheetah,AMAF,effective_gate,Middle,2,0.595,0.405623127681,0.0529417525037,477,0.160554314491,0.0578978784359,0.0529246184281,reflection_0_1
HalfCheetah,AMAF,effective_gate,Middle,2,0.6,0.398938602005,0.0520692911477,477,0.160554314491,0.0578978784359,0.0529246184281,reflection_0_1
HalfCheetah,AMAF,effective_gate,Middle,2,0.605,0.39245335661,0.0512228397666,477,0.160554314491,0.0578978784359,0.0529246184281,reflection_0_1
HalfCheetah,AMAF,effective_gate,Middle,2,0.61,0.386023524081,0.0503836208485,477,0.160554314491,0.0578978784359,0.0529246184281,reflection_0_1
HalfCheetah,AMAF,effective_gate,Middle,2,0.615,0.379513761942,0.0495339695528,477,0.160554314491,0.0578978784359,0.0529246184281,reflection_0_1
HalfCheetah,AMAF,effective_gate,Middle,2,0.62,0.372802092178,0.0486579653624,477,0.160554314491,0.0578978784359,0.0529246184281,reflection_0_1
HalfCheetah,AMAF,effective_gate,Middle,2,0.625,0.365783881315,0.0477419515626,477,0.160554314491,0.0578978784359,0.0529246184281,reflection_0_1
HalfCheetah,AMAF,effective_gate,Middle,2,0.63,0.358374856419,0.0467749288866,477,0.160554314491,0.0578978784359,0.0529246184281,reflection_0_1
HalfCheetah,AMAF,effective_gate,Middle,2,0.635,0.350513104622,0.0457488164943,477,0.160554314491,0.0578978784359,0.0529246184281,reflection_0_1
HalfCheetah,AMAF,effective_gate,Middle,2,0.64,0.342160053166,0.0446585798864,477,0.160554314491,0.0578978784359,0.0529246184281,reflection_0_1
HalfCheetah,AMAF,effective_gate,Middle,2,0.645,0.333300470927,0.0435022311031,477,0.160554314491,0.0578978784359,0.0529246184281,reflection_0_1
HalfCheetah,AMAF,effective_gate,Middle,2,0.65,0.323941569355,0.0422807113797,477,0.160554314491,0.0578978784359,0.0529246184281,reflection_0_1
HalfCheetah,AMAF,effective_gate,Middle,2,0.655,0.314111309759,0.0409976702139,477,0.160554314491,0.0578978784359,0.0529246184281,reflection_0_1
HalfCheetah,AMAF,effective_gate,Middle,2,0.66,0.303856044631,0.0396591575129,477,0.160554314491,0.0578978784359,0.0529246184281,reflection_0_1
HalfCheetah,AMAF,effective_gate,Middle,2,0.665,0.293237633707,0.038273247182,477,0.160554314491,0.0578978784359,0.0529246184281,reflection_0_1
HalfCheetah,AMAF,effective_gate,Middle,2,0.67,0.282330181472,0.036849611306,477,0.160554314491,0.0578978784359,0.0529246184281,reflection_0_1
HalfCheetah,AMAF,effective_gate,Middle,2,0.675,0.271216543028,0.0353990640966,477,0.160554314491,0.0578978784359,0.0529246184281,reflection_0_1
HalfCheetah,AMAF,effective_gate,Middle,2,0.68,0.259984740789,0.0339330942006,477,0.160554314491,0.0578978784359,0.0529246184281,reflection_0_1
HalfCheetah,AMAF,effective_gate,Middle,2,0.685,0.248724426474,0.032463402921,477,0.160554314491,0.0578978784359,0.0529246184281,reflection_0_1
HalfCheetah,AMAF,effective_gate,Middle,2,0.69,0.237523512272,0.031001464518,477,0.160554314491,0.0578978784359,0.0529246184281,reflection_0_1
HalfCheetah,AMAF,effective_gate,Middle,2,0.695,0.226465082398,0.0295581231069,477,0.160554314491,0.0578978784359,0.0529246184281,reflection_0_1
HalfCheetah,AMAF,effective_gate,Middle,2,0.7,0.215624681916,0.0281432387963,477,0.160554314491,0.0578978784359,0.0529246184281,reflection_0_1
HalfCheetah,AMAF,effective_gate,Middle,2,0.705,0.205068063747,0.0267653936287,477,0.160554314491,0.0578978784359,0.0529246184281,reflection_0_1
HalfCheetah,AMAF,effective_gate,Middle,2,0.71,0.19484945714,0.0254316655817,477,0.160554314491,0.0578978784359,0.0529246184281,reflection_0_1
HalfCheetah,AMAF,effective_gate,Middle,2,0.715,0.185010401496,0.0241474763596,477,0.160554314491,0.0578978784359,0.0529246184281,reflection_0_1
HalfCheetah,AMAF,effective_gate,Middle,2,0.72,0.175579168331,0.0229165159484,477,0.160554314491,0.0578978784359,0.0529246184281,reflection_0_1
HalfCheetah,AMAF,effective_gate,Middle,2,0.725,0.166570771629,0.0217407439667,477,0.160554314491,0.0578978784359,0.0529246184281,reflection_0_1
HalfCheetah,AMAF,effective_gate,Middle,2,0.73,0.157987543357,0.0206204647818,477,0.160554314491,0.0578978784359,0.0529246184281,reflection_0_1
HalfCheetah,AMAF,effective_gate,Middle,2,0.735,0.149820227456,0.019554470297,477,0.160554314491,0.0578978784359,0.0529246184281,reflection_0_1
HalfCheetah,AMAF,effective_gate,Middle,2,0.74,0.142049523251,0.0185402413965,477,0.160554314491,0.0578978784359,0.0529246184281,reflection_0_1
HalfCheetah,AMAF,effective_gate,Middle,2,0.745,0.13464798931,0.0175741964367,477,0.160554314491,0.0578978784359,0.0529246184281,reflection_0_1
HalfCheetah,AMAF,effective_gate,Middle,2,0.75,0.127582202726,0.0166519730746,477,0.160554314491,0.0578978784359,0.0529246184281,reflection_0_1
HalfCheetah,AMAF,effective_gate,Middle,2,0.755,0.120815057853,0.0157687282974,477,0.160554314491,0.0578978784359,0.0529246184281,reflection_0_1
HalfCheetah,AMAF,effective_gate,Middle,2,0.76,0.114308083719,0.0149194408908,477,0.160554314491,0.0578978784359,0.0529246184281,reflection_0_1
HalfCheetah,AMAF,effective_gate,Middle,2,0.765,0.108023661337,0.0140992008412,477,0.160554314491,0.0578978784359,0.0529246184281,reflection_0_1
HalfCheetah,AMAF,effective_gate,Middle,2,0.77,0.101927030967,0.0133034713226,477,0.160554314491,0.0578978784359,0.0529246184281,reflection_0_1
HalfCheetah,AMAF,effective_gate,Middle,2,0.775,0.0959879946823,0.0125283109147,477,0.160554314491,0.0578978784359,0.0529246184281,reflection_0_1
HalfCheetah,AMAF,effective_gate,Middle,2,0.78,0.09018224037,0.0117705464114,477,0.160554314491,0.0578978784359,0.0529246184281,reflection_0_1
HalfCheetah,AMAF,effective_gate,Middle,2,0.785,0.084492238101,0.0110278898139,477,0.160554314491,0.0578978784359,0.0529246184281,reflection_0_1
HalfCheetah,AMAF,effective_gate,Middle,2,0.79,0.0789076869103,0.0102989966448,477,0.160554314491,0.0578978784359,0.0529246184281,reflection_0_1
HalfCheetah,AMAF,effective_gate,Middle,2,0.795,0.0734255174558,0.00958346629498,477,0.160554314491,0.0578978784359,0.0529246184281,reflection_0_1
HalfCheetah,AMAF,effective_gate,Middle,2,0.8,0.0680494818689,0.00888178849095,477,0.160554314491,0.0578978784359,0.0529246184281,reflection_0_1
HalfCheetah,AMAF,effective_gate,Middle,2,0.805,0.0627893845912,0.00819524290413,477,0.160554314491,0.0578978784359,0.0529246184281,reflection_0_1
HalfCheetah,AMAF,effective_gate,Middle,2,0.81,0.0576600256901,0.00752576123281,477,0.160554314491,0.0578978784359,0.0529246184281,reflection_0_1
HalfCheetah,AMAF,effective_gate,Middle,2,0.815,0.0526799400604,0.00687576264334,477,0.160554314491,0.0578978784359,0.0529246184281,reflection_0_1
HalfCheetah,AMAF,effective_gate,Middle,2,0.82,0.0478700215779,0.00624797419518,477,0.160554314491,0.0578978784359,0.0529246184281,reflection_0_1
HalfCheetah,AMAF,effective_gate,Middle,2,0.825,0.0432521206951,0.00564524779981,477,0.160554314491,0.0578978784359,0.0529246184281,reflection_0_1
HalfCheetah,AMAF,effective_gate,Middle,2,0.83,0.0388476976927,0.00507038444365,477,0.160554314491,0.0578978784359,0.0529246184281,reflection_0_1
HalfCheetah,AMAF,effective_gate,Middle,2,0.835,0.034676602732,0.00452597496104,477,0.160554314491,0.0578978784359,0.0529246184281,reflection_0_1
HalfCheetah,AMAF,effective_gate,Middle,2,0.84,0.0307560392155,0.00401426473251,477,0.160554314491,0.0578978784359,0.0529246184281,reflection_0_1
HalfCheetah,AMAF,effective_gate,Middle,2,0.845,0.0270997501302,0.00353704748668,477,0.160554314491,0.0578978784359,0.0529246184281,reflection_0_1
HalfCheetah,AMAF,effective_gate,Middle,2,0.85,0.0237174494368,0.00309559108545,477,0.160554314491,0.0578978784359,0.0529246184281,reflection_0_1
HalfCheetah,AMAF,effective_gate,Middle,2,0.855,0.0206145034967,0.00269059594393,477,0.160554314491,0.0578978784359,0.0529246184281,reflection_0_1
HalfCheetah,AMAF,effective_gate,Middle,2,0.86,0.0177918521347,0.00232218472768,477,0.160554314491,0.0578978784359,0.0529246184281,reflection_0_1
HalfCheetah,AMAF,effective_gate,Middle,2,0.865,0.0152461461012,0.00198992029408,477,0.160554314491,0.0578978784359,0.0529246184281,reflection_0_1
HalfCheetah,AMAF,effective_gate,Middle,2,0.87,0.0129700679798,0.00169284757718,477,0.160554314491,0.0578978784359,0.0529246184281,reflection_0_1
HalfCheetah,AMAF,effective_gate,Middle,2,0.875,0.0109527972694,0.0014295542899,477,0.160554314491,0.0578978784359,0.0529246184281,reflection_0_1
HalfCheetah,AMAF,effective_gate,Middle,2,0.88,0.0091805774071,0.00119824493171,477,0.160554314491,0.0578978784359,0.0529246184281,reflection_0_1
HalfCheetah,AMAF,effective_gate,Middle,2,0.885,0.00763734263168,0.0009968226065,477,0.160554314491,0.0578978784359,0.0529246184281,reflection_0_1
HalfCheetah,AMAF,effective_gate,Middle,2,0.89,0.00630536533363,0.00082297351447,477,0.160554314491,0.0578978784359,0.0529246184281,reflection_0_1
HalfCheetah,AMAF,effective_gate,Middle,2,0.895,0.00516588932451,0.000674249606138,477,0.160554314491,0.0578978784359,0.0529246184281,reflection_0_1
HalfCheetah,AMAF,effective_gate,Middle,2,0.9,0.00419972062261,0.000548145691439,477,0.160554314491,0.0578978784359,0.0529246184281,reflection_0_1
HalfCheetah,AMAF,effective_gate,Middle,2,0.905,0.00338775425774,0.000442168198055,477,0.160554314491,0.0578978784359,0.0529246184281,reflection_0_1
HalfCheetah,AMAF,effective_gate,Middle,2,0.91,0.00271142265102,0.000353893693744,477,0.160554314491,0.0578978784359,0.0529246184281,reflection_0_1
HalfCheetah,AMAF,effective_gate,Middle,2,0.915,0.00215305782743,0.000281016162163,477,0.160554314491,0.0578978784359,0.0529246184281,reflection_0_1
HalfCheetah,AMAF,effective_gate,Middle,2,0.92,0.00169616568563,0.000221382800451,477,0.160554314491,0.0578978784359,0.0529246184281,reflection_0_1
HalfCheetah,AMAF,effective_gate,Middle,2,0.925,0.00132561552172,0.000173018755778,477,0.160554314491,0.0578978784359,0.0529246184281,reflection_0_1
HalfCheetah,AMAF,effective_gate,Middle,2,0.93,0.00102775184273,0.000134141719197,477,0.160554314491,0.0578978784359,0.0529246184281,reflection_0_1
HalfCheetah,AMAF,effective_gate,Middle,2,0.935,0.000790438183607,0.000103167644619,477,0.160554314491,0.0578978784359,0.0529246184281,reflection_0_1
HalfCheetah,AMAF,effective_gate,Middle,2,0.94,0.000603044218706,7.87090666106e-05,477,0.160554314491,0.0578978784359,0.0529246184281,reflection_0_1
HalfCheetah,AMAF,effective_gate,Middle,2,0.945,0.000456388063814,5.95675696752e-05,477,0.160554314491,0.0578978784359,0.0529246184281,reflection_0_1
HalfCheetah,AMAF,effective_gate,Middle,2,0.95,0.000342645468292,4.47219360555e-05,477,0.160554314491,0.0578978784359,0.0529246184281,reflection_0_1
HalfCheetah,AMAF,effective_gate,Middle,2,0.955,0.000255236791629,3.33133939613e-05,477,0.160554314491,0.0578978784359,0.0529246184281,reflection_0_1
HalfCheetah,AMAF,effective_gate,Middle,2,0.96,0.00018870143769,2.46292287828e-05,477,0.160554314491,0.0578978784359,0.0529246184281,reflection_0_1
HalfCheetah,AMAF,effective_gate,Middle,2,0.965,0.000138567963558,1.80858297542e-05,477,0.160554314491,0.0578978784359,0.0529246184281,reflection_0_1
HalfCheetah,AMAF,effective_gate,Middle,2,0.97,0.000101226543759,1.32120440398e-05,477,0.160554314491,0.0578978784359,0.0529246184281,reflection_0_1
HalfCheetah,AMAF,effective_gate,Middle,2,0.975,7.38089799219e-05,9.63351564766e-06,477,0.160554314491,0.0578978784359,0.0529246184281,reflection_0_1
HalfCheetah,AMAF,effective_gate,Middle,2,0.98,5.40800927065e-05,7.05850995185e-06,477,0.160554314491,0.0578978784359,0.0529246184281,reflection_0_1
HalfCheetah,AMAF,effective_gate,Middle,2,0.985,4.03431765922e-05,5.2655736929e-06,477,0.160554314491,0.0578978784359,0.0529246184281,reflection_0_1
HalfCheetah,AMAF,effective_gate,Middle,2,0.99,3.13612687574e-05,4.09325902654e-06,477,0.160554314491,0.0578978784359,0.0529246184281,reflection_0_1
HalfCheetah,AMAF,effective_gate,Middle,2,0.995,2.62952850477e-05,3.43204905737e-06,477,0.160554314491,0.0578978784359,0.0529246184281,reflection_0_1
HalfCheetah,AMAF,effective_gate,Middle,2,1,2.46595923619e-05,3.2185591663e-06,477,0.160554314491,0.0578978784359,0.0529246184281,reflection_0_1
HalfCheetah,AMAF,effective_gate,Late,3,0,34.781633523,1,470,0.0775250677486,0.00175696702431,0.015,reflection_0_1
HalfCheetah,AMAF,effective_gate,Late,3,0.005,33.0984240025,0.951606369512,470,0.0775250677486,0.00175696702431,0.015,reflection_0_1
HalfCheetah,AMAF,effective_gate,Late,3,0.01,28.5604746104,0.821136666612,470,0.0775250677486,0.00175696702431,0.015,reflection_0_1
HalfCheetah,AMAF,effective_gate,Late,3,0.015,22.4503177041,0.645464730378,470,0.0775250677486,0.00175696702431,0.015,reflection_0_1
HalfCheetah,AMAF,effective_gate,Late,3,0.02,16.2326541941,0.466701892634,470,0.0775250677486,0.00175696702431,0.015,reflection_0_1
HalfCheetah,AMAF,effective_gate,Late,3,0.025,10.9955567142,0.316131118653,470,0.0775250677486,0.00175696702431,0.015,reflection_0_1
HalfCheetah,AMAF,effective_gate,Late,3,0.03,7.2017514762,0.207056160011,470,0.0775250677486,0.00175696702431,0.015,reflection_0_1
HalfCheetah,AMAF,effective_gate,Late,3,0.035,4.77737650895,0.137353425502,470,0.0775250677486,0.00175696702431,0.015,reflection_0_1
HalfCheetah,AMAF,effective_gate,Late,3,0.04,3.37095856058,0.096917775824,470,0.0775250677486,0.00175696702431,0.015,reflection_0_1
HalfCheetah,AMAF,effective_gate,Late,3,0.045,2.59324403546,0.0745578563395,470,0.0775250677486,0.00175696702431,0.015,reflection_0_1
HalfCheetah,AMAF,effective_gate,Late,3,0.05,2.14554987755,0.0616862884294,470,0.0775250677486,0.00175696702431,0.015,reflection_0_1
HalfCheetah,AMAF,effective_gate,Late,3,0.055,1.84564725864,0.0530638463953,470,0.0775250677486,0.00175696702431,0.015,reflection_0_1
HalfCheetah,AMAF,effective_gate,Late,3,0.06,1.60235367402,0.0460689597274,470,0.0775250677486,0.00175696702431,0.015,reflection_0_1
HalfCheetah,AMAF,effective_gate,Late,3,0.065,1.38100510425,0.0397050099253,470,0.0775250677486,0.00175696702431,0.015,reflection_0_1
HalfCheetah,AMAF,effective_gate,Late,3,0.07,1.17742937754,0.0338520436875,470,0.0775250677486,0.00175696702431,0.015,reflection_0_1
HalfCheetah,AMAF,effective_gate,Late,3,0.075,1.00149171408,0.0287936940459,470,0.0775250677486,0.00175696702431,0.015,reflection_0_1
HalfCheetah,AMAF,effective_gate,Late,3,0.08,0.86640637374,0.0249098816238,470,0.0775250677486,0.00175696702431,0.015,reflection_0_1
HalfCheetah,AMAF,effective_gate,Late,3,0.085,0.781236241251,0.0224611716622,470,0.0775250677486,0.00175696702431,0.015,reflection_0_1
HalfCheetah,AMAF,effective_gate,Late,3,0.09,0.746217632237,0.0214543584258,470,0.0775250677486,0.00175696702431,0.015,reflection_0_1
HalfCheetah,AMAF,effective_gate,Late,3,0.095,0.75158299894,0.0216086170433,470,0.0775250677486,0.00175696702431,0.015,reflection_0_1
HalfCheetah,AMAF,effective_gate,Late,3,0.1,0.780060325303,0.0224273631308,470,0.0775250677486,0.00175696702431,0.015,reflection_0_1
HalfCheetah,AMAF,effective_gate,Late,3,0.105,0.811825852448,0.0233406476412,470,0.0775250677486,0.00175696702431,0.015,reflection_0_1
HalfCheetah,AMAF,effective_gate,Late,3,0.11,0.829665584474,0.023853554317,470,0.0775250677486,0.00175696702431,0.015,reflection_0_1
HalfCheetah,AMAF,effective_gate,Late,3,0.115,0.822487322569,0.0236471735011,470,0.0775250677486,0.00175696702431,0.015,reflection_0_1
HalfCheetah,AMAF,effective_gate,Late,3,0.12,0.786759187515,0.0226199608191,470,0.0775250677486,0.00175696702431,0.015,reflection_0_1
HalfCheetah,AMAF,effective_gate,Late,3,0.125,0.726465663916,0.0208864734152,470,0.0775250677486,0.00175696702431,0.015,reflection_0_1
HalfCheetah,AMAF,effective_gate,Late,3,0.13,0.651914250856,0.0187430601965,470,0.0775250677486,0.00175696702431,0.015,reflection_0_1
HalfCheetah,AMAF,effective_gate,Late,3,0.135,0.57702545218,0.0165899468694,470,0.0775250677486,0.00175696702431,0.015,reflection_0_1
HalfCheetah,AMAF,effective_gate,Late,3,0.14,0.515030573227,0.0148075441277,470,0.0775250677486,0.00175696702431,0.015,reflection_0_1
HalfCheetah,AMAF,effective_gate,Late,3,0.145,0.473889864975,0.0136247156034,470,0.0775250677486,0.00175696702431,0.015,reflection_0_1
HalfCheetah,AMAF,effective_gate,Late,3,0.15,0.453722660186,0.0130448922097,470,0.0775250677486,0.00175696702431,0.015,reflection_0_1
HalfCheetah,AMAF,effective_gate,Late,3,0.155,0.447767731267,0.0128736832033,470,0.0775250677486,0.00175696702431,0.015,reflection_0_1
HalfCheetah,AMAF,effective_gate,Late,3,0.16,0.446293269724,0.0128312912454,470,0.0775250677486,0.00175696702431,0.015,reflection_0_1
HalfCheetah,AMAF,effective_gate,Late,3,0.165,0.44118983316,0.0126845633305,470,0.0775250677486,0.00175696702431,0.015,reflection_0_1
HalfCheetah,AMAF,effective_gate,Late,3,0.17,0.428935344818,0.0123322369127,470,0.0775250677486,0.00175696702431,0.015,reflection_0_1
HalfCheetah,AMAF,effective_gate,Late,3,0.175,0.410916118851,0.0118141696416,470,0.0775250677486,0.00175696702431,0.015,reflection_0_1
HalfCheetah,AMAF,effective_gate,Late,3,0.18,0.391549626269,0.0112573673692,470,0.0775250677486,0.00175696702431,0.015,reflection_0_1
HalfCheetah,AMAF,effective_gate,Late,3,0.185,0.37546457846,0.0107949092791,470,0.0775250677486,0.00175696702431,0.015,reflection_0_1
HalfCheetah,AMAF,effective_gate,Late,3,0.19,0.365083659084,0.0104964494794,470,0.0775250677486,0.00175696702431,0.015,reflection_0_1
HalfCheetah,AMAF,effective_gate,Late,3,0.195,0.359564483585,0.010337768735,470,0.0775250677486,0.00175696702431,0.015,reflection_0_1
HalfCheetah,AMAF,effective_gate,Late,3,0.2,0.35537946091,0.0102174459597,470,0.0775250677486,0.00175696702431,0.015,reflection_0_1
HalfCheetah,AMAF,effective_gate,Late,3,0.205,0.348096254482,0.0100080479041,470,0.0775250677486,0.00175696702431,0.015,reflection_0_1
HalfCheetah,AMAF,effective_gate,Late,3,0.21,0.334487408147,0.0096167826024,470,0.0775250677486,0.00175696702431,0.015,reflection_0_1
HalfCheetah,AMAF,effective_gate,Late,3,0.215,0.314096151882,0.00903051754811,470,0.0775250677486,0.00175696702431,0.015,reflection_0_1
HalfCheetah,AMAF,effective_gate,Late,3,0.22,0.289650855413,0.00832769557018,470,0.0775250677486,0.00175696702431,0.015,reflection_0_1
HalfCheetah,AMAF,effective_gate,Late,3,0.225,0.26608347985,0.00765011452593,470,0.0775250677486,0.00175696702431,0.015,reflection_0_1
HalfCheetah,AMAF,effective_gate,Late,3,0.23,0.248430938062,0.00714258972044,470,0.0775250677486,0.00175696702431,0.015,reflection_0_1
HalfCheetah,AMAF,effective_gate,Late,3,0.235,0.239584766919,0.0068882551695,470,0.0775250677486,0.00175696702431,0.015,reflection_0_1
HalfCheetah,AMAF,effective_gate,Late,3,0.24,0.239246781647,0.0068785378205,470,0.0775250677486,0.00175696702431,0.015,reflection_0_1
HalfCheetah,AMAF,effective_gate,Late,3,0.245,0.244895905739,0.00704095469171,470,0.0775250677486,0.00175696702431,0.015,reflection_0_1
HalfCheetah,AMAF,effective_gate,Late,3,0.25,0.254100864518,0.00730560467637,470,0.0775250677486,0.00175696702431,0.015,reflection_0_1
HalfCheetah,AMAF,effective_gate,Late,3,0.255,0.266257168914,0.00765510822652,470,0.0775250677486,0.00175696702431,0.015,reflection_0_1
HalfCheetah,AMAF,effective_gate,Late,3,0.26,0.28215355682,0.00811214219232,470,0.0775250677486,0.00175696702431,0.015,reflection_0_1
HalfCheetah,AMAF,effective_gate,Late,3,0.265,0.301733340411,0.00867507675313,470,0.0775250677486,0.00175696702431,0.015,reflection_0_1
HalfCheetah,AMAF,effective_gate,Late,3,0.27,0.322285888914,0.00926597908924,470,0.0775250677486,0.00175696702431,0.015,reflection_0_1
HalfCheetah,AMAF,effective_gate,Late,3,0.275,0.339137554481,0.00975047805779,470,0.0775250677486,0.00175696702431,0.015,reflection_0_1
HalfCheetah,AMAF,effective_gate,Late,3,0.28,0.348660302074,0.010024264727,470,0.0775250677486,0.00175696702431,0.015,reflection_0_1
HalfCheetah,AMAF,effective_gate,Late,3,0.285,0.351177995344,0.010096650438,470,0.0775250677486,0.00175696702431,0.015,reflection_0_1
HalfCheetah,AMAF,effective_gate,Late,3,0.29,0.35128095789,0.0100996106942,470,0.0775250677486,0.00175696702431,0.015,reflection_0_1
HalfCheetah,AMAF,effective_gate,Late,3,0.295,0.355179165398,0.0102116873022,470,0.0775250677486,0.00175696702431,0.015,reflection_0_1
HalfCheetah,AMAF,effective_gate,Late,3,0.3,0.367002073137,0.0105516054297,470,0.0775250677486,0.00175696702431,0.015,reflection_0_1
HalfCheetah,AMAF,effective_gate,Late,3,0.305,0.386459093671,0.0111110104537,470,0.0775250677486,0.00175696702431,0.015,reflection_0_1
HalfCheetah,AMAF,effective_gate,Late,3,0.31,0.408966061017,0.0117581039069,470,0.0775250677486,0.00175696702431,0.015,reflection_0_1
HalfCheetah,AMAF,effective_gate,Late,3,0.315,0.427703859106,0.0122968307059,470,0.0775250677486,0.00175696702431,0.015,reflection_0_1
HalfCheetah,AMAF,effective_gate,Late,3,0.32,0.436367115507,0.0125459063105,470,0.0775250677486,0.00175696702431,0.015,reflection_0_1
HalfCheetah,AMAF,effective_gate,Late,3,0.325,0.431568964071,0.0124079555891,470,0.0775250677486,0.00175696702431,0.015,reflection_0_1
HalfCheetah,AMAF,effective_gate,Late,3,0.33,0.414249089278,0.0119099952279,470,0.0775250677486,0.00175696702431,0.015,reflection_0_1
HalfCheetah,AMAF,effective_gate,Late,3,0.335,0.389625401016,0.0112020443421,470,0.0775250677486,0.00175696702431,0.015,reflection_0_1
HalfCheetah,AMAF,effective_gate,Late,3,0.34,0.365527691845,0.0105092157792,470,0.0775250677486,0.00175696702431,0.015,reflection_0_1
HalfCheetah,AMAF,effective_gate,Late,3,0.345,0.349620405009,0.0100518684603,470,0.0775250677486,0.00175696702431,0.015,reflection_0_1
HalfCheetah,AMAF,effective_gate,Late,3,0.35,0.346707621379,0.00996812358308,470,0.0775250677486,0.00175696702431,0.015,reflection_0_1
HalfCheetah,AMAF,effective_gate,Late,3,0.355,0.357343826059,0.0102739230411,470,0.0775250677486,0.00175696702431,0.015,reflection_0_1
HalfCheetah,AMAF,effective_gate,Late,3,0.36,0.378186070847,0.0108731543789,470,0.0775250677486,0.00175696702431,0.015,reflection_0_1
HalfCheetah,AMAF,effective_gate,Late,3,0.365,0.403561119093,0.0116027074699,470,0.0775250677486,0.00175696702431,0.015,reflection_0_1
HalfCheetah,AMAF,effective_gate,Late,3,0.37,0.427358612834,0.0122869045972,470,0.0775250677486,0.00175696702431,0.015,reflection_0_1
HalfCheetah,AMAF,effective_gate,Late,3,0.375,0.44465344654,0.012784145007,470,0.0775250677486,0.00175696702431,0.015,reflection_0_1
HalfCheetah,AMAF,effective_gate,Late,3,0.38,0.452808626566,0.0130186130064,470,0.0775250677486,0.00175696702431,0.015,reflection_0_1
HalfCheetah,AMAF,effective_gate,Late,3,0.385,0.451831009518,0.0129905057282,470,0.0775250677486,0.00175696702431,0.015,reflection_0_1
HalfCheetah,AMAF,effective_gate,Late,3,0.39,0.443752494819,0.0127582419188,470,0.0775250677486,0.00175696702431,0.015,reflection_0_1
HalfCheetah,AMAF,effective_gate,Late,3,0.395,0.431224042351,0.0123980388116,470,0.0775250677486,0.00175696702431,0.015,reflection_0_1
HalfCheetah,AMAF,effective_gate,Late,3,0.4,0.416134137823,0.011964191893,470,0.0775250677486,0.00175696702431,0.015,reflection_0_1
HalfCheetah,AMAF,effective_gate,Late,3,0.405,0.399183791094,0.0114768557615,470,0.0775250677486,0.00175696702431,0.015,reflection_0_1
HalfCheetah,AMAF,effective_gate,Late,3,0.41,0.380646169749,0.0109438842053,470,0.0775250677486,0.00175696702431,0.015,reflection_0_1
HalfCheetah,AMAF,effective_gate,Late,3,0.415,0.361577464316,0.0103956435536,470,0.0775250677486,0.00175696702431,0.015,reflection_0_1
HalfCheetah,AMAF,effective_gate,Late,3,0.42,0.344419034387,0.00990232486233,470,0.0775250677486,0.00175696702431,0.015,reflection_0_1
HalfCheetah,AMAF,effective_gate,Late,3,0.425,0.33250884082,0.00955989719689,470,0.0775250677486,0.00175696702431,0.015,reflection_0_1
HalfCheetah,AMAF,effective_gate,Late,3,0.43,0.328911741862,0.00945647770235,470,0.0775250677486,0.00175696702431,0.015,reflection_0_1
HalfCheetah,AMAF,effective_gate,Late,3,0.435,0.335396972335,0.00964293330596,470,0.0775250677486,0.00175696702431,0.015,reflection_0_1
HalfCheetah,AMAF,effective_gate,Late,3,0.44,0.352096553366,0.0101230597215,470,0.0775250677486,0.00175696702431,0.015,reflection_0_1
HalfCheetah,AMAF,effective_gate,Late,3,0.445,0.377751085667,0.0108606482044,470,0.0775250677486,0.00175696702431,0.015,reflection_0_1
HalfCheetah,AMAF,effective_gate,Late,3,0.45,0.410038054969,0.0117889245972,470,0.0775250677486,0.00175696702431,0.015,reflection_0_1
HalfCheetah,AMAF,effective_gate,Late,3,0.455,0.445595369387,0.0128112260481,470,0.0775250677486,0.00175696702431,0.015,reflection_0_1
HalfCheetah,AMAF,effective_gate,Late,3,0.46,0.479915076602,0.0137979452945,470,0.0775250677486,0.00175696702431,0.015,reflection_0_1
HalfCheetah,AMAF,effective_gate,Late,3,0.465,0.507781711451,0.0145991335086,470,0.0775250677486,0.00175696702431,0.015,reflection_0_1
HalfCheetah,AMAF,effective_gate,Late,3,0.47,0.524717339053,0.0150860464534,470,0.0775250677486,0.00175696702431,0.015,reflection_0_1
HalfCheetah,AMAF,effective_gate,Late,3,0.475,0.528889638614,0.0152060034289,470,0.0775250677486,0.00175696702431,0.015,reflection_0_1
HalfCheetah,AMAF,effective_gate,Late,3,0.48,0.5220466868,0.0150092630484,470,0.0775250677486,0.00175696702431,0.015,reflection_0_1
HalfCheetah,AMAF,effective_gate,Late,3,0.485,0.508393884353,0.014616733973,470,0.0775250677486,0.00175696702431,0.015,reflection_0_1
HalfCheetah,AMAF,effective_gate,Late,3,0.49,0.491902592892,0.0141425960505,470,0.0775250677486,0.00175696702431,0.015,reflection_0_1
HalfCheetah,AMAF,effective_gate,Late,3,0.495,0.473920904342,0.0136256080103,470,0.0775250677486,0.00175696702431,0.015,reflection_0_1
HalfCheetah,AMAF,effective_gate,Late,3,0.5,0.45277853143,0.0130177477469,470,0.0775250677486,0.00175696702431,0.015,reflection_0_1
HalfCheetah,AMAF,effective_gate,Late,3,0.505,0.42550316883,0.0122335590865,470,0.0775250677486,0.00175696702431,0.015,reflection_0_1
HalfCheetah,AMAF,effective_gate,Late,3,0.51,0.390263328445,0.0112203852699,470,0.0775250677486,0.00175696702431,0.015,reflection_0_1
HalfCheetah,AMAF,effective_gate,Late,3,0.515,0.347929589295,0.0100032561457,470,0.0775250677486,0.00175696702431,0.015,reflection_0_1
HalfCheetah,AMAF,effective_gate,Late,3,0.52,0.302069059225,0.00868472893963,470,0.0775250677486,0.00175696702431,0.015,reflection_0_1
HalfCheetah,AMAF,effective_gate,Late,3,0.525,0.257722917443,0.00740974161758,470,0.0775250677486,0.00175696702431,0.015,reflection_0_1
HalfCheetah,AMAF,effective_gate,Late,3,0.53,0.219730412088,0.00631742646424,470,0.0775250677486,0.00175696702431,0.015,reflection_0_1
HalfCheetah,AMAF,effective_gate,Late,3,0.535,0.191262001618,0.00549893671588,470,0.0775250677486,0.00175696702431,0.015,reflection_0_1
HalfCheetah,AMAF,effective_gate,Late,3,0.54,0.173034911858,0.00497489319307,470,0.0775250677486,0.00175696702431,0.015,reflection_0_1
HalfCheetah,AMAF,effective_gate,Late,3,0.545,0.163479797398,0.00470017595034,470,0.0775250677486,0.00175696702431,0.015,reflection_0_1
HalfCheetah,AMAF,effective_gate,Late,3,0.55,0.159723788483,0.00459218766644,470,0.0775250677486,0.00175696702431,0.015,reflection_0_1
HalfCheetah,AMAF,effective_gate,Late,3,0.555,0.158769641078,0.00456475515943,470,0.0775250677486,0.00175696702431,0.015,reflection_0_1
HalfCheetah,AMAF,effective_gate,Late,3,0.56,0.158157119236,0.00454714466274,470,0.0775250677486,0.00175696702431,0.015,reflection_0_1
HalfCheetah,AMAF,effective_gate,Late,3,0.565,0.155914544353,0.0044826688272,470,0.0775250677486,0.00175696702431,0.015,reflection_0_1
HalfCheetah,AMAF,effective_gate,Late,3,0.57,0.1503013732,0.00432128563198,470,0.0775250677486,0.00175696702431,0.015,reflection_0_1
HalfCheetah,AMAF,effective_gate,Late,3,0.575,0.140001655389,0.00402516044269,470,0.0775250677486,0.00175696702431,0.015,reflection_0_1
HalfCheetah,AMAF,effective_gate,Late,3,0.58,0.124865351629,0.00358997950878,470,0.0775250677486,0.00175696702431,0.015,reflection_0_1
HalfCheetah,AMAF,effective_gate,Late,3,0.585,0.106567417606,0.0030638991563,470,0.0775250677486,0.00175696702431,0.015,reflection_0_1
HalfCheetah,AMAF,effective_gate,Late,3,0.59,0.088394279895,0.0025414067984,470,0.0775250677486,0.00175696702431,0.015,reflection_0_1
HalfCheetah,AMAF,effective_gate,Late,3,0.595,0.0739564534703,0.00212630765089,470,0.0775250677486,0.00175696702431,0.015,reflection_0_1
HalfCheetah,AMAF,effective_gate,Late,3,0.6,0.0654687043722,0.00188227802265,470,0.0775250677486,0.00175696702431,0.015,reflection_0_1
HalfCheetah,AMAF,effective_gate,Late,3,0.605,0.0626563449241,0.00180142042158,470,0.0775250677486,0.00175696702431,0.015,reflection_0_1
HalfCheetah,AMAF,effective_gate,Late,3,0.61,0.0630295811177,0.00181215126299,470,0.0775250677486,0.00175696702431,0.015,reflection_0_1
HalfCheetah,AMAF,effective_gate,Late,3,0.615,0.0634397785509,0.00182394476984,470,0.0775250677486,0.00175696702431,0.015,reflection_0_1
HalfCheetah,AMAF,effective_gate,Late,3,0.62,0.0620355561876,0.00178357224501,470,0.0775250677486,0.00175696702431,0.015,reflection_0_1
HalfCheetah,AMAF,effective_gate,Late,3,0.625,0.0594865547054,0.00171028639773,470,0.0775250677486,0.00175696702431,0.015,reflection_0_1
HalfCheetah,AMAF,effective_gate,Late,3,0.63,0.0587967837337,0.0016904549263,470,0.0775250677486,0.00175696702431,0.015,reflection_0_1
HalfCheetah,AMAF,effective_gate,Late,3,0.635,0.063863048337,0.00183611411737,470,0.0775250677486,0.00175696702431,0.015,reflection_0_1
HalfCheetah,AMAF,effective_gate,Late,3,0.64,0.0775731971257,0.0022302919463,470,0.0775250677486,0.00175696702431,0.015,reflection_0_1
HalfCheetah,AMAF,effective_gate,Late,3,0.645,0.100320969793,0.00288430874665,470,0.0775250677486,0.00175696702431,0.015,reflection_0_1
HalfCheetah,AMAF,effective_gate,Late,3,0.65,0.129445553908,0.00372166401622,470,0.0775250677486,0.00175696702431,0.015,reflection_0_1
HalfCheetah,AMAF,effective_gate,Late,3,0.655,0.159670329234,0.00459065066993,470,0.0775250677486,0.00175696702431,0.015,reflection_0_1
HalfCheetah,AMAF,effective_gate,Late,3,0.66,0.18437705703,0.00530098900927,470,0.0775250677486,0.00175696702431,0.015,reflection_0_1
HalfCheetah,AMAF,effective_gate,Late,3,0.665,0.197448288306,0.0056767974447,470,0.0775250677486,0.00175696702431,0.015,reflection_0_1
HalfCheetah,AMAF,effective_gate,Late,3,0.67,0.195240358072,0.00561331767074,470,0.0775250677486,0.00175696702431,0.015,reflection_0_1
HalfCheetah,AMAF,effective_gate,Late,3,0.675,0.178005877803,0.00511781247092,470,0.0775250677486,0.00175696702431,0.015,reflection_0_1
HalfCheetah,AMAF,effective_gate,Late,3,0.68,0.150052437707,0.0043141285359,470,0.0775250677486,0.00175696702431,0.015,reflection_0_1
HalfCheetah,AMAF,effective_gate,Late,3,0.685,0.118362904187,0.00340302890342,470,0.0775250677486,0.00175696702431,0.015,reflection_0_1
HalfCheetah,AMAF,effective_gate,Late,3,0.69,0.0901593507781,0.00259215400905,470,0.0775250677486,0.00175696702431,0.015,reflection_0_1
HalfCheetah,AMAF,effective_gate,Late,3,0.695,0.0704541528743,0.00202561368567,470,0.0775250677486,0.00175696702431,0.015,reflection_0_1
HalfCheetah,AMAF,effective_gate,Late,3,0.7,0.0606112802252,0.00174262316303,470,0.0775250677486,0.00175696702431,0.015,reflection_0_1
HalfCheetah,AMAF,effective_gate,Late,3,0.705,0.0584159611789,0.00167950597088,470,0.0775250677486,0.00175696702431,0.015,reflection_0_1
HalfCheetah,AMAF,effective_gate,Late,3,0.71,0.059485346154,0.00171025165091,470,0.0775250677486,0.00175696702431,0.015,reflection_0_1
HalfCheetah,AMAF,effective_gate,Late,3,0.715,0.0593348404754,0.00170592449133,470,0.0775250677486,0.00175696702431,0.015,reflection_0_1
HalfCheetah,AMAF,effective_gate,Late,3,0.72,0.0551812957251,0.00158650673174,470,0.0775250677486,0.00175696702431,0.015,reflection_0_1
HalfCheetah,AMAF,effective_gate,Late,3,0.725,0.046718843236,0.0013432044014,470,0.0775250677486,0.00175696702431,0.015,reflection_0_1
HalfCheetah,AMAF,effective_gate,Late,3,0.73,0.0356541949155,0.00102508684337,470,0.0775250677486,0.00175696702431,0.015,reflection_0_1
HalfCheetah,AMAF,effective_gate,Late,3,0.735,0.0244646573886,0.000703378619996,470,0.0775250677486,0.00175696702431,0.015,reflection_0_1
HalfCheetah,AMAF,effective_gate,Late,3,0.74,0.0151922816935,0.000436790344636,470,0.0775250677486,0.00175696702431,0.015,reflection_0_1
HalfCheetah,AMAF,effective_gate,Late,3,0.745,0.00888412033557,0.000255425620815,470,0.0775250677486,0.00175696702431,0.015,reflection_0_1
HalfCheetah,AMAF,effective_gate,Late,3,0.75,0.00575368896022,0.000165423195446,470,0.0775250677486,0.00175696702431,0.015,reflection_0_1
HalfCheetah,AMAF,effective_gate,Late,3,0.755,0.00570057686131,0.000163896179791,470,0.0775250677486,0.00175696702431,0.015,reflection_0_1
HalfCheetah,AMAF,effective_gate,Late,3,0.76,0.00872086104929,0.000250731784737,470,0.0775250677486,0.00175696702431,0.015,reflection_0_1
HalfCheetah,AMAF,effective_gate,Late,3,0.765,0.0149131598457,0.00042876536652,470,0.0775250677486,0.00175696702431,0.015,reflection_0_1
HalfCheetah,AMAF,effective_gate,Late,3,0.77,0.0240720783721,0.000692091656826,470,0.0775250677486,0.00175696702431,0.015,reflection_0_1
HalfCheetah,AMAF,effective_gate,Late,3,0.775,0.0351470466259,0.00101050592125,470,0.0775250677486,0.00175696702431,0.015,reflection_0_1
HalfCheetah,AMAF,effective_gate,Late,3,0.78,0.0460172135632,0.00132303198275,470,0.0775250677486,0.00175696702431,0.015,reflection_0_1
HalfCheetah,AMAF,effective_gate,Late,3,0.785,0.053935245591,0.00155068178599,470,0.0775250677486,0.00175696702431,0.015,reflection_0_1
HalfCheetah,AMAF,effective_gate,Late,3,0.79,0.056572312406,0.00162649958256,470,0.0775250677486,0.00175696702431,0.015,reflection_0_1
HalfCheetah,AMAF,effective_gate,Late,3,0.795,0.0530990538086,0.00152664059822,470,0.0775250677486,0.00175696702431,0.015,reflection_0_1
HalfCheetah,AMAF,effective_gate,Late,3,0.8,0.0445980579508,0.00128223011496,470,0.0775250677486,0.00175696702431,0.015,reflection_0_1
HalfCheetah,AMAF,effective_gate,Late,3,0.805,0.0335189505087,0.000963696845536,470,0.0775250677486,0.00175696702431,0.015,reflection_0_1
HalfCheetah,AMAF,effective_gate,Late,3,0.81,0.0225429102063,0.000648126839453,470,0.0775250677486,0.00175696702431,0.015,reflection_0_1
HalfCheetah,AMAF,effective_gate,Late,3,0.815,0.0135667123395,0.000390053915396,470,0.0775250677486,0.00175696702431,0.015,reflection_0_1
HalfCheetah,AMAF,effective_gate,Late,3,0.82,0.00730607811543,0.000210055634983,470,0.0775250677486,0.00175696702431,0.015,reflection_0_1
HalfCheetah,AMAF,effective_gate,Late,3,0.825,0.00352078142205,0.000101225303858,470,0.0775250677486,0.00175696702431,0.015,reflection_0_1
HalfCheetah,AMAF,effective_gate,Late,3,0.83,0.0015182345636,4.36504674974e-05,470,0.0775250677486,0.00175696702431,0.015,reflection_0_1
HalfCheetah,AMAF,effective_gate,Late,3,0.835,0.000585846368291,1.68435553179e-05,470,0.0775250677486,0.00175696702431,0.015,reflection_0_1
HalfCheetah,AMAF,effective_gate,Late,3,0.84,0.00020228965208,5.81599055564e-06,470,0.0775250677486,0.00175696702431,0.015,reflection_0_1
HalfCheetah,AMAF,effective_gate,Late,3,0.845,6.25041207673e-05,1.79704385436e-06,470,0.0775250677486,0.00175696702431,0.015,reflection_0_1
HalfCheetah,AMAF,effective_gate,Late,3,0.85,1.72817887056e-05,4.96865355509e-07,470,0.0775250677486,0.00175696702431,0.015,reflection_0_1
HalfCheetah,AMAF,effective_gate,Late,3,0.855,4.27576461709e-06,1.2293167928e-07,470,0.0775250677486,0.00175696702431,0.015,reflection_0_1
HalfCheetah,AMAF,effective_gate,Late,3,0.86,9.4663802352e-07,2.72166062268e-08,470,0.0775250677486,0.00175696702431,0.015,reflection_0_1
HalfCheetah,AMAF,effective_gate,Late,3,0.865,1.87542265514e-07,5.39199130454e-09,470,0.0775250677486,0.00175696702431,0.015,reflection_0_1
HalfCheetah,AMAF,effective_gate,Late,3,0.87,3.3247533233e-08,9.55893380078e-10,470,0.0775250677486,0.00175696702431,0.015,reflection_0_1
HalfCheetah,AMAF,effective_gate,Late,3,0.875,5.27429913189e-09,1.51640351463e-10,470,0.0775250677486,0.00175696702431,0.015,reflection_0_1
HalfCheetah,AMAF,effective_gate,Late,3,0.88,7.48712602113e-10,2.15260908208e-11,470,0.0775250677486,0.00175696702431,0.015,reflection_0_1
HalfCheetah,AMAF,effective_gate,Late,3,0.885,9.51065847607e-11,2.73439097384e-12,470,0.0775250677486,0.00175696702431,0.015,reflection_0_1
HalfCheetah,AMAF,effective_gate,Late,3,0.89,1.08106320925e-11,3.10814386717e-13,470,0.0775250677486,0.00175696702431,0.015,reflection_0_1
HalfCheetah,AMAF,effective_gate,Late,3,0.895,1.09960484903e-12,3.16145257612e-14,470,0.0775250677486,0.00175696702431,0.015,reflection_0_1
HalfCheetah,AMAF,effective_gate,Late,3,0.9,1.00084601089e-13,2.87751295588e-15,470,0.0775250677486,0.00175696702431,0.015,reflection_0_1
HalfCheetah,AMAF,effective_gate,Late,3,0.905,8.15160142016e-15,2.3436511154e-16,470,0.0775250677486,0.00175696702431,0.015,reflection_0_1
HalfCheetah,AMAF,effective_gate,Late,3,0.91,5.94105629563e-16,1.70810157369e-17,470,0.0775250677486,0.00175696702431,0.015,reflection_0_1
HalfCheetah,AMAF,effective_gate,Late,3,0.915,3.8746230393e-17,1.11398535573e-18,470,0.0775250677486,0.00175696702431,0.015,reflection_0_1
HalfCheetah,AMAF,effective_gate,Late,3,0.92,2.26120690513e-18,6.50115211994e-20,470,0.0775250677486,0.00175696702431,0.015,reflection_0_1
HalfCheetah,AMAF,effective_gate,Late,3,0.925,1.18085400542e-19,3.39505044995e-21,470,0.0775250677486,0.00175696702431,0.015,reflection_0_1
HalfCheetah,AMAF,effective_gate,Late,3,0.93,5.51819659199e-21,1.58652600038e-22,470,0.0775250677486,0.00175696702431,0.015,reflection_0_1
HalfCheetah,AMAF,effective_gate,Late,3,0.935,2.30750785359e-22,6.6342710789e-24,470,0.0775250677486,0.00175696702431,0.015,reflection_0_1
HalfCheetah,AMAF,effective_gate,Late,3,0.94,8.6344417611e-24,2.48247160542e-25,470,0.0775250677486,0.00175696702431,0.015,reflection_0_1
HalfCheetah,AMAF,effective_gate,Late,3,0.945,2.89114849769e-25,8.31228497586e-27,470,0.0775250677486,0.00175696702431,0.015,reflection_0_1
HalfCheetah,AMAF,effective_gate,Late,3,0.95,8.66266641434e-27,2.49058642073e-28,470,0.0775250677486,0.00175696702431,0.015,reflection_0_1
HalfCheetah,AMAF,effective_gate,Late,3,0.955,2.32261828192e-28,6.67771477834e-30,470,0.0775250677486,0.00175696702431,0.015,reflection_0_1
HalfCheetah,AMAF,effective_gate,Late,3,0.96,5.57248806711e-30,1.6021352371e-31,470,0.0775250677486,0.00175696702431,0.015,reflection_0_1
HalfCheetah,AMAF,effective_gate,Late,3,0.965,1.19636999321e-31,3.43966016552e-33,470,0.0775250677486,0.00175696702431,0.015,reflection_0_1
HalfCheetah,AMAF,effective_gate,Late,3,0.97,2.29840699042e-33,6.60810536371e-35,470,0.0775250677486,0.00175696702431,0.015,reflection_0_1
HalfCheetah,AMAF,effective_gate,Late,3,0.975,3.95124003496e-35,1.13601335956e-36,470,0.0775250677486,0.00175696702431,0.015,reflection_0_1
HalfCheetah,AMAF,effective_gate,Late,3,0.98,6.07833946203e-37,1.74757159062e-38,470,0.0775250677486,0.00175696702431,0.015,reflection_0_1
HalfCheetah,AMAF,effective_gate,Late,3,0.985,8.3672268892e-39,2.40564517583e-40,470,0.0775250677486,0.00175696702431,0.015,reflection_0_1
HalfCheetah,AMAF,effective_gate,Late,3,0.99,1.03067846347e-40,2.96328366172e-42,470,0.0775250677486,0.00175696702431,0.015,reflection_0_1
HalfCheetah,AMAF,effective_gate,Late,3,0.995,1.13618150424e-42,3.26661340816e-44,470,0.0775250677486,0.00175696702431,0.015,reflection_0_1
HalfCheetah,AMAF,effective_gate,Late,3,1,2.24115385179e-44,6.44349797519e-46,470,0.0775250677486,0.00175696702431,0.015,reflection_0_1
Lunar,Protected,raw_router,Early,1,0,2.87739604514,1,340,0.329107036324,0.293653764201,0.0750764232505,reflection_0_1
Lunar,Protected,raw_router,Early,1,0.005,2.87381886362,0.998756799042,340,0.329107036324,0.293653764201,0.0750764232505,reflection_0_1
Lunar,Protected,raw_router,Early,1,0.01,2.86313201865,0.995042730907,340,0.329107036324,0.293653764201,0.0750764232505,reflection_0_1
Lunar,Protected,raw_router,Early,1,0.015,2.84546865625,0.988904068685,340,0.329107036324,0.293653764201,0.0750764232505,reflection_0_1
Lunar,Protected,raw_router,Early,1,0.02,2.82104753902,0.980416840354,340,0.329107036324,0.293653764201,0.0750764232505,reflection_0_1
Lunar,Protected,raw_router,Early,1,0.025,2.79016842358,0.969685222268,340,0.329107036324,0.293653764201,0.0750764232505,reflection_0_1
Lunar,Protected,raw_router,Early,1,0.03,2.75320578225,0.956839357202,340,0.329107036324,0.293653764201,0.0750764232505,reflection_0_1
Lunar,Protected,raw_router,Early,1,0.035,2.71060105332,0.942032661058,340,0.329107036324,0.293653764201,0.0750764232505,reflection_0_1
Lunar,Protected,raw_router,Early,1,0.04,2.66285364514,0.925438696434,340,0.329107036324,0.293653764201,0.0750764232505,reflection_0_1
Lunar,Protected,raw_router,Early,1,0.045,2.61051095106,0.907247702475,340,0.329107036324,0.293653764201,0.0750764232505,reflection_0_1
Lunar,Protected,raw_router,Early,1,0.05,2.55415765567,0.887662878383,340,0.329107036324,0.293653764201,0.0750764232505,reflection_0_1
Lunar,Protected,raw_router,Early,1,0.055,2.49440462513,0.866896522413,340,0.329107036324,0.293653764201,0.0750764232505,reflection_0_1
Lunar,Protected,raw_router,Early,1,0.06,2.43187767749,0.845166129147,340,0.329107036324,0.293653764201,0.0750764232505,reflection_0_1
Lunar,Protected,raw_router,Early,1,0.065,2.36720652124,0.822690545239,340,0.329107036324,0.293653764201,0.0750764232505,reflection_0_1
Lunar,Protected,raw_router,Early,1,0.07,2.30101413385,0.799686278062,340,0.329107036324,0.293653764201,0.0750764232505,reflection_0_1
Lunar,Protected,raw_router,Early,1,0.075,2.23390682673,0.776364042935,340,0.329107036324,0.293653764201,0.0750764232505,reflection_0_1
Lunar,Protected,raw_router,Early,1,0.08,2.16646521115,0.752925623435,340,0.329107036324,0.293653764201,0.0750764232505,reflection_0_1
Lunar,Protected,raw_router,Early,1,0.085,2.09923624161,0.72956110618,340,0.329107036324,0.293653764201,0.0750764232505,reflection_0_1
Lunar,Protected,raw_router,Early,1,0.09,2.03272647164,0.706446536993,340,0.329107036324,0.293653764201,0.0750764232505,reflection_0_1
Lunar,Protected,raw_router,Early,1,0.095,1.96739661335,0.683742030115,340,0.329107036324,0.293653764201,0.0750764232505,reflection_0_1
Lunar,Protected,raw_router,Early,1,0.1,1.90365744744,0.66159034682,340,0.329107036324,0.293653764201,0.0750764232505,reflection_0_1
Lunar,Protected,raw_router,Early,1,0.105,1.84186708803,0.64011594481,340,0.329107036324,0.293653764201,0.0750764232505,reflection_0_1
Lunar,Protected,raw_router,Early,1,0.11,1.78232956575,0.619424485817,340,0.329107036324,0.293653764201,0.0750764232505,reflection_0_1
Lunar,Protected,raw_router,Early,1,0.115,1.72529465715,0.599602776292,340,0.329107036324,0.293653764201,0.0750764232505,reflection_0_1
Lunar,Protected,raw_router,Early,1,0.12,1.67095885675,0.58071910524,340,0.329107036324,0.293653764201,0.0750764232505,reflection_0_1
Lunar,Protected,raw_router,Early,1,0.125,1.61946736333,0.562823934533,340,0.329107036324,0.293653764201,0.0750764232505,reflection_0_1
Lunar,Protected,raw_router,Early,1,0.13,1.57091693306,0.545950890464,340,0.329107036324,0.293653764201,0.0750764232505,reflection_0_1
Lunar,Protected,raw_router,Early,1,0.135,1.52535943975,0.530118001074,340,0.329107036324,0.293653764201,0.0750764232505,reflection_0_1
Lunar,Protected,raw_router,Early,1,0.14,1.48280597677,0.515329121716,340,0.329107036324,0.293653764201,0.0750764232505,reflection_0_1
Lunar,Protected,raw_router,Early,1,0.145,1.44323133552,0.501575491481,340,0.329107036324,0.293653764201,0.0750764232505,reflection_0_1
Lunar,Protected,raw_router,Early,1,0.15,1.40657870117,0.488837365142,340,0.329107036324,0.293653764201,0.0750764232505,reflection_0_1
Lunar,Protected,raw_router,Early,1,0.155,1.37276441735,0.477085669062,340,0.329107036324,0.293653764201,0.0750764232505,reflection_0_1
Lunar,Protected,raw_router,Early,1,0.16,1.34168268631,0.466283634671,340,0.329107036324,0.293653764201,0.0750764232505,reflection_0_1
Lunar,Protected,raw_router,Early,1,0.165,1.31321008913,0.456388369389,340,0.329107036324,0.293653764201,0.0750764232505,reflection_0_1
Lunar,Protected,raw_router,Early,1,0.17,1.28720983059,0.447352331898,340,0.329107036324,0.293653764201,0.0750764232505,reflection_0_1
Lunar,Protected,raw_router,Early,1,0.175,1.26353563502,0.43912468607,340,0.329107036324,0.293653764201,0.0750764232505,reflection_0_1
Lunar,Protected,raw_router,Early,1,0.18,1.2420352408,0.431652515441,340,0.329107036324,0.293653764201,0.0750764232505,reflection_0_1
Lunar,Protected,raw_router,Early,1,0.185,1.22255346242,0.424881887389,340,0.329107036324,0.293653764201,0.0750764232505,reflection_0_1
Lunar,Protected,raw_router,Early,1,0.19,1.20493480882,0.418758763105,340,0.329107036324,0.293653764201,0.0750764232505,reflection_0_1
Lunar,Protected,raw_router,Early,1,0.195,1.18902566447,0.41322975559,340,0.329107036324,0.293653764201,0.0750764232505,reflection_0_1
Lunar,Protected,raw_router,Early,1,0.2,1.17467605489,0.408242743254,340,0.329107036324,0.293653764201,0.0750764232505,reflection_0_1
Lunar,Protected,raw_router,Early,1,0.205,1.16174103109,0.403747351031,340,0.329107036324,0.293653764201,0.0750764232505,reflection_0_1
Lunar,Protected,raw_router,Early,1,0.21,1.15008171632,0.399695314194,340,0.329107036324,0.293653764201,0.0750764232505,reflection_0_1
Lunar,Protected,raw_router,Early,1,0.215,1.13956606535,0.396040742211,340,0.329107036324,0.293653764201,0.0750764232505,reflection_0_1
Lunar,Protected,raw_router,Early,1,0.22,1.13006938918,0.392740301108,340,0.329107036324,0.293653764201,0.0750764232505,reflection_0_1
Lunar,Protected,raw_router,Early,1,0.225,1.12147469844,0.389753332822,340,0.329107036324,0.293653764201,0.0750764232505,reflection_0_1
Lunar,Protected,raw_router,Early,1,0.23,1.11367291633,0.387041929181,340,0.329107036324,0.293653764201,0.0750764232505,reflection_0_1
Lunar,Protected,raw_router,Early,1,0.235,1.10656300673,0.384570976456,340,0.329107036324,0.293653764201,0.0750764232505,reflection_0_1
Lunar,Protected,raw_router,Early,1,0.24,1.10005205683,0.382308184056,340,0.329107036324,0.293653764201,0.0750764232505,reflection_0_1
Lunar,Protected,raw_router,Early,1,0.245,1.09405534494,0.380224108109,340,0.329107036324,0.293653764201,0.0750764232505,reflection_0_1
Lunar,Protected,raw_router,Early,1,0.25,1.08849641536,0.378292177469,340,0.329107036324,0.293653764201,0.0750764232505,reflection_0_1
Lunar,Protected,raw_router,Early,1,0.255,1.08330717235,0.376488726388,340,0.329107036324,0.293653764201,0.0750764232505,reflection_0_1
Lunar,Protected,raw_router,Early,1,0.26,1.07842799595,0.374793034757,340,0.329107036324,0.293653764201,0.0750764232505,reflection_0_1
Lunar,Protected,raw_router,Early,1,0.265,1.0738078734,0.373187373776,340,0.329107036324,0.293653764201,0.0750764232505,reflection_0_1
Lunar,Protected,raw_router,Early,1,0.27,1.06940453186,0.3716570521,340,0.329107036324,0.293653764201,0.0750764232505,reflection_0_1
Lunar,Protected,raw_router,Early,1,0.275,1.06518455198,0.370190455285,340,0.329107036324,0.293653764201,0.0750764232505,reflection_0_1
Lunar,Protected,raw_router,Early,1,0.28,1.06112343644,0.368779069617,340,0.329107036324,0.293653764201,0.0750764232505,reflection_0_1
Lunar,Protected,raw_router,Early,1,0.285,1.05720560506,0.367417480414,340,0.329107036324,0.293653764201,0.0750764232505,reflection_0_1
Lunar,Protected,raw_router,Early,1,0.29,1.05342428678,0.366103334494,340,0.329107036324,0.293653764201,0.0750764232505,reflection_0_1
Lunar,Protected,raw_router,Early,1,0.295,1.0497812802,0.364837256925,340,0.329107036324,0.293653764201,0.0750764232505,reflection_0_1
Lunar,Protected,raw_router,Early,1,0.3,1.04628655686,0.363622713191,340,0.329107036324,0.293653764201,0.0750764232505,reflection_0_1
Lunar,Protected,raw_router,Early,1,0.305,1.04295768713,0.36246580963,340,0.329107036324,0.293653764201,0.0750764232505,reflection_0_1
Lunar,Protected,raw_router,Early,1,0.31,1.03981907418,0.361375027237,340,0.329107036324,0.293653764201,0.0750764232505,reflection_0_1
Lunar,Protected,raw_router,Early,1,0.315,1.03690099003,0.360360886635,340,0.329107036324,0.293653764201,0.0750764232505,reflection_0_1
Lunar,Protected,raw_router,Early,1,0.32,1.03423841579,0.359435545045,340,0.329107036324,0.293653764201,0.0750764232505,reflection_0_1
Lunar,Protected,raw_router,Early,1,0.325,1.03186969801,0.358612329281,340,0.329107036324,0.293653764201,0.0750764232505,reflection_0_1
Lunar,Protected,raw_router,Early,1,0.33,1.02983504175,0.357905212073,340,0.329107036324,0.293653764201,0.0750764232505,reflection_0_1
Lunar,Protected,raw_router,Early,1,0.335,1.02817487065,0.357328242105,340,0.329107036324,0.293653764201,0.0750764232505,reflection_0_1
Lunar,Protected,raw_router,Early,1,0.34,1.02692809187,0.356894941038,340,0.329107036324,0.293653764201,0.0750764232505,reflection_0_1
Lunar,Protected,raw_router,Early,1,0.345,1.02613031135,0.35661768323,340,0.329107036324,0.293653764201,0.0750764232505,reflection_0_1
Lunar,Protected,raw_router,Early,1,0.35,1.0258120499,0.356507075775,340,0.329107036324,0.293653764201,0.0750764232505,reflection_0_1
Lunar,Protected,raw_router,Early,1,0.355,1.02599701475,0.356571357803,340,0.329107036324,0.293653764201,0.0750764232505,reflection_0_1
Lunar,Protected,raw_router,Early,1,0.36,1.02670048264,0.356815838533,340,0.329107036324,0.293653764201,0.0750764232505,reflection_0_1
Lunar,Protected,raw_router,Early,1,0.365,1.0279278501,0.357242393462,340,0.329107036324,0.293653764201,0.0750764232505,reflection_0_1
Lunar,Protected,raw_router,Early,1,0.37,1.02967340409,0.357849037094,340,0.329107036324,0.293653764201,0.0750764232505,reflection_0_1
Lunar,Protected,raw_router,Early,1,0.375,1.03191936111,0.358629589017,340,0.329107036324,0.293653764201,0.0750764232505,reflection_0_1
Lunar,Protected,raw_router,Early,1,0.38,1.03463521638,0.359573447712,340,0.329107036324,0.293653764201,0.0750764232505,reflection_0_1
Lunar,Protected,raw_router,Early,1,0.385,1.03777743598,0.36066548355,340,0.329107036324,0.293653764201,0.0750764232505,reflection_0_1
Lunar,Protected,raw_router,Early,1,0.39,1.04128951477,0.361886058935,340,0.329107036324,0.293653764201,0.0750764232505,reflection_0_1
Lunar,Protected,raw_router,Early,1,0.395,1.04510241191,0.363211179662,340,0.329107036324,0.293653764201,0.0750764232505,reflection_0_1
Lunar,Protected,raw_router,Early,1,0.4,1.04913536389,0.364612777468,340,0.329107036324,0.293653764201,0.0750764232505,reflection_0_1
Lunar,Protected,raw_router,Early,1,0.405,1.05329706287,0.366059119546,340,0.329107036324,0.293653764201,0.0750764232505,reflection_0_1
Lunar,Protected,raw_router,Early,1,0.41,1.05748717615,0.367515336632,340,0.329107036324,0.293653764201,0.0750764232505,reflection_0_1
Lunar,Protected,raw_router,Early,1,0.415,1.06159817162,0.368944057392,340,0.329107036324,0.293653764201,0.0750764232505,reflection_0_1
Lunar,Protected,raw_router,Early,1,0.42,1.06551740333,0.370306133259,340,0.329107036324,0.293653764201,0.0750764232505,reflection_0_1
Lunar,Protected,raw_router,Early,1,0.425,1.06912940307,0.371561434816,340,0.329107036324,0.293653764201,0.0750764232505,reflection_0_1
Lunar,Protected,raw_router,Early,1,0.43,1.07231831633,0.372669698404,340,0.329107036324,0.293653764201,0.0750764232505,reflection_0_1
Lunar,Protected,raw_router,Early,1,0.435,1.07497041637,0.373591399831,340,0.329107036324,0.293653764201,0.0750764232505,reflection_0_1
Lunar,Protected,raw_router,Early,1,0.44,1.07697662693,0.374288631122,340,0.329107036324,0.293653764201,0.0750764232505,reflection_0_1
Lunar,Protected,raw_router,Early,1,0.445,1.07823498372,0.374725955971,340,0.329107036324,0.293653764201,0.0750764232505,reflection_0_1
Lunar,Protected,raw_router,Early,1,0.45,1.07865296638,0.37487122018,340,0.329107036324,0.293653764201,0.0750764232505,reflection_0_1
Lunar,Protected,raw_router,Early,1,0.455,1.07814963637,0.374696294657,340,0.329107036324,0.293653764201,0.0750764232505,reflection_0_1
Lunar,Protected,raw_router,Early,1,0.46,1.07665752219,0.374177730595,340,0.329107036324,0.293653764201,0.0750764232505,reflection_0_1
Lunar,Protected,raw_router,Early,1,0.465,1.07412420079,0.373297309074,340,0.329107036324,0.293653764201,0.0750764232505,reflection_0_1
Lunar,Protected,raw_router,Early,1,0.47,1.07051353326,0.372042470508,340,0.329107036324,0.293653764201,0.0750764232505,reflection_0_1
Lunar,Protected,raw_router,Early,1,0.475,1.06580652303,0.370406612892,340,0.329107036324,0.293653764201,0.0750764232505,reflection_0_1
Lunar,Protected,raw_router,Early,1,0.48,1.06000177582,0.368389251668,340,0.329107036324,0.293653764201,0.0750764232505,reflection_0_1
Lunar,Protected,raw_router,Early,1,0.485,1.05311555222,0.365996037982,340,0.329107036324,0.293653764201,0.0750764232505,reflection_0_1
Lunar,Protected,raw_router,Early,1,0.49,1.04518141486,0.363238636068,340,0.329107036324,0.293653764201,0.0750764232505,reflection_0_1
Lunar,Protected,raw_router,Early,1,0.495,1.03624948358,0.3601344644,340,0.329107036324,0.293653764201,0.0750764232505,reflection_0_1
Lunar,Protected,raw_router,Early,1,0.5,1.02638532228,0.356706308823,340,0.329107036324,0.293653764201,0.0750764232505,reflection_0_1
Lunar,Protected,raw_router,Early,1,0.505,1.01566849051,0.352981819179,340,0.329107036324,0.293653764201,0.0750764232505,reflection_0_1
Lunar,Protected,raw_router,Early,1,0.51,1.00419080117,0.348992903797,340,0.329107036324,0.293653764201,0.0750764232505,reflection_0_1
Lunar,Protected,raw_router,Early,1,0.515,0.992054332333,0.344775038532,340,0.329107036324,0.293653764201,0.0750764232505,reflection_0_1
Lunar,Protected,raw_router,Early,1,0.52,0.979369246532,0.340366508874,340,0.329107036324,0.293653764201,0.0750764232505,reflection_0_1
Lunar,Protected,raw_router,Early,1,0.525,0.96625147414,0.335807604856,340,0.329107036324,0.293653764201,0.0750764232505,reflection_0_1
Lunar,Protected,raw_router,Early,1,0.53,0.952820319583,0.331139789114,340,0.329107036324,0.293653764201,0.0750764232505,reflection_0_1
Lunar,Protected,raw_router,Early,1,0.535,0.939196049118,0.326404858554,340,0.329107036324,0.293653764201,0.0750764232505,reflection_0_1
Lunar,Protected,raw_router,Early,1,0.54,0.925497517602,0.321644119573,340,0.329107036324,0.293653764201,0.0750764232505,reflection_0_1
Lunar,Protected,raw_router,Early,1,0.545,0.911839888873,0.316897595802,340,0.329107036324,0.293653764201,0.0750764232505,reflection_0_1
Lunar,Protected,raw_router,Early,1,0.55,0.898332500182,0.312203285919,340,0.329107036324,0.293653764201,0.0750764232505,reflection_0_1
Lunar,Protected,raw_router,Early,1,0.555,0.885076915919,0.307596487253,340,0.329107036324,0.293653764201,0.0750764232505,reflection_0_1
Lunar,Protected,raw_router,Early,1,0.56,0.872165209701,0.303109198741,340,0.329107036324,0.293653764201,0.0750764232505,reflection_0_1
Lunar,Protected,raw_router,Early,1,0.565,0.859678507026,0.29876961445,340,0.329107036324,0.293653764201,0.0750764232505,reflection_0_1
Lunar,Protected,raw_router,Early,1,0.57,0.847685813328,0.294601716285,340,0.329107036324,0.293653764201,0.0750764232505,reflection_0_1
Lunar,Protected,raw_router,Early,1,0.575,0.836243144609,0.290624971846,340,0.329107036324,0.293653764201,0.0750764232505,reflection_0_1
Lunar,Protected,raw_router,Early,1,0.58,0.825392970049,0.286854140724,340,0.329107036324,0.293653764201,0.0750764232505,reflection_0_1
Lunar,Protected,raw_router,Early,1,0.585,0.815163968355,0.283299189812,340,0.329107036324,0.293653764201,0.0750764232505,reflection_0_1
Lunar,Protected,raw_router,Early,1,0.59,0.80557109216,0.279965315696,340,0.329107036324,0.293653764201,0.0750764232505,reflection_0_1
Lunar,Protected,raw_router,Early,1,0.595,0.796615927813,0.276853069691,340,0.329107036324,0.293653764201,0.0750764232505,reflection_0_1
Lunar,Protected,raw_router,Early,1,0.6,0.788287331429,0.27395857889,340,0.329107036324,0.293653764201,0.0750764232505,reflection_0_1
Lunar,Protected,raw_router,Early,1,0.605,0.78056231627,0.271273854563,340,0.329107036324,0.293653764201,0.0750764232505,reflection_0_1
Lunar,Protected,raw_router,Early,1,0.61,0.773407161528,0.268787177502,340,0.329107036324,0.293653764201,0.0750764232505,reflection_0_1
Lunar,Protected,raw_router,Early,1,0.615,0.766778708354,0.266483548432,340,0.329107036324,0.293653764201,0.0750764232505,reflection_0_1
Lunar,Protected,raw_router,Early,1,0.62,0.760625805716,0.264345190507,340,0.329107036324,0.293653764201,0.0750764232505,reflection_0_1
Lunar,Protected,raw_router,Early,1,0.625,0.75489086635,0.262352090052,340,0.329107036324,0.293653764201,0.0750764232505,reflection_0_1
Lunar,Protected,raw_router,Early,1,0.63,0.74951149169,0.260482561292,340,0.329107036324,0.293653764201,0.0750764232505,reflection_0_1
Lunar,Protected,raw_router,Early,1,0.635,0.744422124324,0.258713820637,340,0.329107036324,0.293653764201,0.0750764232505,reflection_0_1
Lunar,Protected,raw_router,Early,1,0.64,0.739555687172,0.257022556357,340,0.329107036324,0.293653764201,0.0750764232505,reflection_0_1
Lunar,Protected,raw_router,Early,1,0.645,0.734845170122,0.255385479995,340,0.329107036324,0.293653764201,0.0750764232505,reflection_0_1
Lunar,Protected,raw_router,Early,1,0.65,0.730225127435,0.253779846771,340,0.329107036324,0.293653764201,0.0750764232505,reflection_0_1
Lunar,Protected,raw_router,Early,1,0.655,0.725633052542,0.252183933376,340,0.329107036324,0.293653764201,0.0750764232505,reflection_0_1
Lunar,Protected,raw_router,Early,1,0.66,0.721010601013,0.250577462992,340,0.329107036324,0.293653764201,0.0750764232505,reflection_0_1
Lunar,Protected,raw_router,Early,1,0.665,0.716304637273,0.248941969071,340,0.329107036324,0.293653764201,0.0750764232505,reflection_0_1
Lunar,Protected,raw_router,Early,1,0.67,0.711468085982,0.247261091216,340,0.329107036324,0.293653764201,0.0750764232505,reflection_0_1
Lunar,Protected,raw_router,Early,1,0.675,0.706460574738,0.245520798547,340,0.329107036324,0.293653764201,0.0750764232505,reflection_0_1
Lunar,Protected,raw_router,Early,1,0.68,0.701248860754,0.243709537983,340,0.329107036324,0.293653764201,0.0750764232505,reflection_0_1
Lunar,Protected,raw_router,Early,1,0.685,0.695807040259,0.241818307019,340,0.329107036324,0.293653764201,0.0750764232505,reflection_0_1
Lunar,Protected,raw_router,Early,1,0.69,0.690116545327,0.239840652625,340,0.329107036324,0.293653764201,0.0750764232505,reflection_0_1
Lunar,Protected,raw_router,Early,1,0.695,0.684165938618,0.237772599908,340,0.329107036324,0.293653764201,0.0750764232505,reflection_0_1
Lunar,Protected,raw_router,Early,1,0.7,0.677950521776,0.235612516018,340,0.329107036324,0.293653764201,0.0750764232505,reflection_0_1
Lunar,Protected,raw_router,Early,1,0.705,0.671471777994,0.233360916419,340,0.329107036324,0.293653764201,0.0750764232505,reflection_0_1
Lunar,Protected,raw_router,Early,1,0.71,0.664736673225,0.231020222033,340,0.329107036324,0.293653764201,0.0750764232505,reflection_0_1
Lunar,Protected,raw_router,Early,1,0.715,0.657756843712,0.228594476879,340,0.329107036324,0.293653764201,0.0750764232505,reflection_0_1
Lunar,Protected,raw_router,Early,1,0.72,0.650547699713,0.226089036583,340,0.329107036324,0.293653764201,0.0750764232505,reflection_0_1
Lunar,Protected,raw_router,Early,1,0.725,0.643127476595,0.2235102386,340,0.329107036324,0.293653764201,0.0750764232505,reflection_0_1
Lunar,Protected,raw_router,Early,1,0.73,0.63551626469,0.220865065052,340,0.329107036324,0.293653764201,0.0750764232505,reflection_0_1
Lunar,Protected,raw_router,Early,1,0.735,0.627735048578,0.218160808846,340,0.329107036324,0.293653764201,0.0750764232505,reflection_0_1
Lunar,Protected,raw_router,Early,1,0.74,0.619804784818,0.21540475315,340,0.329107036324,0.293653764201,0.0750764232505,reflection_0_1
Lunar,Protected,raw_router,Early,1,0.745,0.61174554459,0.21260387343,340,0.329107036324,0.293653764201,0.0750764232505,reflection_0_1
Lunar,Protected,raw_router,Early,1,0.75,0.603575744494,0.209764570127,340,0.329107036324,0.293653764201,0.0750764232505,reflection_0_1
Lunar,Protected,raw_router,Early,1,0.755,0.595311484905,0.206892438707,340,0.329107036324,0.293653764201,0.0750764232505,reflection_0_1
Lunar,Protected,raw_router,Early,1,0.76,0.586966010982,0.203992082346,340,0.329107036324,0.293653764201,0.0750764232505,reflection_0_1
Lunar,Protected,raw_router,Early,1,0.765,0.578549306954,0.201066970927,340,0.329107036324,0.293653764201,0.0750764232505,reflection_0_1
Lunar,Protected,raw_router,Early,1,0.77,0.570067829635,0.198119348429,340,0.329107036324,0.293653764201,0.0750764232505,reflection_0_1
Lunar,Protected,raw_router,Early,1,0.775,0.561524382624,0.195150189204,340,0.329107036324,0.293653764201,0.0750764232505,reflection_0_1
Lunar,Protected,raw_router,Early,1,0.78,0.552918128366,0.192159202172,340,0.329107036324,0.293653764201,0.0750764232505,reflection_0_1
Lunar,Protected,raw_router,Early,1,0.785,0.544244731309,0.18914488057,340,0.329107036324,0.293653764201,0.0750764232505,reflection_0_1
Lunar,Protected,raw_router,Early,1,0.79,0.535496622036,0.186104593749,340,0.329107036324,0.293653764201,0.0750764232505,reflection_0_1
Lunar,Protected,raw_router,Early,1,0.795,0.526663369385,0.183034716502,340,0.329107036324,0.293653764201,0.0750764232505,reflection_0_1
Lunar,Protected,raw_router,Early,1,0.8,0.517732145398,0.179930790644,340,0.329107036324,0.293653764201,0.0750764232505,reflection_0_1
Lunar,Protected,raw_router,Early,1,0.805,0.508688266396,0.176787713063,340,0.329107036324,0.293653764201,0.0750764232505,reflection_0_1
Lunar,Protected,raw_router,Early,1,0.81,0.499515792604,0.173599944105,340,0.329107036324,0.293653764201,0.0750764232505,reflection_0_1
Lunar,Protected,raw_router,Early,1,0.815,0.490198168456,0.170361730108,340,0.329107036324,0.293653764201,0.0750764232505,reflection_0_1
Lunar,Protected,raw_router,Early,1,0.82,0.480718885982,0.167067333951,340,0.329107036324,0.293653764201,0.0750764232505,reflection_0_1
Lunar,Protected,raw_router,Early,1,0.825,0.471062154463,0.163711267783,340,0.329107036324,0.293653764201,0.0750764232505,reflection_0_1
Lunar,Protected,raw_router,Early,1,0.83,0.461213560606,0.16028852246,340,0.329107036324,0.293653764201,0.0750764232505,reflection_0_1
Lunar,Protected,raw_router,Early,1,0.835,0.451160704958,0.156794788719,340,0.329107036324,0.293653764201,0.0750764232505,reflection_0_1
Lunar,Protected,raw_router,Early,1,0.84,0.440893801848,0.153226665684,340,0.329107036324,0.293653764201,0.0750764232505,reflection_0_1
Lunar,Protected,raw_router,Early,1,0.845,0.430406231847,0.149581852861,340,0.329107036324,0.293653764201,0.0750764232505,reflection_0_1
Lunar,Protected,raw_router,Early,1,0.85,0.419695037466,0.145859322416,340,0.329107036324,0.293653764201,0.0750764232505,reflection_0_1
Lunar,Protected,raw_router,Early,1,0.855,0.408761354446,0.14205946906,340,0.329107036324,0.293653764201,0.0750764232505,reflection_0_1
Lunar,Protected,raw_router,Early,1,0.86,0.397610772606,0.138184235458,340,0.329107036324,0.293653764201,0.0750764232505,reflection_0_1
Lunar,Protected,raw_router,Early,1,0.865,0.386253621597,0.134237211541,340,0.329107036324,0.293653764201,0.0750764232505,reflection_0_1
Lunar,Protected,raw_router,Early,1,0.87,0.374705178269,0.130223706571,340,0.329107036324,0.293653764201,0.0750764232505,reflection_0_1
Lunar,Protected,raw_router,Early,1,0.875,0.362985793439,0.126150793198,340,0.329107036324,0.293653764201,0.0750764232505,reflection_0_1
Lunar,Protected,raw_router,Early,1,0.88,0.351120936924,0.122027323113,340,0.329107036324,0.293653764201,0.0750764232505,reflection_0_1
Lunar,Protected,raw_router,Early,1,0.885,0.339141160582,0.117863914199,340,0.329107036324,0.293653764201,0.0750764232505,reflection_0_1
Lunar,Protected,raw_router,Early,1,0.89,0.327081979954,0.113672909403,340,0.329107036324,0.293653764201,0.0750764232505,reflection_0_1
Lunar,Protected,raw_router,Early,1,0.895,0.3149836759,0.109468307789,340,0.329107036324,0.293653764201,0.0750764232505,reflection_0_1
Lunar,Protected,raw_router,Early,1,0.9,0.302891018372,0.105265668549,340,0.329107036324,0.293653764201,0.0750764232505,reflection_0_1
Lunar,Protected,raw_router,Early,1,0.905,0.290852915293,0.101081988968,340,0.329107036324,0.293653764201,0.0750764232505,reflection_0_1
Lunar,Protected,raw_router,Early,1,0.91,0.278921990304,0.0969355576807,340,0.329107036324,0.293653764201,0.0750764232505,reflection_0_1
Lunar,Protected,raw_router,Early,1,0.915,0.267154094016,0.0928457848086,340,0.329107036324,0.293653764201,0.0750764232505,reflection_0_1
Lunar,Protected,raw_router,Early,1,0.92,0.255607754289,0.0888330109165,340,0.329107036324,0.293653764201,0.0750764232505,reflection_0_1
Lunar,Protected,raw_router,Early,1,0.925,0.244343572003,0.0849182970192,340,0.329107036324,0.293653764201,0.0750764232505,reflection_0_1
Lunar,Protected,raw_router,Early,1,0.93,0.233423569725,0.0811231982194,340,0.329107036324,0.293653764201,0.0750764232505,reflection_0_1
Lunar,Protected,raw_router,Early,1,0.935,0.222910501592,0.0774695238664,340,0.329107036324,0.293653764201,0.0750764232505,reflection_0_1
Lunar,Protected,raw_router,Early,1,0.94,0.212867133612,0.0739790874363,340,0.329107036324,0.293653764201,0.0750764232505,reflection_0_1
Lunar,Protected,raw_router,Early,1,0.945,0.203355504393,0.070673449606,340,0.329107036324,0.293653764201,0.0750764232505,reflection_0_1
Lunar,Protected,raw_router,Early,1,0.95,0.194436176955,0.067573658233,340,0.329107036324,0.293653764201,0.0750764232505,reflection_0_1
Lunar,Protected,raw_router,Early,1,0.955,0.186167492839,0.0646999891287,340,0.329107036324,0.293653764201,0.0750764232505,reflection_0_1
Lunar,Protected,raw_router,Early,1,0.96,0.178604840019,0.0620716916328,340,0.329107036324,0.293653764201,0.0750764232505,reflection_0_1
Lunar,Protected,raw_router,Early,1,0.965,0.171799946282,0.0597067430368,340,0.329107036324,0.293653764201,0.0750764232505,reflection_0_1
Lunar,Protected,raw_router,Early,1,0.97,0.165800209609,0.0576216158666,340,0.329107036324,0.293653764201,0.0750764232505,reflection_0_1
Lunar,Protected,raw_router,Early,1,0.975,0.16064807674,0.0558310619115,340,0.329107036324,0.293653764201,0.0750764232505,reflection_0_1
Lunar,Protected,raw_router,Early,1,0.98,0.156380480517,0.0543479166801,340,0.329107036324,0.293653764201,0.0750764232505,reflection_0_1
Lunar,Protected,raw_router,Early,1,0.985,0.153028345743,0.0531829276689,340,0.329107036324,0.293653764201,0.0750764232505,reflection_0_1
Lunar,Protected,raw_router,Early,1,0.99,0.150616172249,0.0523446094615,340,0.329107036324,0.293653764201,0.0750764232505,reflection_0_1
Lunar,Protected,raw_router,Early,1,0.995,0.14916170256,0.0518391282326,340,0.329107036324,0.293653764201,0.0750764232505,reflection_0_1
Lunar,Protected,raw_router,Early,1,1,0.148675680141,0.0516702177276,340,0.329107036324,0.293653764201,0.0750764232505,reflection_0_1
Lunar,Protected,raw_router,Middle,2,0,5.42330506435,1,330,0.202060614236,0.127709236006,0.0593830437527,reflection_0_1
Lunar,Protected,raw_router,Middle,2,0.005,5.41083361272,0.997700396439,330,0.202060614236,0.127709236006,0.0593830437527,reflection_0_1
Lunar,Protected,raw_router,Middle,2,0.01,5.37366719285,0.990847302353,330,0.202060614236,0.127709236006,0.0593830437527,reflection_0_1
Lunar,Protected,raw_router,Middle,2,0.015,5.31254103335,0.979576286105,330,0.202060614236,0.127709236006,0.0593830437527,reflection_0_1
Lunar,Protected,raw_router,Middle,2,0.02,5.22865233849,0.96410809948,330,0.202060614236,0.127709236006,0.0593830437527,reflection_0_1
Lunar,Protected,raw_router,Middle,2,0.025,5.12361943951,0.944741145613,330,0.202060614236,0.127709236006,0.0593830437527,reflection_0_1
Lunar,Protected,raw_router,Middle,2,0.03,4.99942735049,0.921841440076,330,0.202060614236,0.127709236006,0.0593830437527,reflection_0_1
Lunar,Protected,raw_router,Middle,2,0.035,4.85836227291,0.895830534196,330,0.202060614236,0.127709236006,0.0593830437527,reflection_0_1
Lunar,Protected,raw_router,Middle,2,0.04,4.70293805041,0.867171954113,330,0.202060614236,0.127709236006,0.0593830437527,reflection_0_1
Lunar,Protected,raw_router,Middle,2,0.045,4.53581785876,0.836356761225,330,0.202060614236,0.127709236006,0.0593830437527,reflection_0_1
Lunar,Protected,raw_router,Middle,2,0.05,4.35973451307,0.803888857688,330,0.202060614236,0.127709236006,0.0593830437527,reflection_0_1
Lunar,Protected,raw_router,Middle,2,0.055,4.17741268749,0.770270644547,330,0.202060614236,0.127709236006,0.0593830437527,reflection_0_1
Lunar,Protected,raw_router,Middle,2,0.06,3.9914960848,0.73598959259,330,0.202060614236,0.127709236006,0.0593830437527,reflection_0_1
Lunar,Protected,raw_router,Middle,2,0.065,3.80448218901,0.701506211409,330,0.202060614236,0.127709236006,0.0593830437527,reflection_0_1
Lunar,Protected,raw_router,Middle,2,0.07,3.61866671497,0.667243806504,330,0.202060614236,0.127709236006,0.0593830437527,reflection_0_1
Lunar,Protected,raw_router,Middle,2,0.075,3.43609927397,0.633580304481,330,0.202060614236,0.127709236006,0.0593830437527,reflection_0_1
Lunar,Protected,raw_router,Middle,2,0.08,3.25855114222,0.600842309911,330,0.202060614236,0.127709236006,0.0593830437527,reflection_0_1
Lunar,Protected,raw_router,Middle,2,0.085,3.08749539089,0.569301441512,330,0.202060614236,0.127709236006,0.0593830437527,reflection_0_1
Lunar,Protected,raw_router,Middle,2,0.09,2.92409904685,0.539172886671,330,0.202060614236,0.127709236006,0.0593830437527,reflection_0_1
Lunar,Protected,raw_router,Middle,2,0.095,2.76922643421,0.510616017603,330,0.202060614236,0.127709236006,0.0593830437527,reflection_0_1
Lunar,Protected,raw_router,Middle,2,0.1,2.62345242066,0.483736833817,330,0.202060614236,0.127709236006,0.0593830437527,reflection_0_1
Lunar,Protected,raw_router,Middle,2,0.105,2.48708397448,0.458591937013,330,0.202060614236,0.127709236006,0.0593830437527,reflection_0_1
Lunar,Protected,raw_router,Middle,2,0.11,2.36018823558,0.43519370708,330,0.202060614236,0.127709236006,0.0593830437527,reflection_0_1
Lunar,Protected,raw_router,Middle,2,0.115,2.24262521462,0.413516331463,330,0.202060614236,0.127709236006,0.0593830437527,reflection_0_1
Lunar,Protected,raw_router,Middle,2,0.12,2.13408325062,0.393502343183,330,0.202060614236,0.127709236006,0.0593830437527,reflection_0_1
Lunar,Protected,raw_router,Middle,2,0.125,2.03411546605,0.375069342756,330,0.202060614236,0.127709236006,0.0593830437527,reflection_0_1
Lunar,Protected,raw_router,Middle,2,0.13,1.94217564057,0.358116612937,330,0.202060614236,0.127709236006,0.0593830437527,reflection_0_1
Lunar,Protected,raw_router,Middle,2,0.135,1.8576521615,0.342531378828,330,0.202060614236,0.127709236006,0.0593830437527,reflection_0_1
Lunar,Protected,raw_router,Middle,2,0.14,1.77989898005,0.328194515878,330,0.202060614236,0.127709236006,0.0593830437527,reflection_0_1
Lunar,Protected,raw_router,Middle,2,0.145,1.7082627871,0.314985560803,330,0.202060614236,0.127709236006,0.0593830437527,reflection_0_1
Lunar,Protected,raw_router,Middle,2,0.15,1.6421059043,0.302786932473,330,0.202060614236,0.127709236006,0.0593830437527,reflection_0_1
Lunar,Protected,raw_router,Middle,2,0.155,1.58082465038,0.291487318456,330,0.202060614236,0.127709236006,0.0593830437527,reflection_0_1
Lunar,Protected,raw_router,Middle,2,0.16,1.52386317706,0.28098422622,330,0.202060614236,0.127709236006,0.0593830437527,reflection_0_1
Lunar,Protected,raw_router,Middle,2,0.165,1.47072296702,0.27118573445,330,0.202060614236,0.127709236006,0.0593830437527,reflection_0_1
Lunar,Protected,raw_router,Middle,2,0.17,1.42096834272,0.262011508824,330,0.202060614236,0.127709236006,0.0593830437527,reflection_0_1
Lunar,Protected,raw_router,Middle,2,0.175,1.37422844916,0.253393167609,330,0.202060614236,0.127709236006,0.0593830437527,reflection_0_1
Lunar,Protected,raw_router,Middle,2,0.18,1.33019624651,0.245274095911,330,0.202060614236,0.127709236006,0.0593830437527,reflection_0_1
Lunar,Protected,raw_router,Middle,2,0.185,1.28862508409,0.23760881396,330,0.202060614236,0.127709236006,0.0593830437527,reflection_0_1
Lunar,Protected,raw_router,Middle,2,0.19,1.24932343013,0.230362005327,330,0.202060614236,0.127709236006,0.0593830437527,reflection_0_1
Lunar,Protected,raw_router,Middle,2,0.195,1.21214830777,0.223507306594,330,0.202060614236,0.127709236006,0.0593830437527,reflection_0_1
Lunar,Protected,raw_router,Middle,2,0.2,1.17699794331,0.217025951766,330,0.202060614236,0.127709236006,0.0593830437527,reflection_0_1
Lunar,Protected,raw_router,Middle,2,0.205,1.14380407362,0.210905353847,330,0.202060614236,0.127709236006,0.0593830437527,reflection_0_1
Lunar,Protected,raw_router,Middle,2,0.21,1.11252429199,0.205137693489,330,0.202060614236,0.127709236006,0.0593830437527,reflection_0_1
Lunar,Protected,raw_router,Middle,2,0.215,1.08313473967,0.199718571392,330,0.202060614236,0.127709236006,0.0593830437527,reflection_0_1
Lunar,Protected,raw_router,Middle,2,0.22,1.05562337927,0.194645767985,330,0.202060614236,0.127709236006,0.0593830437527,reflection_0_1
Lunar,Protected,raw_router,Middle,2,0.225,1.0299840182,0.189918141425,330,0.202060614236,0.127709236006,0.0593830437527,reflection_0_1
Lunar,Protected,raw_router,Middle,2,0.23,1.00621118934,0.18553468363,330,0.202060614236,0.127709236006,0.0593830437527,reflection_0_1
Lunar,Protected,raw_router,Middle,2,0.235,0.984295941691,0.18149374413,330,0.202060614236,0.127709236006,0.0593830437527,reflection_0_1
Lunar,Protected,raw_router,Middle,2,0.24,0.964222549651,0.177792423293,330,0.202060614236,0.127709236006,0.0593830437527,reflection_0_1
Lunar,Protected,raw_router,Middle,2,0.245,0.945966113221,0.174426129822,330,0.202060614236,0.127709236006,0.0593830437527,reflection_0_1
Lunar,Protected,raw_router,Middle,2,0.25,0.929490994718,0.171388292506,330,0.202060614236,0.127709236006,0.0593830437527,reflection_0_1
Lunar,Protected,raw_router,Middle,2,0.255,0.914750018933,0.168670212735,330,0.202060614236,0.127709236006,0.0593830437527,reflection_0_1
Lunar,Protected,raw_router,Middle,2,0.26,0.901684352299,0.166261042224,330,0.202060614236,0.127709236006,0.0593830437527,reflection_0_1
Lunar,Protected,raw_router,Middle,2,0.265,0.890223971494,0.164147869414,330,0.202060614236,0.127709236006,0.0593830437527,reflection_0_1
Lunar,Protected,raw_router,Middle,2,0.27,0.8802886316,0.162315897991,330,0.202060614236,0.127709236006,0.0593830437527,reflection_0_1
Lunar,Protected,raw_router,Middle,2,0.275,0.871789247144,0.160748701539,330,0.202060614236,0.127709236006,0.0593830437527,reflection_0_1
Lunar,Protected,raw_router,Middle,2,0.28,0.864629604723,0.159428539325,330,0.202060614236,0.127709236006,0.0593830437527,reflection_0_1
Lunar,Protected,raw_router,Middle,2,0.285,0.858708332183,0.158336719398,330,0.202060614236,0.127709236006,0.0593830437527,reflection_0_1
Lunar,Protected,raw_router,Middle,2,0.29,0.853921055366,0.157453996268,330,0.202060614236,0.127709236006,0.0593830437527,reflection_0_1
Lunar,Protected,raw_router,Middle,2,0.295,0.850162678394,0.156760991371,330,0.202060614236,0.127709236006,0.0593830437527,reflection_0_1
Lunar,Protected,raw_router,Middle,2,0.3,0.847329726664,0.156238625084,330,0.202060614236,0.127709236006,0.0593830437527,reflection_0_1
Lunar,Protected,raw_router,Middle,2,0.305,0.845322692751,0.155868549292,330,0.202060614236,0.127709236006,0.0593830437527,reflection_0_1
Lunar,Protected,raw_router,Middle,2,0.31,0.844048324418,0.155633569272,330,0.202060614236,0.127709236006,0.0593830437527,reflection_0_1
Lunar,Protected,raw_router,Middle,2,0.315,0.843421790957,0.15551804314,330,0.202060614236,0.127709236006,0.0593830437527,reflection_0_1
Lunar,Protected,raw_router,Middle,2,0.32,0.843368659925,0.15550824634,330,0.202060614236,0.127709236006,0.0593830437527,reflection_0_1
Lunar,Protected,raw_router,Middle,2,0.325,0.84382661176,0.155592687807,330,0.202060614236,0.127709236006,0.0593830437527,reflection_0_1
Lunar,Protected,raw_router,Middle,2,0.33,0.844746815815,0.155762363686,330,0.202060614236,0.127709236006,0.0593830437527,reflection_0_1
Lunar,Protected,raw_router,Middle,2,0.335,0.846094889298,0.156010934155,330,0.202060614236,0.127709236006,0.0593830437527,reflection_0_1
Lunar,Protected,raw_router,Middle,2,0.34,0.847851361572,0.156334809035,330,0.202060614236,0.127709236006,0.0593830437527,reflection_0_1
Lunar,Protected,raw_router,Middle,2,0.345,0.850011571465,0.156733128854,330,0.202060614236,0.127709236006,0.0593830437527,reflection_0_1
Lunar,Protected,raw_router,Middle,2,0.35,0.852584935544,0.157207629928,330,0.202060614236,0.127709236006,0.0593830437527,reflection_0_1
Lunar,Protected,raw_router,Middle,2,0.355,0.855593541374,0.15776238497,330,0.202060614236,0.127709236006,0.0593830437527,reflection_0_1
Lunar,Protected,raw_router,Middle,2,0.36,0.859070041897,0.158403414837,330,0.202060614236,0.127709236006,0.0593830437527,reflection_0_1
Lunar,Protected,raw_router,Middle,2,0.365,0.863054854852,0.159138172131,330,0.202060614236,0.127709236006,0.0593830437527,reflection_0_1
Lunar,Protected,raw_router,Middle,2,0.37,0.867592704048,0.15997490345,330,0.202060614236,0.127709236006,0.0593830437527,reflection_0_1
Lunar,Protected,raw_router,Middle,2,0.375,0.872728575807,0.160921903793,330,0.202060614236,0.127709236006,0.0593830437527,reflection_0_1
Lunar,Protected,raw_router,Middle,2,0.38,0.878503202434,0.161986683768,330,0.202060614236,0.127709236006,0.0593830437527,reflection_0_1
Lunar,Protected,raw_router,Middle,2,0.385,0.884948222699,0.163175077226,330,0.202060614236,0.127709236006,0.0593830437527,reflection_0_1
Lunar,Protected,raw_router,Middle,2,0.39,0.892081204762,0.164490323553,330,0.202060614236,0.127709236006,0.0593830437527,reflection_0_1
Lunar,Protected,raw_router,Middle,2,0.395,0.899900746865,0.165932164277,330,0.202060614236,0.127709236006,0.0593830437527,reflection_0_1
Lunar,Protected,raw_router,Middle,2,0.4,0.908381892891,0.167495997756,330,0.202060614236,0.127709236006,0.0593830437527,reflection_0_1
Lunar,Protected,raw_router,Middle,2,0.405,0.917472111136,0.1691721377,330,0.202060614236,0.127709236006,0.0593830437527,reflection_0_1
Lunar,Protected,raw_router,Middle,2,0.41,0.927088083368,0.170945221109,330,0.202060614236,0.127709236006,0.0593830437527,reflection_0_1
Lunar,Protected,raw_router,Middle,2,0.415,0.937113536043,0.172793808374,330,0.202060614236,0.127709236006,0.0593830437527,reflection_0_1
Lunar,Protected,raw_router,Middle,2,0.42,0.947398315963,0.174690212835,330,0.202060614236,0.127709236006,0.0593830437527,reflection_0_1
Lunar,Protected,raw_router,Middle,2,0.425,0.957758868942,0.176600589046,330,0.202060614236,0.127709236006,0.0593830437527,reflection_0_1
Lunar,Protected,raw_router,Middle,2,0.43,0.967980223593,0.17848529856,330,0.202060614236,0.127709236006,0.0593830437527,reflection_0_1
Lunar,Protected,raw_router,Middle,2,0.435,0.97781951543,0.180299559738,330,0.202060614236,0.127709236006,0.0593830437527,reflection_0_1
Lunar,Protected,raw_router,Middle,2,0.44,0.987011012283,0.181994374384,330,0.202060614236,0.127709236006,0.0593830437527,reflection_0_1
Lunar,Protected,raw_router,Middle,2,0.445,0.995272524495,0.183517709715,330,0.202060614236,0.127709236006,0.0593830437527,reflection_0_1
Lunar,Protected,raw_router,Middle,2,0.45,1.00231300687,0.184815900079,330,0.202060614236,0.127709236006,0.0593830437527,reflection_0_1
Lunar,Protected,raw_router,Middle,2,0.455,1.00784108861,0.185835219789,330,0.202060614236,0.127709236006,0.0593830437527,reflection_0_1
Lunar,Protected,raw_router,Middle,2,0.46,1.01157420697,0.186523567265,330,0.202060614236,0.127709236006,0.0593830437527,reflection_0_1
Lunar,Protected,raw_router,Middle,2,0.465,1.01324797431,0.186832192231,330,0.202060614236,0.127709236006,0.0593830437527,reflection_0_1
Lunar,Protected,raw_router,Middle,2,0.47,1.01262538018,0.186717392469,330,0.202060614236,0.127709236006,0.0593830437527,reflection_0_1
Lunar,Protected,raw_router,Middle,2,0.475,1.00950542191,0.186142105217,330,0.202060614236,0.127709236006,0.0593830437527,reflection_0_1
Lunar,Protected,raw_router,Middle,2,0.48,1.00373077117,0.185077320796,330,0.202060614236,0.127709236006,0.0593830437527,reflection_0_1
Lunar,Protected,raw_router,Middle,2,0.485,0.995194118623,0.183503252503,330,0.202060614236,0.127709236006,0.0593830437527,reflection_0_1
Lunar,Protected,raw_router,Middle,2,0.49,0.98384289414,0.181410206961,330,0.202060614236,0.127709236006,0.0593830437527,reflection_0_1
Lunar,Protected,raw_router,Middle,2,0.495,0.969682131668,0.178799112379,330,0.202060614236,0.127709236006,0.0593830437527,reflection_0_1
Lunar,Protected,raw_router,Middle,2,0.5,0.952775333477,0.175681677901,330,0.202060614236,0.127709236006,0.0593830437527,reflection_0_1
Lunar,Protected,raw_router,Middle,2,0.505,0.933243281883,0.172080174508,330,0.202060614236,0.127709236006,0.0593830437527,reflection_0_1
Lunar,Protected,raw_router,Middle,2,0.51,0.911260843337,0.168026845719,330,0.202060614236,0.127709236006,0.0593830437527,reflection_0_1
Lunar,Protected,raw_router,Middle,2,0.515,0.887051903777,0.163562973731,330,0.202060614236,0.127709236006,0.0593830437527,reflection_0_1
Lunar,Protected,raw_router,Middle,2,0.52,0.860882660373,0.158737642481,330,0.202060614236,0.127709236006,0.0593830437527,reflection_0_1
Lunar,Protected,raw_router,Middle,2,0.525,0.833053568134,0.153606252691,330,0.202060614236,0.127709236006,0.0593830437527,reflection_0_1
Lunar,Protected,raw_router,Middle,2,0.53,0.803890296588,0.14822885437,330,0.202060614236,0.127709236006,0.0593830437527,reflection_0_1
Lunar,Protected,raw_router,Middle,2,0.535,0.773734088749,0.142668369116,330,0.202060614236,0.127709236006,0.0593830437527,reflection_0_1
Lunar,Protected,raw_router,Middle,2,0.54,0.74293193058,0.136988777464,330,0.202060614236,0.127709236006,0.0593830437527,reflection_0_1
Lunar,Protected,raw_router,Middle,2,0.545,0.711826933644,0.131253345552,330,0.202060614236,0.127709236006,0.0593830437527,reflection_0_1
Lunar,Protected,raw_router,Middle,2,0.55,0.680749307847,0.125522960587,330,0.202060614236,0.127709236006,0.0593830437527,reflection_0_1
Lunar,Protected,raw_router,Middle,2,0.555,0.650008257345,0.119854636542,330,0.202060614236,0.127709236006,0.0593830437527,reflection_0_1
Lunar,Protected,raw_router,Middle,2,0.56,0.619885074019,0.114300240658,330,0.202060614236,0.127709236006,0.0593830437527,reflection_0_1
Lunar,Protected,raw_router,Middle,2,0.565,0.590627633383,0.108905478555,330,0.202060614236,0.127709236006,0.0593830437527,reflection_0_1
Lunar,Protected,raw_router,Middle,2,0.57,0.562446421862,0.103709161699,330,0.202060614236,0.127709236006,0.0593830437527,reflection_0_1
Lunar,Protected,raw_router,Middle,2,0.575,0.535512146396,0.0987427666416,330,0.202060614236,0.127709236006,0.0593830437527,reflection_0_1
Lunar,Protected,raw_router,Middle,2,0.58,0.509954901789,0.0940302814867,330,0.202060614236,0.127709236006,0.0593830437527,reflection_0_1
Lunar,Protected,raw_router,Middle,2,0.585,0.485864801949,0.0895883222839,330,0.202060614236,0.127709236006,0.0593830437527,reflection_0_1
Lunar,Protected,raw_router,Middle,2,0.59,0.463293921388,0.0854264910217,330,0.202060614236,0.127709236006,0.0593830437527,reflection_0_1
Lunar,Protected,raw_router,Middle,2,0.595,0.442259345687,0.0815479381004,330,0.202060614236,0.127709236006,0.0593830437527,reflection_0_1
Lunar,Protected,raw_router,Middle,2,0.6,0.422747095535,0.0779500858827,330,0.202060614236,0.127709236006,0.0593830437527,reflection_0_1
Lunar,Protected,raw_router,Middle,2,0.605,0.404716669291,0.0746254662956,330,0.202060614236,0.127709236006,0.0593830437527,reflection_0_1
Lunar,Protected,raw_router,Middle,2,0.61,0.388105943656,0.0715626244606,330,0.202060614236,0.127709236006,0.0593830437527,reflection_0_1
Lunar,Protected,raw_router,Middle,2,0.615,0.37283618007,0.0687470418215,330,0.202060614236,0.127709236006,0.0593830437527,reflection_0_1
Lunar,Protected,raw_router,Middle,2,0.62,0.358816904456,0.0661620359168,330,0.202060614236,0.127709236006,0.0593830437527,reflection_0_1
Lunar,Protected,raw_router,Middle,2,0.625,0.345950457861,0.0637895994705,330,0.202060614236,0.127709236006,0.0593830437527,reflection_0_1
Lunar,Protected,raw_router,Middle,2,0.63,0.334136053081,0.0616111483895,330,0.202060614236,0.127709236006,0.0593830437527,reflection_0_1
Lunar,Protected,raw_router,Middle,2,0.635,0.323273214945,0.0596081561168,330,0.202060614236,0.127709236006,0.0593830437527,reflection_0_1
Lunar,Protected,raw_router,Middle,2,0.64,0.313264527051,0.0577626601001,330,0.202060614236,0.127709236006,0.0593830437527,reflection_0_1
Lunar,Protected,raw_router,Middle,2,0.645,0.304017652784,0.0560576344455,330,0.202060614236,0.127709236006,0.0593830437527,reflection_0_1
Lunar,Protected,raw_router,Middle,2,0.65,0.295446641182,0.0544772307065,330,0.202060614236,0.127709236006,0.0593830437527,reflection_0_1
Lunar,Protected,raw_router,Middle,2,0.655,0.287472566556,0.0530068958217,330,0.202060614236,0.127709236006,0.0593830437527,reflection_0_1
Lunar,Protected,raw_router,Middle,2,0.66,0.280023583034,0.051633382174,330,0.202060614236,0.127709236006,0.0593830437527,reflection_0_1
Lunar,Protected,raw_router,Middle,2,0.665,0.273034500152,0.050344669332,330,0.202060614236,0.127709236006,0.0593830437527,reflection_0_1
Lunar,Protected,raw_router,Middle,2,0.67,0.266446002329,0.0491298201314,330,0.202060614236,0.127709236006,0.0593830437527,reflection_0_1
Lunar,Protected,raw_router,Middle,2,0.675,0.260203643327,0.0479787952622,330,0.202060614236,0.127709236006,0.0593830437527,reflection_0_1
Lunar,Protected,raw_router,Middle,2,0.68,0.254256746466,0.0468822504817,330,0.202060614236,0.127709236006,0.0593830437527,reflection_0_1
Lunar,Protected,raw_router,Middle,2,0.685,0.24855733324,0.0458313390618,330,0.202060614236,0.127709236006,0.0593830437527,reflection_0_1
Lunar,Protected,raw_router,Middle,2,0.69,0.243059187732,0.0448175392768,330,0.202060614236,0.127709236006,0.0593830437527,reflection_0_1
Lunar,Protected,raw_router,Middle,2,0.695,0.237717143304,0.0438325228774,330,0.202060614236,0.127709236006,0.0593830437527,reflection_0_1
Lunar,Protected,raw_router,Middle,2,0.7,0.232486652958,0.0428680758688,330,0.202060614236,0.127709236006,0.0593830437527,reflection_0_1
Lunar,Protected,raw_router,Middle,2,0.705,0.22732367717,0.0419160778294,330,0.202060614236,0.127709236006,0.0593830437527,reflection_0_1
Lunar,Protected,raw_router,Middle,2,0.71,0.22218489489,0.0409685408167,330,0.202060614236,0.127709236006,0.0593830437527,reflection_0_1
Lunar,Protected,raw_router,Middle,2,0.715,0.217028216405,0.0400177039333,330,0.202060614236,0.127709236006,0.0593830437527,reflection_0_1
Lunar,Protected,raw_router,Middle,2,0.72,0.211813552695,0.0390561751886,330,0.202060614236,0.127709236006,0.0593830437527,reflection_0_1
Lunar,Protected,raw_router,Middle,2,0.725,0.206503776168,0.0380771086483,330,0.202060614236,0.127709236006,0.0593830437527,reflection_0_1
Lunar,Protected,raw_router,Middle,2,0.73,0.201065793396,0.0370744022344,330,0.202060614236,0.127709236006,0.0593830437527,reflection_0_1
Lunar,Protected,raw_router,Middle,2,0.735,0.195471642416,0.0360429000574,330,0.202060614236,0.127709236006,0.0593830437527,reflection_0_1
Lunar,Protected,raw_router,Middle,2,0.74,0.189699525722,0.0349785828882,330,0.202060614236,0.127709236006,0.0593830437527,reflection_0_1
Lunar,Protected,raw_router,Middle,2,0.745,0.183734694976,0.0338787312895,330,0.202060614236,0.127709236006,0.0593830437527,reflection_0_1
Lunar,Protected,raw_router,Middle,2,0.75,0.177570114314,0.0327420479222,330,0.202060614236,0.127709236006,0.0593830437527,reflection_0_1
Lunar,Protected,raw_router,Middle,2,0.755,0.171206844853,0.0315687284453,330,0.202060614236,0.127709236006,0.0593830437527,reflection_0_1
Lunar,Protected,raw_router,Middle,2,0.76,0.16465411242,0.0303604740037,330,0.202060614236,0.127709236006,0.0593830437527,reflection_0_1
Lunar,Protected,raw_router,Middle,2,0.765,0.157929042103,0.0291204422818,330,0.202060614236,0.127709236006,0.0593830437527,reflection_0_1
Lunar,Protected,raw_router,Middle,2,0.77,0.151056065399,0.0278531381892,330,0.202060614236,0.127709236006,0.0593830437527,reflection_0_1
Lunar,Protected,raw_router,Middle,2,0.775,0.144066026944,0.0265642491496,330,0.202060614236,0.127709236006,0.0593830437527,reflection_0_1
Lunar,Protected,raw_router,Middle,2,0.78,0.136995036524,0.0252604334255,330,0.202060614236,0.127709236006,0.0593830437527,reflection_0_1
Lunar,Protected,raw_router,Middle,2,0.785,0.129883127177,0.0239490726845,330,0.202060614236,0.127709236006,0.0593830437527,reflection_0_1
Lunar,Protected,raw_router,Middle,2,0.79,0.122772790639,0.0226380019531,330,0.202060614236,0.127709236006,0.0593830437527,reflection_0_1
Lunar,Protected,raw_router,Middle,2,0.795,0.115707466798,0.0213352310861,330,0.202060614236,0.127709236006,0.0593830437527,reflection_0_1
Lunar,Protected,raw_router,Middle,2,0.8,0.108730063847,0.0200486718997,330,0.202060614236,0.127709236006,0.0593830437527,reflection_0_1
Lunar,Protected,raw_router,Middle,2,0.805,0.101881580917,0.0187858841995,330,0.202060614236,0.127709236006,0.0593830437527,reflection_0_1
Lunar,Protected,raw_router,Middle,2,0.81,0.0951998955761,0.0175538522075,330,0.202060614236,0.127709236006,0.0593830437527,reflection_0_1
Lunar,Protected,raw_router,Middle,2,0.815,0.0887187656487,0.0163588005093,330,0.202060614236,0.127709236006,0.0593830437527,reflection_0_1
Lunar,Protected,raw_router,Middle,2,0.82,0.0824670794975,0.0152060558126,330,0.202060614236,0.127709236006,0.0593830437527,reflection_0_1
Lunar,Protected,raw_router,Middle,2,0.825,0.0764683723146,0.0140999577577,330,0.202060614236,0.127709236006,0.0593830437527,reflection_0_1
Lunar,Protected,raw_router,Middle,2,0.83,0.0707406094533,0.0130438189654,330,0.202060614236,0.127709236006,0.0593830437527,reflection_0_1
Lunar,Protected,raw_router,Middle,2,0.835,0.0652962224483,0.0120399316788,330,0.202060614236,0.127709236006,0.0593830437527,reflection_0_1
Lunar,Protected,raw_router,Middle,2,0.84,0.0601423701459,0.0110896159136,330,0.202060614236,0.127709236006,0.0593830437527,reflection_0_1
Lunar,Protected,raw_router,Middle,2,0.845,0.0552813870341,0.0101933021245,330,0.202060614236,0.127709236006,0.0593830437527,reflection_0_1
Lunar,Protected,raw_router,Middle,2,0.85,0.0507113739017,0.00935064011704,330,0.202060614236,0.127709236006,0.0593830437527,reflection_0_1
Lunar,Protected,raw_router,Middle,2,0.855,0.0464268825498,0.00856062530116,330,0.202060614236,0.127709236006,0.0593830437527,reflection_0_1
Lunar,Protected,raw_router,Middle,2,0.86,0.042419646336,0.00782173339552,330,0.202060614236,0.127709236006,0.0593830437527,reflection_0_1
Lunar,Protected,raw_router,Middle,2,0.865,0.038679311508,0.00713205527792,330,0.202060614236,0.127709236006,0.0593830437527,reflection_0_1
Lunar,Protected,raw_router,Middle,2,0.87,0.0351941300365,0.00648942473619,330,0.202060614236,0.127709236006,0.0593830437527,reflection_0_1
Lunar,Protected,raw_router,Middle,2,0.875,0.0319515823036,0.00589153328542,330,0.202060614236,0.127709236006,0.0593830437527,reflection_0_1
Lunar,Protected,raw_router,Middle,2,0.88,0.0289389067983,0.00533602783817,330,0.202060614236,0.127709236006,0.0593830437527,reflection_0_1
Lunar,Protected,raw_router,Middle,2,0.885,0.0261435231546,0.00482058870825,330,0.202060614236,0.127709236006,0.0593830437527,reflection_0_1
Lunar,Protected,raw_router,Middle,2,0.89,0.0235533437443,0.00434298706505,330,0.202060614236,0.127709236006,0.0593830437527,reflection_0_1
Lunar,Protected,raw_router,Middle,2,0.895,0.021156977014,0.00390112242682,330,0.202060614236,0.127709236006,0.0593830437527,reflection_0_1
Lunar,Protected,raw_router,Middle,2,0.9,0.0189438323825,0.00349304200257,330,0.202060614236,0.127709236006,0.0593830437527,reflection_0_1
Lunar,Protected,raw_router,Middle,2,0.905,0.0169041414974,0.0031169446116,330,0.202060614236,0.127709236006,0.0593830437527,reflection_0_1
Lunar,Protected,raw_router,Middle,2,0.91,0.0150289138599,0.0027711725012,330,0.202060614236,0.127709236006,0.0593830437527,reflection_0_1
Lunar,Protected,raw_router,Middle,2,0.915,0.0133098462873,0.0024541946524,330,0.202060614236,0.127709236006,0.0593830437527,reflection_0_1
Lunar,Protected,raw_router,Middle,2,0.92,0.0117392055449,0.00216458513869,330,0.202060614236,0.127709236006,0.0593830437527,reflection_0_1
Lunar,Protected,raw_router,Middle,2,0.925,0.0103097019971,0.00190099982847,330,0.202060614236,0.127709236006,0.0593830437527,reflection_0_1
Lunar,Protected,raw_router,Middle,2,0.93,0.00901436961114,0.00166215425911,330,0.202060614236,0.127709236006,0.0593830437527,reflection_0_1
Lunar,Protected,raw_router,Middle,2,0.935,0.00784646445176,0.00144680492037,330,0.202060614236,0.127709236006,0.0593830437527,reflection_0_1
Lunar,Protected,raw_router,Middle,2,0.94,0.00679939025964,0.00125373553192,330,0.202060614236,0.127709236006,0.0593830437527,reflection_0_1
Lunar,Protected,raw_router,Middle,2,0.945,0.00586665613531,0.00108174924067,330,0.202060614236,0.127709236006,0.0593830437527,reflection_0_1
Lunar,Protected,raw_router,Middle,2,0.95,0.00504186800255,0.000929667046703,330,0.202060614236,0.127709236006,0.0593830437527,reflection_0_1
Lunar,Protected,raw_router,Middle,2,0.955,0.00431875260473,0.000796332227946,330,0.202060614236,0.127709236006,0.0593830437527,reflection_0_1
Lunar,Protected,raw_router,Middle,2,0.96,0.00369121041996,0.000680620097185,330,0.202060614236,0.127709236006,0.0593830437527,reflection_0_1
Lunar,Protected,raw_router,Middle,2,0.965,0.0031533921284,0.000581452101806,330,0.202060614236,0.127709236006,0.0593830437527,reflection_0_1
Lunar,Protected,raw_router,Middle,2,0.97,0.00269979213348,0.000497813068129,330,0.202060614236,0.127709236006,0.0593830437527,reflection_0_1
Lunar,Protected,raw_router,Middle,2,0.975,0.00232535208503,0.000428770289969,330,0.202060614236,0.127709236006,0.0593830437527,reflection_0_1
Lunar,Protected,raw_router,Middle,2,0.98,0.00202556730229,0.000373493151917,330,0.202060614236,0.127709236006,0.0593830437527,reflection_0_1
Lunar,Protected,raw_router,Middle,2,0.985,0.00179658935677,0.000331272044528,330,0.202060614236,0.127709236006,0.0593830437527,reflection_0_1
Lunar,Protected,raw_router,Middle,2,0.99,0.00163531875115,0.000301535453335,330,0.202060614236,0.127709236006,0.0593830437527,reflection_0_1
Lunar,Protected,raw_router,Middle,2,0.995,0.00153948253065,0.000283864269552,330,0.202060614236,0.127709236006,0.0593830437527,reflection_0_1
Lunar,Protected,raw_router,Middle,2,1,0.00150769270969,0.000278002563344,330,0.202060614236,0.127709236006,0.0593830437527,reflection_0_1
Lunar,Protected,raw_router,Late,3,0,6.92536051849,1,330,0.170320072912,0.0540535709137,0.0605830342925,reflection_0_1
Lunar,Protected,raw_router,Late,3,0.005,6.90708873475,0.997361612628,330,0.170320072912,0.0540535709137,0.0605830342925,reflection_0_1
Lunar,Protected,raw_router,Late,3,0.01,6.85261639979,0.989495980967,330,0.170320072912,0.0540535709137,0.0605830342925,reflection_0_1
Lunar,Protected,raw_router,Late,3,0.015,6.76296149252,0.976550097928,330,0.170320072912,0.0540535709137,0.0605830342925,reflection_0_1
Lunar,Protected,raw_router,Late,3,0.02,6.6397842523,0.958763696789,330,0.170320072912,0.0540535709137,0.0605830342925,reflection_0_1
Lunar,Protected,raw_router,Late,3,0.025,6.48533433613,0.936461620852,330,0.170320072912,0.0540535709137,0.0605830342925,reflection_0_1
Lunar,Protected,raw_router,Late,3,0.03,6.30238022297,0.910043629663,330,0.170320072912,0.0540535709137,0.0605830342925,reflection_0_1
Lunar,Protected,raw_router,Late,3,0.035,6.09412400912,0.879972095727,330,0.170320072912,0.0540535709137,0.0605830342925,reflection_0_1
Lunar,Protected,raw_router,Late,3,0.04,5.86410531271,0.846758128628,330,0.170320072912,0.0540535709137,0.0605830342925,reflection_0_1
Lunar,Protected,raw_router,Late,3,0.045,5.61609836954,0.810946715994,330,0.170320072912,0.0540535709137,0.0605830342925,reflection_0_1
Lunar,Protected,raw_router,Late,3,0.05,5.35400654211,0.773101490935,330,0.170320072912,0.0540535709137,0.0605830342925,reflection_0_1
Lunar,Protected,raw_router,Late,3,0.055,5.08175838028,0.733789723541,330,0.170320072912,0.0540535709137,0.0605830342925,reflection_0_1
Lunar,Protected,raw_router,Late,3,0.06,4.80320908108,0.69356809198,330,0.170320072912,0.0540535709137,0.0605830342925,reflection_0_1
Lunar,Protected,raw_router,Late,3,0.065,4.52205072436,0.652969720824,330,0.170320072912,0.0540535709137,0.0605830342925,reflection_0_1
Lunar,Protected,raw_router,Late,3,0.07,4.24173404986,0.612492885899,330,0.170320072912,0.0540535709137,0.0605830342925,reflection_0_1
Lunar,Protected,raw_router,Late,3,0.075,3.9654038323,0.572591682658,330,0.170320072912,0.0540535709137,0.0605830342925,reflection_0_1
Lunar,Protected,raw_router,Late,3,0.08,3.69584915437,0.533668845759,330,0.170320072912,0.0540535709137,0.0605830342925,reflection_0_1
Lunar,Protected,raw_router,Late,3,0.085,3.43546911781,0.49607079785,330,0.170320072912,0.0540535709137,0.0605830342925,reflection_0_1
Lunar,Protected,raw_router,Late,3,0.09,3.18625381492,0.460084901921,330,0.170320072912,0.0540535709137,0.0605830342925,reflection_0_1
Lunar,Protected,raw_router,Late,3,0.095,2.94977974242,0.425938799076,330,0.170320072912,0.0540535709137,0.0605830342925,reflection_0_1
Lunar,Protected,raw_router,Late,3,0.1,2.7272183047,0.39380163638,330,0.170320072912,0.0540535709137,0.0605830342925,reflection_0_1
Lunar,Protected,raw_router,Late,3,0.105,2.51935564336,0.363786930173,330,0.170320072912,0.0540535709137,0.0605830342925,reflection_0_1
Lunar,Protected,raw_router,Late,3,0.11,2.32662175174,0.335956770125,330,0.170320072912,0.0540535709137,0.0605830342925,reflection_0_1
Lunar,Protected,raw_router,Late,3,0.115,2.14912668813,0.310327048302,330,0.170320072912,0.0540535709137,0.0605830342925,reflection_0_1
Lunar,Protected,raw_router,Late,3,0.12,1.98670167879,0.286873394314,330,0.170320072912,0.0540535709137,0.0605830342925,reflection_0_1
Lunar,Protected,raw_router,Late,3,0.125,1.83894298838,0.265537510065,330,0.170320072912,0.0540535709137,0.0605830342925,reflection_0_1
Lunar,Protected,raw_router,Late,3,0.13,1.70525660991,0.246233622836,330,0.170320072912,0.0540535709137,0.0605830342925,reflection_0_1
Lunar,Protected,raw_router,Late,3,0.135,1.58490206759,0.228854810281,330,0.170320072912,0.0540535709137,0.0605830342925,reflection_0_1
Lunar,Protected,raw_router,Late,3,0.14,1.47703391063,0.213278992001,330,0.170320072912,0.0540535709137,0.0605830342925,reflection_0_1
Lunar,Protected,raw_router,Late,3,0.145,1.38073978261,0.199374426635,330,0.170320072912,0.0540535709137,0.0605830342925,reflection_0_1
Lunar,Protected,raw_router,Late,3,0.15,1.29507425982,0.187004598008,330,0.170320072912,0.0540535709137,0.0605830342925,reflection_0_1
Lunar,Protected,raw_router,Late,3,0.155,1.219087947,0.176032416471,330,0.170320072912,0.0540535709137,0.0605830342925,reflection_0_1
Lunar,Protected,raw_router,Late,3,0.16,1.15185158754,0.166323700328,330,0.170320072912,0.0540535709137,0.0605830342925,reflection_0_1
Lunar,Protected,raw_router,Late,3,0.165,1.09247517876,0.157749936028,330,0.170320072912,0.0540535709137,0.0605830342925,reflection_0_1
Lunar,Protected,raw_router,Late,3,0.17,1.04012227662,0.150190343715,330,0.170320072912,0.0540535709137,0.0605830342925,reflection_0_1
Lunar,Protected,raw_router,Late,3,0.175,0.994019826038,0.143533296698,330,0.170320072912,0.0540535709137,0.0605830342925,reflection_0_1
Lunar,Protected,raw_router,Late,3,0.18,0.953463964583,0.137677159483,330,0.170320072912,0.0540535709137,0.0605830342925,reflection_0_1
Lunar,Protected,raw_router,Late,3,0.185,0.917822320513,0.132530619606,330,0.170320072912,0.0540535709137,0.0605830342925,reflection_0_1
Lunar,Protected,raw_router,Late,3,0.19,0.886533366448,0.128012594302,330,0.170320072912,0.0540535709137,0.0605830342925,reflection_0_1
Lunar,Protected,raw_router,Late,3,0.195,0.859103401491,0.124051794733,330,0.170320072912,0.0540535709137,0.0605830342925,reflection_0_1
Lunar,Protected,raw_router,Late,3,0.2,0.835101723165,0.120586028834,330,0.170320072912,0.0540535709137,0.0605830342925,reflection_0_1
Lunar,Protected,raw_router,Late,3,0.205,0.814154520942,0.117561319554,330,0.170320072912,0.0540535709137,0.0605830342925,reflection_0_1
Lunar,Protected,raw_router,Late,3,0.21,0.795937980216,0.114930909097,330,0.170320072912,0.0540535709137,0.0605830342925,reflection_0_1
Lunar,Protected,raw_router,Late,3,0.215,0.780171033342,0.11265421219,330,0.170320072912,0.0540535709137,0.0605830342925,reflection_0_1
Lunar,Protected,raw_router,Late,3,0.22,0.766608136207,0.110695773045,330,0.170320072912,0.0540535709137,0.0605830342925,reflection_0_1
Lunar,Protected,raw_router,Late,3,0.225,0.755032387611,0.109024271819,330,0.170320072912,0.0540535709137,0.0605830342925,reflection_0_1
Lunar,Protected,raw_router,Late,3,0.23,0.745249246597,0.107611617418,330,0.170320072912,0.0540535709137,0.0605830342925,reflection_0_1
Lunar,Protected,raw_router,Late,3,0.235,0.737081041619,0.106432154637,330,0.170320072912,0.0540535709137,0.0605830342925,reflection_0_1
Lunar,Protected,raw_router,Late,3,0.24,0.730362406295,0.105462005096,330,0.170320072912,0.0540535709137,0.0605830342925,reflection_0_1
Lunar,Protected,raw_router,Late,3,0.245,0.72493672064,0.10467855337,330,0.170320072912,0.0540535709137,0.0605830342925,reflection_0_1
Lunar,Protected,raw_router,Late,3,0.25,0.720653584815,0.104060082199,330,0.170320072912,0.0540535709137,0.0605830342925,reflection_0_1
Lunar,Protected,raw_router,Late,3,0.255,0.717367305387,0.103585553918,330,0.170320072912,0.0540535709137,0.0605830342925,reflection_0_1
Lunar,Protected,raw_router,Late,3,0.26,0.714936332375,0.103234529158,330,0.170320072912,0.0540535709137,0.0605830342925,reflection_0_1
Lunar,Protected,raw_router,Late,3,0.265,0.713223549482,0.102987208764,330,0.170320072912,0.0540535709137,0.0605830342925,reflection_0_1
Lunar,Protected,raw_router,Late,3,0.27,0.712097290298,0.102824580525,330,0.170320072912,0.0540535709137,0.0605830342925,reflection_0_1
Lunar,Protected,raw_router,Late,3,0.275,0.711432930251,0.10272864905,330,0.170320072912,0.0540535709137,0.0605830342925,reflection_0_1
Lunar,Protected,raw_router,Late,3,0.28,0.711114887831,0.102682724738,330,0.170320072912,0.0540535709137,0.0605830342925,reflection_0_1
Lunar,Protected,raw_router,Late,3,0.285,0.711038859294,0.102671746459,330,0.170320072912,0.0540535709137,0.0605830342925,reflection_0_1
Lunar,Protected,raw_router,Late,3,0.29,0.711114108578,0.102682612216,330,0.170320072912,0.0540535709137,0.0605830342925,reflection_0_1
Lunar,Protected,raw_router,Late,3,0.295,0.711265638354,0.102704492633,330,0.170320072912,0.0540535709137,0.0605830342925,reflection_0_1
Lunar,Protected,raw_router,Late,3,0.3,0.711436078706,0.102729103677,330,0.170320072912,0.0540535709137,0.0605830342925,reflection_0_1
Lunar,Protected,raw_router,Late,3,0.305,0.711587146329,0.102750917361,330,0.170320072912,0.0540535709137,0.0605830342925,reflection_0_1
Lunar,Protected,raw_router,Late,3,0.31,0.711700548823,0.10276729232,330,0.170320072912,0.0540535709137,0.0605830342925,reflection_0_1
Lunar,Protected,raw_router,Late,3,0.315,0.711778234799,0.102778509927,330,0.170320072912,0.0540535709137,0.0605830342925,reflection_0_1
Lunar,Protected,raw_router,Late,3,0.32,0.711841920292,0.10278770591,330,0.170320072912,0.0540535709137,0.0605830342925,reflection_0_1
Lunar,Protected,raw_router,Late,3,0.325,0.711931854399,0.102800692108,330,0.170320072912,0.0540535709137,0.0605830342925,reflection_0_1
Lunar,Protected,raw_router,Late,3,0.33,0.712104821034,0.102825667939,330,0.170320072912,0.0540535709137,0.0605830342925,reflection_0_1
Lunar,Protected,raw_router,Late,3,0.335,0.712431408136,0.102872826077,330,0.170320072912,0.0540535709137,0.0605830342925,reflection_0_1
Lunar,Protected,raw_router,Late,3,0.34,0.712992609375,0.102953861748,330,0.170320072912,0.0540535709137,0.0605830342925,reflection_0_1
Lunar,Protected,raw_router,Late,3,0.345,0.713875855219,0.103081399634,330,0.170320072912,0.0540535709137,0.0605830342925,reflection_0_1
Lunar,Protected,raw_router,Late,3,0.35,0.715170598941,0.103268356504,330,0.170320072912,0.0540535709137,0.0605830342925,reflection_0_1
Lunar,Protected,raw_router,Late,3,0.355,0.716963607653,0.103527261251,330,0.170320072912,0.0540535709137,0.0605830342925,reflection_0_1
Lunar,Protected,raw_router,Late,3,0.36,0.719334127754,0.103869556803,330,0.170320072912,0.0540535709137,0.0605830342925,reflection_0_1
Lunar,Protected,raw_router,Late,3,0.365,0.722349107197,0.104304910231,330,0.170320072912,0.0540535709137,0.0605830342925,reflection_0_1
Lunar,Protected,raw_router,Late,3,0.37,0.726058663176,0.104840558298,330,0.170320072912,0.0540535709137,0.0605830342925,reflection_0_1
Lunar,Protected,raw_router,Late,3,0.375,0.730491982455,0.105480715481,330,0.170320072912,0.0540535709137,0.0605830342925,reflection_0_1
Lunar,Protected,raw_router,Late,3,0.38,0.735653832441,0.106226070177,330,0.170320072912,0.0540535709137,0.0605830342925,reflection_0_1
Lunar,Protected,raw_router,Late,3,0.385,0.74152184421,0.107073392386,330,0.170320072912,0.0540535709137,0.0605830342925,reflection_0_1
Lunar,Protected,raw_router,Late,3,0.39,0.748044704356,0.108015272614,330,0.170320072912,0.0540535709137,0.0605830342925,reflection_0_1
Lunar,Protected,raw_router,Late,3,0.395,0.755141361399,0.109040007287,330,0.170320072912,0.0540535709137,0.0605830342925,reflection_0_1
Lunar,Protected,raw_router,Late,3,0.4,0.762701315675,0.110131640604,330,0.170320072912,0.0540535709137,0.0605830342925,reflection_0_1
Lunar,Protected,raw_router,Late,3,0.405,0.770586020338,0.111270166843,330,0.170320072912,0.0540535709137,0.0605830342925,reflection_0_1
Lunar,Protected,raw_router,Late,3,0.41,0.778631377141,0.112431890739,330,0.170320072912,0.0540535709137,0.0605830342925,reflection_0_1
Lunar,Protected,raw_router,Late,3,0.415,0.78665126581,0.113589937117,330,0.170320072912,0.0540535709137,0.0605830342925,reflection_0_1
Lunar,Protected,raw_router,Late,3,0.42,0.794442002081,0.11471489462,330,0.170320072912,0.0540535709137,0.0605830342925,reflection_0_1
Lunar,Protected,raw_router,Late,3,0.425,0.801787579065,0.115775572539,330,0.170320072912,0.0540535709137,0.0605830342925,reflection_0_1
Lunar,Protected,raw_router,Late,3,0.43,0.808465511367,0.116739844692,330,0.170320072912,0.0540535709137,0.0605830342925,reflection_0_1
Lunar,Protected,raw_router,Late,3,0.435,0.81425307329,0.117575550199,330,0.170320072912,0.0540535709137,0.0605830342925,reflection_0_1
Lunar,Protected,raw_router,Late,3,0.44,0.818933703036,0.118251418226,330,0.170320072912,0.0540535709137,0.0605830342925,reflection_0_1
Lunar,Protected,raw_router,Late,3,0.445,0.822303335177,0.118737982374,330,0.170320072912,0.0540535709137,0.0605830342925,reflection_0_1
Lunar,Protected,raw_router,Late,3,0.45,0.824176424579,0.119008450517,330,0.170320072912,0.0540535709137,0.0605830342925,reflection_0_1
Lunar,Protected,raw_router,Late,3,0.455,0.824391436513,0.119039497556,330,0.170320072912,0.0540535709137,0.0605830342925,reflection_0_1
Lunar,Protected,raw_router,Late,3,0.46,0.822815599435,0.118811951701,330,0.170320072912,0.0540535709137,0.0605830342925,reflection_0_1
Lunar,Protected,raw_router,Late,3,0.465,0.81934874804,0.118311349402,330,0.170320072912,0.0540535709137,0.0605830342925,reflection_0_1
Lunar,Protected,raw_router,Late,3,0.47,0.813926122958,0.117528339613,330,0.170320072912,0.0540535709137,0.0605830342925,reflection_0_1
Lunar,Protected,raw_router,Late,3,0.475,0.806520038185,0.116458924562,330,0.170320072912,0.0540535709137,0.0605830342925,reflection_0_1
Lunar,Protected,raw_router,Late,3,0.48,0.797140375625,0.115104531164,330,0.170320072912,0.0540535709137,0.0605830342925,reflection_0_1
Lunar,Protected,raw_router,Late,3,0.485,0.785833915538,0.113471914341,330,0.170320072912,0.0540535709137,0.0605830342925,reflection_0_1
Lunar,Protected,raw_router,Late,3,0.49,0.772682559747,0.111572900455,330,0.170320072912,0.0540535709137,0.0605830342925,reflection_0_1
Lunar,Protected,raw_router,Late,3,0.495,0.75780054873,0.109423985467,330,0.170320072912,0.0540535709137,0.0605830342925,reflection_0_1
Lunar,Protected,raw_router,Late,3,0.5,0.74133081197,0.107045807939,330,0.170320072912,0.0540535709137,0.0605830342925,reflection_0_1
Lunar,Protected,raw_router,Late,3,0.505,0.723440621429,0.104462521409,330,0.170320072912,0.0540535709137,0.0605830342925,reflection_0_1
Lunar,Protected,raw_router,Late,3,0.51,0.704316739261,0.101701093738,330,0.170320072912,0.0540535709137,0.0605830342925,reflection_0_1
Lunar,Protected,raw_router,Late,3,0.515,0.684160262186,0.0987905626515,330,0.170320072912,0.0540535709137,0.0605830342925,reflection_0_1
Lunar,Protected,raw_router,Late,3,0.52,0.663181365978,0.0957612768616,330,0.170320072912,0.0540535709137,0.0605830342925,reflection_0_1
Lunar,Protected,raw_router,Late,3,0.525,0.641594144706,0.0926441508703,330,0.170320072912,0.0540535709137,0.0605830342925,reflection_0_1
Lunar,Protected,raw_router,Late,3,0.53,0.619611721541,0.0894699589843,330,0.170320072912,0.0540535709137,0.0605830342925,reflection_0_1
Lunar,Protected,raw_router,Late,3,0.535,0.59744178251,0.0862686904047,330,0.170320072912,0.0540535709137,0.0605830342925,reflection_0_1
Lunar,Protected,raw_router,Late,3,0.54,0.575282653384,0.0830689827408,330,0.170320072912,0.0540535709137,0.0605830342925,reflection_0_1
Lunar,Protected,raw_router,Late,3,0.545,0.553320004803,0.0798976462418,330,0.170320072912,0.0540535709137,0.0605830342925,reflection_0_1
Lunar,Protected,raw_router,Late,3,0.55,0.53172423418,0.0767792857514,330,0.170320072912,0.0540535709137,0.0605830342925,reflection_0_1
Lunar,Protected,raw_router,Late,3,0.555,0.51064853685,0.0737360221878,330,0.170320072912,0.0540535709137,0.0605830342925,reflection_0_1
Lunar,Protected,raw_router,Late,3,0.56,0.490227645494,0.0707873105212,330,0.170320072912,0.0540535709137,0.0605830342925,reflection_0_1
Lunar,Protected,raw_router,Late,3,0.565,0.470577187868,0.0679498470312,330,0.170320072912,0.0540535709137,0.0605830342925,reflection_0_1
Lunar,Protected,raw_router,Late,3,0.57,0.45179358959,0.0652375552701,330,0.170320072912,0.0540535709137,0.0605830342925,reflection_0_1
Lunar,Protected,raw_router,Late,3,0.575,0.433954432332,0.0626616377839,330,0.170320072912,0.0540535709137,0.0605830342925,reflection_0_1
Lunar,Protected,raw_router,Late,3,0.58,0.417119168543,0.060230679317,330,0.170320072912,0.0540535709137,0.0605830342925,reflection_0_1
Lunar,Protected,raw_router,Late,3,0.585,0.401330091919,0.0579507869442,330,0.170320072912,0.0540535709137,0.0605830342925,reflection_0_1
Lunar,Protected,raw_router,Late,3,0.59,0.386613467639,0.055825753274,330,0.170320072912,0.0540535709137,0.0605830342925,reflection_0_1
Lunar,Protected,raw_router,Late,3,0.595,0.372980737064,0.0538572304024,330,0.170320072912,0.0540535709137,0.0605830342925,reflection_0_1
Lunar,Protected,raw_router,Late,3,0.6,0.360429726803,0.0520449044986,330,0.170320072912,0.0540535709137,0.0605830342925,reflection_0_1
Lunar,Protected,raw_router,Late,3,0.605,0.348945810378,0.0503866635458,330,0.170320072912,0.0540535709137,0.0605830342925,reflection_0_1
Lunar,Protected,raw_router,Late,3,0.61,0.338502990442,0.0488787536098,330,0.170320072912,0.0540535709137,0.0605830342925,reflection_0_1
Lunar,Protected,raw_router,Late,3,0.615,0.329064889041,0.04751592183,330,0.170320072912,0.0540535709137,0.0605830342925,reflection_0_1
Lunar,Protected,raw_router,Late,3,0.62,0.320585651225,0.0462915468977,330,0.170320072912,0.0540535709137,0.0605830342925,reflection_0_1
Lunar,Protected,raw_router,Late,3,0.625,0.313010782079,0.0451977599207,330,0.170320072912,0.0540535709137,0.0605830342925,reflection_0_1
Lunar,Protected,raw_router,Late,3,0.63,0.306277948031,0.0442255601298,330,0.170320072912,0.0540535709137,0.0605830342925,reflection_0_1
Lunar,Protected,raw_router,Late,3,0.635,0.300317779383,0.0433649307616,330,0.170320072912,0.0540535709137,0.0605830342925,reflection_0_1
Lunar,Protected,raw_router,Late,3,0.64,0.295054712285,0.0426049606367,330,0.170320072912,0.0540535709137,0.0605830342925,reflection_0_1
Lunar,Protected,raw_router,Late,3,0.645,0.290407904927,0.0419339764554,330,0.170320072912,0.0540535709137,0.0605830342925,reflection_0_1
Lunar,Protected,raw_router,Late,3,0.65,0.286292255171,0.0413396897399,330,0.170320072912,0.0540535709137,0.0605830342925,reflection_0_1
Lunar,Protected,raw_router,Late,3,0.655,0.282619536014,0.0408093607921,330,0.170320072912,0.0540535709137,0.0605830342925,reflection_0_1
Lunar,Protected,raw_router,Late,3,0.66,0.279299652292,0.0403299801572,330,0.170320072912,0.0540535709137,0.0605830342925,reflection_0_1
Lunar,Protected,raw_router,Late,3,0.665,0.276242008087,0.0398884660732,330,0.170320072912,0.0540535709137,0.0605830342925,reflection_0_1
Lunar,Protected,raw_router,Late,3,0.67,0.273356960722,0.0394718744234,330,0.170320072912,0.0540535709137,0.0605830342925,reflection_0_1
Lunar,Protected,raw_router,Late,3,0.675,0.270557325122,0.0390676159601,330,0.170320072912,0.0540535709137,0.0605830342925,reflection_0_1
Lunar,Protected,raw_router,Late,3,0.68,0.267759882743,0.0386636741912,330,0.170320072912,0.0540535709137,0.0605830342925,reflection_0_1
Lunar,Protected,raw_router,Late,3,0.685,0.264886843068,0.0382488164134,330,0.170320072912,0.0540535709137,0.0605830342925,reflection_0_1
Lunar,Protected,raw_router,Late,3,0.69,0.26186720312,0.0378127900231,330,0.170320072912,0.0540535709137,0.0605830342925,reflection_0_1
Lunar,Protected,raw_router,Late,3,0.695,0.258637951981,0.0373464964445,330,0.170320072912,0.0540535709137,0.0605830342925,reflection_0_1
Lunar,Protected,raw_router,Late,3,0.7,0.255145072488,0.0368421357714,330,0.170320072912,0.0540535709137,0.0605830342925,reflection_0_1
Lunar,Protected,raw_router,Late,3,0.705,0.251344300853,0.0362933164536,330,0.170320072912,0.0540535709137,0.0605830342925,reflection_0_1
Lunar,Protected,raw_router,Late,3,0.71,0.24720161606,0.0356951259649,330,0.170320072912,0.0540535709137,0.0605830342925,reflection_0_1
Lunar,Protected,raw_router,Late,3,0.715,0.242693443803,0.0350441602506,330,0.170320072912,0.0540535709137,0.0605830342925,reflection_0_1
Lunar,Protected,raw_router,Late,3,0.72,0.237806573315,0.0343385117179,330,0.170320072912,0.0540535709137,0.0605830342925,reflection_0_1
Lunar,Protected,raw_router,Late,3,0.725,0.232537798841,0.0335777174662,330,0.170320072912,0.0540535709137,0.0605830342925,reflection_0_1
Lunar,Protected,raw_router,Late,3,0.73,0.226893309809,0.032762671229,330,0.170320072912,0.0540535709137,0.0605830342925,reflection_0_1
Lunar,Protected,raw_router,Late,3,0.735,0.220887864066,0.0318955039923,330,0.170320072912,0.0540535709137,0.0605830342925,reflection_0_1
Lunar,Protected,raw_router,Late,3,0.74,0.214543786501,0.0309794393994,330,0.170320072912,0.0540535709137,0.0605830342925,reflection_0_1
Lunar,Protected,raw_router,Late,3,0.745,0.207889840433,0.0300186307814,330,0.170320072912,0.0540535709137,0.0605830342925,reflection_0_1
Lunar,Protected,raw_router,Late,3,0.75,0.200960021248,0.0290179869642,330,0.170320072912,0.0540535709137,0.0605830342925,reflection_0_1
Lunar,Protected,raw_router,Late,3,0.755,0.193792321148,0.0279829939005,330,0.170320072912,0.0540535709137,0.0605830342925,reflection_0_1
Lunar,Protected,raw_router,Late,3,0.76,0.186427510554,0.0269195387094,330,0.170320072912,0.0540535709137,0.0605830342925,reflection_0_1
Lunar,Protected,raw_router,Late,3,0.765,0.17890797648,0.0258337419405,330,0.170320072912,0.0540535709137,0.0605830342925,reflection_0_1
Lunar,Protected,raw_router,Late,3,0.77,0.17127665129,0.0247318028907,330,0.170320072912,0.0540535709137,0.0605830342925,reflection_0_1
Lunar,Protected,raw_router,Late,3,0.775,0.163576057516,0.0236198616778,330,0.170320072912,0.0540535709137,0.0605830342925,reflection_0_1
Lunar,Protected,raw_router,Late,3,0.78,0.155847486264,0.0225038806064,330,0.170320072912,0.0540535709137,0.0605830342925,reflection_0_1
Lunar,Protected,raw_router,Late,3,0.785,0.148130318825,0.0213895462091,330,0.170320072912,0.0540535709137,0.0605830342925,reflection_0_1
Lunar,Protected,raw_router,Late,3,0.79,0.140461493751,0.0202821922955,330,0.170320072912,0.0540535709137,0.0605830342925,reflection_0_1
Lunar,Protected,raw_router,Late,3,0.795,0.132875115365,0.0191867434209,330,0.170320072912,0.0540535709137,0.0605830342925,reflection_0_1
Lunar,Protected,raw_router,Late,3,0.8,0.125402194446,0.0181076774431,330,0.170320072912,0.0540535709137,0.0605830342925,reflection_0_1
Lunar,Protected,raw_router,Late,3,0.805,0.118070507966,0.0170490052685,330,0.170320072912,0.0540535709137,0.0605830342925,reflection_0_1
Lunar,Protected,raw_router,Late,3,0.81,0.110904562124,0.016014265514,330,0.170320072912,0.0540535709137,0.0605830342925,reflection_0_1
Lunar,Protected,raw_router,Late,3,0.815,0.103925641435,0.015006531596,330,0.170320072912,0.0540535709137,0.0605830342925,reflection_0_1
Lunar,Protected,raw_router,Late,3,0.82,0.0971519262777,0.0140284287032,330,0.170320072912,0.0540535709137,0.0605830342925,reflection_0_1
Lunar,Protected,raw_router,Late,3,0.825,0.090598661682,0.0130821581693,330,0.170320072912,0.0540535709137,0.0605830342925,reflection_0_1
Lunar,Protected,raw_router,Late,3,0.83,0.084278361275,0.0121695269221,330,0.170320072912,0.0540535709137,0.0605830342925,reflection_0_1
Lunar,Protected,raw_router,Late,3,0.835,0.0782010318746,0.0112919799144,330,0.170320072912,0.0540535709137,0.0605830342925,reflection_0_1
Lunar,Protected,raw_router,Late,3,0.84,0.0723744061084,0.0104506337129,330,0.170320072912,0.0540535709137,0.0605830342925,reflection_0_1
Lunar,Protected,raw_router,Late,3,0.845,0.0668041725133,0.00964630972423,330,0.170320072912,0.0540535709137,0.0605830342925,reflection_0_1
Lunar,Protected,raw_router,Late,3,0.85,0.0614941947031,0.00887956584194,330,0.170320072912,0.0540535709137,0.0605830342925,reflection_0_1
Lunar,Protected,raw_router,Late,3,0.855,0.0564467133191,0.00815072560748,330,0.170320072912,0.0540535709137,0.0605830342925,reflection_0_1
Lunar,Protected,raw_router,Late,3,0.86,0.0516625265157,0.00745990427181,330,0.170320072912,0.0540535709137,0.0605830342925,reflection_0_1
Lunar,Protected,raw_router,Late,3,0.865,0.0471411466531,0.00680703142129,330,0.170320072912,0.0540535709137,0.0605830342925,reflection_0_1
Lunar,Protected,raw_router,Late,3,0.87,0.0428809326186,0.00619187008446,330,0.170320072912,0.0540535709137,0.0605830342925,reflection_0_1
Lunar,Protected,raw_router,Late,3,0.875,0.0388791987518,0.00561403246056,330,0.170320072912,0.0540535709137,0.0605830342925,reflection_0_1
Lunar,Protected,raw_router,Late,3,0.88,0.0351323026716,0.00507299260129,330,0.170320072912,0.0540535709137,0.0605830342925,reflection_0_1
Lunar,Protected,raw_router,Late,3,0.885,0.0316357153635,0.00456809653144,330,0.170320072912,0.0540535709137,0.0605830342925,reflection_0_1
Lunar,Protected,raw_router,Late,3,0.89,0.0283840776712,0.00409857040588,330,0.170320072912,0.0540535709137,0.0605830342925,reflection_0_1
Lunar,Protected,raw_router,Late,3,0.895,0.0253712478089,0.00366352737033,330,0.170320072912,0.0540535709137,0.0605830342925,reflection_0_1
Lunar,Protected,raw_router,Late,3,0.9,0.022590344686,0.00326197381721,330,0.170320072912,0.0540535709137,0.0605830342925,reflection_0_1
Lunar,Protected,raw_router,Late,3,0.905,0.0200337917009,0.00289281570936,330,0.170320072912,0.0540535709137,0.0605830342925,reflection_0_1
Lunar,Protected,raw_router,Late,3,0.91,0.0176933652526,0.00255486558503,330,0.170320072912,0.0540535709137,0.0605830342925,reflection_0_1
Lunar,Protected,raw_router,Late,3,0.915,0.0155602515651,0.00224685076301,330,0.170320072912,0.0540535709137,0.0605830342925,reflection_0_1
Lunar,Protected,raw_router,Late,3,0.92,0.0136251145754,0.00196742314556,330,0.170320072912,0.0540535709137,0.0605830342925,reflection_0_1
Lunar,Protected,raw_router,Late,3,0.925,0.0118781766698,0.00171517087639,330,0.170320072912,0.0540535709137,0.0605830342925,reflection_0_1
Lunar,Protected,raw_router,Late,3,0.93,0.0103093130213,0.00148863196273,330,0.170320072912,0.0540535709137,0.0605830342925,reflection_0_1
Lunar,Protected,raw_router,Late,3,0.935,0.00890815926589,0.00128630982345,330,0.170320072912,0.0540535709137,0.0605830342925,reflection_0_1
Lunar,Protected,raw_router,Late,3,0.94,0.00766423131379,0.00110669058937,330,0.170320072912,0.0540535709137,0.0605830342925,reflection_0_1
Lunar,Protected,raw_router,Late,3,0.945,0.00656705527737,0.000948261864467,330,0.170320072912,0.0540535709137,0.0605830342925,reflection_0_1
Lunar,Protected,raw_router,Late,3,0.95,0.00560630485722,0.000809532564009,330,0.170320072912,0.0540535709137,0.0605830342925,reflection_0_1
Lunar,Protected,raw_router,Late,3,0.955,0.00477194307696,0.000689053380574,330,0.170320072912,0.0540535709137,0.0605830342925,reflection_0_1
Lunar,Protected,raw_router,Late,3,0.96,0.00405436500808,0.000585437393079,330,0.170320072912,0.0540535709137,0.0605830342925,reflection_0_1
Lunar,Protected,raw_router,Late,3,0.965,0.00344453806645,0.000497380325148,330,0.170320072912,0.0540535709137,0.0605830342925,reflection_0_1
Lunar,Protected,raw_router,Late,3,0.97,0.00293413656919,0.00042367997469,330,0.170320072912,0.0540535709137,0.0605830342925,reflection_0_1
Lunar,Protected,raw_router,Late,3,0.975,0.00251566748145,0.000363254371341,330,0.170320072912,0.0540535709137,0.0605830342925,reflection_0_1
Lunar,Protected,raw_router,Late,3,0.98,0.00218258462011,0.000315158267108,330,0.170320072912,0.0540535709137,0.0605830342925,reflection_0_1
Lunar,Protected,raw_router,Late,3,0.985,0.00192938897531,0.000278597622486,330,0.170320072912,0.0540535709137,0.0605830342925,reflection_0_1
Lunar,Protected,raw_router,Late,3,0.99,0.00175171322795,0.000252941810506,330,0.170320072912,0.0540535709137,0.0605830342925,reflection_0_1
Lunar,Protected,raw_router,Late,3,0.995,0.00164638895217,0.000237733320566,330,0.170320072912,0.0540535709137,0.0605830342925,reflection_0_1
Lunar,Protected,raw_router,Late,3,1,0.00161149537908,0.000232694799754,330,0.170320072912,0.0540535709137,0.0605830342925,reflection_0_1
